{"qa_values": {"(2, 3, 2, 2)": [1.0331881766136675, 1.0616513722131489, 1.0804371153960841, 1.009956064506112, 1.018833100726809, 0.7095035973439855, 0.873414048995236, 0.9775796256685261, 1.1194606050142446, 1.01338208303575, 1.0413210245670754], "(2, 3, 3, 3)": [1.1707242596649816, 0.9353099334114036, 1.0676965343036047, 0.9462474639603706, 0.6827796329478288, 1.2372060843699282, 1.1386539764555608, 0.4916036433523238, 0.8987374237879366, 0.7486174624047646, 0.8938823590253524], "(2, 3, 2, 3)": [0.33706338593405855, 0.14046903515655043, 0.1456120193700458, 0.4591421956281141, 0.15103468440004775, 0.20382762664609996, 0.10666685006693007, 0.0, 0.46750270057666576, 0.5016215931755744, 0.2565851634092484], "(2, 4, 2, 3)": [0.1098672173225031, 0.09154502869398695, 0.0, 0.20032574838198142, 0.0, 0.0, 0.18267120333544423, 0.09644673168659211, -0.20706298810915047, 0.11722118497687542, 0.20411385738212484], "(2, 4, 3, 3)": [0.13509703904347115, 0.10624611883612337, 0.29363929618710727, 0.5571396340584646, 0.4129501928453456, 0.38055724805128555, 0.03390434681484057, 0.22487881116692487, 0.006267634312401224, 0.4442649001761013, -0.10892195060440824], "(2, 4, 2, 2)": [0.20335911089439954, 0.1939039454661951, 0.2806280427029137, 0.4919043925832644, 0.2824186462931717, 0.27218561161648425, 0.20692455143655794, 0.1006287267729825, 0.10083418994398774, 0.10588625384087075, 0.19378079962934486], "(2, 1, 3, 3)": [0.09919699635283337, 0.2902465280628067, 0.0, 0.3732708111906722, 0.25342931253555734, 0.0, 0.18186869488566015, 0.17852717931832318, 0.19702068304876763, 0.18003569088369425, 0.09832483254636767], "(2, 1, 2, 2)": [0.5672799476330042, 0.2514949441946323, 0.20468134468658566, -0.2967326833517941, 0.499096187916331, 0.41042648572854346, 0.012637827014146202, 0.48902481768332295, 0.15520646146657385, -0.38619449897925556, 0.601253088687898], "(2, 1, 3, 2)": [0.2067056660592883, 0.3036999059387786, 0.09253250713542399, 0.21416032381924416, 0.09130165185706006, 0.1023730192312077, 0.08600918650627137, 0.09960127939762631, 0.09412681184972765, 0.09379560701812746, 0.09469358097002241], "(3, 2, 3, 3)": [0.9556449524035652, 0.5056374324325356, 0.7143517183407486, 0.8154795486590856, 0.890983351044838, 0.8192450950750034, 0.8142929512011327, 0.9117415490371623, 0.9264516176055729, 1.0006857397770303, 0.2644048617166687], "(3, 3, 3, 3)": [1.2721374787757944, 0.916669253398548, 1.1689901892643406, 0.7233627350284146, 0.9559348269304642, 0.6343128681467362, 1.0845702679389055, 1.2052906739978042, 1.2142731000254001, 0.9211145491276, 0.701561274414031], "(3, 3, 2, 2)": [0.9256125895258124, 0.8776594043279039, 0.9113264950167217, 0.7678623603211271, 0.6691978364662736, 0.867708710254144, 0.5713696668220261, 0.8282983703647747, 0.8764636327786354, 0.6965727963572953, 0.9452435429740984], "(3, 2, 2, 2)": [0.44377856918990183, 0.6924617698265004, 0.49263117205496765, 1.0227020715256112, 0.5765545714884185, 0.6912306439002677, 0.45850751551124447, 0.5240253049623458, 0.7539842493331548, 0.6736007860396921, 0.550141113578739], "(3, 1, 2, 2)": [-0.010934275664234203, 0.07511046640137437, 0.19558907158363947, 0.2780832141408862, 0.0, 0.08298184294220398, 0.2570504872637214, 0.28850595503931165, 0.3517881770000878, 0.29529976229971006, 0.20117427142641425], "(3, 3, 2, 3)": [0.27859295568325726, 0.14864447456047084, 0.24705832150694718, 0.0, 0.1410271631497736, 0.19113628596098095, 0.0, 0.16323135327679322, 0.0, 0.0, 0.0], "(3, 2, 2, 1)": [0.0, 0.09003122448921204, 0.0, 0.0, 0.10429536657641546, 0.15698525732063118, 0.0, 0.0, 0.0, 0.0, 0.0], "(2, 1, 2, 1)": [0.0, 0.0, 0.0, -0.20038943695918277, 0.0, 0.0, 0.0, -0.4158834938130504, 0.0, 0.0, -0.1828174946916605], "(2, 2, 3, 3)": [1.0779967597610478, 0.6352976089692826, 0.8801184688424727, 1.0861872967508222, 1.1741334336880884, 0.8184118273537582, 0.8663262267976066, 0.8671430567376971, 1.0014069723857602, 1.0419702076231323, 0.575966193476042], "(2, 2, 2, 2)": [1.0975278022599912, 1.2045984939507355, 1.0948334005562117, 1.0707779765707992, 0.883792253672652, 1.0042921801788824, 1.1862608222316346, 1.0777325766816113, 1.2517263841420916, 1.0972932454607933, 1.1592326139062494], "(3, 2, 3, 2)": [0.11902579339051421, 0.11309618456103337, 0.13701594295977274, 0.13984276476381938, 0.20313515826540235, 0.10652997567978495, 0.21336211098142116, 0.22352415279733945, 0.0, 0.3372263607443967, 0.23626178922014068], "(3, 1, 2, 1)": [0.0, 0.08638166785240174, 0.0, 0.0, 0.0, 0.08744635581970216, 0.0, 0.0, 0.0, 0.0, 0.0], "(3, 2, 2, 3)": [0.0, 0.0, 0.0, 0.0, 0.0, 0.20935597798144626, 0.0, 0.0, 0.0, 0.11360807350587683, 0.0], "(3, 1, 2, 3)": [0.0, 0.0, 0.0, 0.0, 0.0, 0.17306232988834383, 0.0, 0.0, 0.0, 0.0, 0.0], "(3, 1, 3, 3)": [0.0942054097056389, 0.0, 0.3344714355968231, 0.10714858924988882, 0.19605729898347812, 0.10190783009765579, 0.11605384267833013, 0.21287488694711082, 0.4584544976199082, 0.31160280110516575, 0.40589998818090794], "(3, 3, 3, 2)": [0.0, 0.0, 0.2528644606556939, 0.0, 0.1274621111631182, 0.2125953075981476, 0.38821534912979627, 0.0, 0.0, 0.0, 0.15825551775036276], "(3, 4, 3, 3)": [0.20189527367936455, 0.5210214485426201, 0.4699535776719783, 0.02252674057246444, 0.18671371441151757, 0.5664505882046029, 0.24866617695797671, 0.19818598992955658, 0.06195998071035183, 0.37973280200729737, 0.37339757342634106], "(3, 1, 3, 2)": [0.09602449752494693, 0.09690894860119267, 0.0, 0.10137595955031622, 0.1976169822988817, 0.0, 0.0, 0.0, 0.0, 0.09149809320220852, 0.0], "(3, 4, 2, 2)": [0.0, 0.368762537385288, 0.20389141004163894, 0.20089107009214824, 0.11737403320690568, 0.10476125459705408, 0.26942937624338625, 0.19451456539044815, 0.187752277207261, 0.195705165686457, 0.3459067855187814], "(2, 2, 3, 2)": [0.4114447274486463, 0.15722477706065974, 0.2776548043028137, 0.42151971344703587, 0.0, 0.1020781837705396, 0.1329553149343736, 0.4777658305411697, 0.1433751485571241, 0.3612824325842916, 0.11251477155883105], "(3, 4, 2, 3)": [0.10139770488773402, 0.09511622909868614, -0.18360466654087984, 0.09276275758112328, 0.09332159962080351, 0.09086877908132902, -0.0957057137446304, 0.0, 0.1043975841002717, 0.0, 0.09759626541088776], "(2, 3, 3, 2)": [0.0, 0.14952237016960634, 0.1351911725389456, 0.12341506155226885, 0.1548311962885518, 0.0, 0.0, 0.0, 0.0, 0.15046466376133186, 0.0], "(3, 3, 3, 4)": [0.0, 0.0, 0.0, 0.0, 0.0, 0.09140608906745912, 0.0, 0.0, 0.0, 0.0, 0.09297017455101014], "(2, 2, 2, 1)": [0.0, 0.0, 0.0, 0.0, 0.0, 0.0, 0.1092600851561939, 0.11559845421190454, 0.0, 0.0, 0.0], "(2, 2, 3, 4)": [0.0, 0.0, 0.0, 0.0, 0.0, 0.0, 0.0, 0.0, 0.0, 0.0, 0.0], "(3, 4, 3, 2)": [0.0, 0.0, 0.0, 0.10224406700168664, 0.0, 0.0, 0.0, 0.0, 0.0, 0.0, 0.0], "(2, 2, 2, 3)": [0.0, 0.0, 0.15714297717117132, 0.0, 0.0, 0.20197335120295798, 0.0, 0.0, 0.4297069624950615, 0.14324603297561164, 0.0], "(3, 4, 3, 4)": [0.0, 0.0, 0.0, 0.0, 0.0, 0.0, 0.0, 0.0, -0.21398600985435584, 0.09196991855779164, 0.0]}, "qb_values": {"(2, 3, 3, 3)": [0.6270679174257616, 1.2960326041401509, 0.601958754016939, 0.8236758787448003, 1.1344322727258551, 1.1285104566964348, 1.0202725945788933, 0.9813462041181923, 0.980926805681, 0.5549276741830435, 1.023120227378104], "(2, 3, 2, 2)": [1.1099559649289419, 1.0978707440776616, 0.7584568547641232, 1.2287047483672486, 0.8554290549804582, 0.8718757264882755, 0.8851759544918839, 0.8612781808976188, 0.8102695802272938, 1.1534368560899457, 0.7943267761126209], "(2, 3, 2, 3)": [0.4831304797465917, 0.0, 0.14218479962111102, 0.14356366502349016, 0.14404855476920245, 0.20689684703136757, 0.11318782966292558, 0.12360133789832678, 0.6627211082748613, 0.1999953983796049, 0.34807228587971395], "(2, 4, 3, 3)": [0.5166795732176231, 0.3605791161165046, 0.20071625344568494, -0.07481987169179358, 0.27770330221936546, 0.3387541604284563, 0.1533911673219911, 0.009146710087469215, 0.10092337774757942, 0.024050744064014667, 0.06266029908858556],