{"qa_values": {"(2, 3, 2, 2)": [1.6052512057028558, 1.8197606398778756, 1.7226323409762907, 1.7670211168034953, 1.7671128064595405, 1.6950442794814966, 1.6333164585329827, 1.555063211831398, 1.6493672409903124, 1.7901750342818097, 1.5439707152106803], "(2, 3, 3, 3)": [1.6916790867771156, 1.5633999188716798, 1.5028423686631023, 1.57138625450782, 1.601726854854531, 1.7807547567079607, 1.5568798183466823, 1.5822145930099314, 1.6892569747382626, 1.679451426516197, 1.600457942325501], "(2, 3, 2, 3)": [0.7295634031887074, 0.46441194770939476, 0.6682373801254748, 0.6973594737362605, 0.7642481778760967, 0.535865523081309, 0.5217761787987034, 0.46392991775915204, 1.0753770132407479, 0.9921136625898981, 0.7702065951985693], "(2, 4, 2, 3)": [0.20329201917693773, 0.09154502869398695, 0.6994001858891815, 0.20032574838198142, 0.002043692994395746, 0.2225393188662203, 0.37007035037921165, -0.06316754856692085, -0.05116799681013387, 0.5448936405291372, 0.4934649820813822], "(2, 4, 3, 3)": [1.1723827563903475, 0.8145513482169062, 0.7174363762077316, 0.8578473605970806, 0.6939255771155832, 0.0808479066706792, 0.600742621397121, 0.22019709762572318, 0.28535869994746155, 0.8990544062563133, 0.7283100520036927], "(2, 4, 2, 2)": [1.5004883679926642, 0.541877579288186, 1.048601166795437, 0.7802746867611998, 1.013289125879926, 0.8846447631659702, 1.1010139196392665, 0.4792183990831755, 0.8687433743814146, 0.4378728472466017, 0.4038606565924725], "(2, 1, 3, 3)": [1.0847594384687262, 1.0747324319658373, 1.2274062590611694, 0.8716745973634945, 1.1683775506834744, 0.9149087986577245, 0.8390603998684418, 0.8457063697127016, 1.394567438913071, 1.2950056279936866, 0.6494279842480764], "(2, 1, 2, 2)": [0.7048547553056717, 0.8552798966697194, 0.6938803815605195, 1.1561859645240724, 0.8781403342745366, 1.0468091546758602, 1.19454740653573, 1.1716885564638424, 1.0472050263917922, 1.2667842443296293, 1.1189373732755283], "(2, 1, 3, 2)": [0.5042488063738149, 0.6888676981446681, 0.09253250713542399, 0.5467095815569353, 0.3369853095622779, 0.48456954556573023, 0.7126067013157986, 0.6595229309448433, 0.5788957641874813, 0.4020742873586716, 0.8713456696146004], "(3, 2, 3, 3)": [1.7102489346117027, 1.5096007667295839, 1.6401004991983417, 1.7127914915126567, 1.7806733733361142, 1.7967730630369112, 1.7642428800073238, 1.7853975302058478, 1.673161838192097, 1.8833048980255125, 1.6779038875451355], "(3, 3, 3, 3)": [1.6848840470175233, 1.7804815784721215, 1.771425188580002, 1.7374508441915726, 1.7678762440012845, 1.8749672849911945, 1.8125151139356364, 1.8121120181204906, 1.766743066649546, 1.7524396770998956, 1.6697614161668288], "(3, 3, 2, 2)": [1.5606246802539223, 1.5995819898085486, 1.5005321927199682, 1.647103284522253, 1.7426314434223924, 1.7963293659937285, 1.6061397759487603, 1.5594076256368803, 1.6288362850976192, 1.562648072675965, 1.5698117282936552], "(3, 2, 2, 2)": [1.4701598517612462, 1.5919627670813645, 1.2007582233910312, 1.7555537495417823, 1.5254482356947492, 1.5984913080696883, 1.3593100541709051, 1.5156959163624706, 1.5277743938573296, 1.5563485756373436, 1.6240709894406375], "(3, 1, 2, 2)": [0.9136865911297898, 0.9293437109598237, -0.18716595128050162, 0.8890616853631994, 0.363325380930522, 0.5595662150935179, 0.567813994559151, 0.8297662743786602, 1.03052888104145, 0.4303466688836137, 0.8185190358004233], "(3, 3, 2, 3)": [1.0100081496672466, 0.3024191116526799, 0.39092500561355825, 0.5939891880663988, 0.5019299083433606, 0.3917798266890289, 0.5618499132066979, 0.6978854134564363, 0.0, 0.3336427807058775, 0.0], "(3, 2, 2, 1)": [0.0, 0.09003122448921204, 0.0, 0.09810952132963316, 0.10429536657641546, 0.15698525732063118, 0.0, 0.0, 0.0, 0.0, 0.0], "(2, 1, 2, 1)": [0.0, 0.0, 0.0, -0.20038943695918277, -0.18042151351449143, 0.0, -0.20612465502753385, -0.7088034591814112, 0.14422332002824403, 0.0, -0.1255489242489882], "(2, 2, 3, 3)": [1.7378105422477714, 1.6348920602698942, 1.57385332489986, 1.602244678691114, 1.6258999641166443, 1.9125957067626211, 1.8314820873824704, 1.8200783527625426, 1.7248038171464097, 1.790445885295132, 1.5989586114618923], "(2, 2, 2, 2)": [1.7308866562032752, 1.6374247350959419, 1.7472374967814677, 1.672223527218034, 1.844025315377315, 1.7528691760476747, 1.754622762992649, 1.7386814202646286, 1.6504603641316018, 1.8119123531855479, 1.7906621632300925], "(3, 2, 3, 2)": [0.4119639715958961, 0.2837882274130207, 0.45010108958038114, 0.5772397667721221, 0.20313515826540235, 0.22077851421010614, 0.21336211098142116, 0.6786532488206135, 0.31589804912284014, 0.6226607998363225, 0.6420526246771564], "(3, 1, 2, 1)": [0.0, 0.08638166785240174, -0.08232919779565565, 0.0, 0.0, 0.08744635581970216, 0.14216846990180657, -0.18544220410728768, 0.0, 0.0, 0.0], "(3, 2, 2, 3)": [0.1587399888514656, 0.3115098379092842, 0.1452943287387304, 0.18882520614666795, 0.46078933004569395, 0.46393794024502083, 0.1928309332913597, 0.1479845078653188, 0.1798601103155452, 0.6530580743838845, 0.16857946343689098], "(3, 1, 2, 3)": [0.0, 0.0, 0.11692216848538116, 0.21957892249442654, 0.0, 0.2525234434264466, 0.09908065643485038, 0.118121545439028, 0.0, 0.0, 0.0], "(3, 1, 3, 3)": [0.7809726535102124, 0.3455465223704308, 0.8200000995034809, 1.040399163246934, 0.787542789715777, 0.8365923649176955, 1.0767342138226261, 0.4650668428995406, 1.237192551603143, 0.7955256580497359, 0.7995689255268962], "(3, 3, 3, 2)": [0.48307450736664226, 0.4615521987690777, 0.5229747241494749, 0.454908267775771, 0.1274621111631182, 0.2125953075981476, 0.6586695573888197, 0.4871501527400931, 0.18774548667805582, 0.19155419363794612, 0.46192471608902785], "(3, 4, 3, 3)": [1.227971097187699, 0.9304121350498041, 0.7227806405772579, 0.9964518067415182, 0.4787589990334288, 0.5929867868288148, 0.9015384725287068, 0.9418805414584595, 1.0784663820962432, 0.1434816568343021, 0.582876416540923], "(3, 1, 3, 2)": [-0.17418747172108173, 0.34695750637549794, 0.12391299223648376, 0.4364373102609849, 0.3086304077773463, 0.12303218590020606, 0.0, 0.22201392881441462, 0.15177572103012363, 0.23659106263263813, 0.2644806728679421], "(3, 4, 2, 2)": [0.9205922396856054, 1.0539580481602198, 1.0988943713742678, 0.9691711715762136, 1.331868389256522, 0.9710577123459727, 0.5231155898554071, 0.9400718439975579, 0.9612411801439351, 0.8886219613148958, 1.047556137048735], "(2, 2, 3, 2)": [0.8459884371656916, 0.3039440031495154, 0.8068712348163376, 1.2811339326205722, 0.5985291143666939, 0.5562568705526475, 0.7884421278668617, 0.8111950655559879, 0.29584217525387113, 0.842449707629508, 0.42509493889110284], "(3, 4, 2, 3)": [0.6306074244089237, 0.24085327002083887, 0.6320014529122775, 0.640965622885246, 0.538930025110633, 0.4634231415560935, 0.5825147506173184, 0.24626588423339826, 0.33620887222024753, 0.11772286457960467, 0.30328086134203264], "(2, 3, 3, 2)": [0.4763037227725384, 0.30389851329046347, 0.46255570821799596, 0.29709467591966066, 0.3336779954911624, 0.10908299375924305, 0.0, 0.0, 0.16265269526043943, 0.45638207671582476, 0.0], "(3, 3, 3, 4)": [0.303180558497588, 0.0, 0.0, 0.34185453280250594, 0.18020571261597418, 0.26865725801631907, 0.0, 0.0, 0.09847763750101424, 0.0, 0.09297017455101014], "(2, 2, 2, 1)": [0.0, 0.09232032299041748, 0.0, 0.0, 0.0, 0.10222654116710693, 0.2823578040813336, 0.21950452390803898, 0.0, 0.0, 0.0], "(2, 2, 3, 4)": [0.0, 0.0, 0.0, 0.0, 0.0, 0.0, 0.0, 0.0, 0.0, 0.0, 0.0], "(3, 4, 3, 2)": [0.0, 0.1322060253578592, 0.0, 0.22309289342495642, 0.1546768434476083, 0.14639961088781636, 0.13556218832795003, 0.23293878705428775, 0.0, 0.0, 0.0], "(2, 2, 2, 3)": [0.16908273779931624, 0.34950863197571214, 0.3105094383791639, 0.17877048540275997, 0.3508972438639836, 0.30279298274201494, 0.18677317913719488, 0.1683421685341947, 1.1718537899339503, 0.7035187334943513, 0.0], "(3, 4, 3, 4)": [0.11635793505229758, -0.172028034091106, 0.11459754271452288, 0.0, 0.0, 0.0, 0.0, 0.0, -0.21398600985435584, -0.10738055531405404, 0.09475355247547901],