{"qa_values": {"(2, 3, 2, 2)": [0.0, 0.09819808602333069, 0.0, 0.0, 0.19476565364003182, 0.0, 0.0, 0.2762874272796812, 0.0, 0.0, 0.0993337631225586], "(2, 3, 3, 3)": [0.0, 0.09583503603935242, 0.2829973069281131, 0.19736072843372823, 0.0, 0.0, 0.0, 0.18873814485147597, 0.0, 0.09731456935405731, 0.0], "(2, 3, 2, 3)": [0.10705340066985972, 0.0, 0.0, 0.0, 0.0, 0.0, 0.10666685006693007, 0.0, 0.10420351275056601, 0.0, 0.0], "(2, 4, 2, 3)": [0.0, 0.0, 0.0, 0.0, 0.0, 0.0, 0.0, 0.09644673168659211, 0.0, 0.0, 0.0], "(2, 4, 3, 3)": [0.0, 0.0, 0.0, 0.09072567224502565, 0.0, 0.0, -0.22018465995788575, 0.0, 0.09154550942778589, 0.0, 0.0], "(2, 4, 2, 2)": [0.0, 0.09224853515625, 0.0, 0.0, 0.0, 0.0, 0.0, 0.0, 0.0, 0.0, 0.0]}, "qb_values": {"(2, 3, 3, 3)": [0.10822090788409487, 0.0, 0.10286509990692139, 0.10717080616537483, 0.09900206327438354, 0.0, 0.10808602257296816, 0.0, 0.11040232463404909, 0.0, 0.1969349188953638], "(2, 3, 2, 2)": [0.0, 0.10618201923519373, 0.0, 0.0, 0.0, 0.10360085368156434, 0.10221995366029442, 0.0, 0.28122141065210476, 0.09918144941329957, 0.0], "(2, 3, 2, 3)": [0.0, 0.0, 0.0, 0.0, 0.0, 0.0, 0.0, 0.0, 0.0, 0.10944074674174563, 0.11090735478923097], "(2, 4, 3, 3)": [0.0922507643699646, 0.08782030578106642, 0.0, 0.0, 0.0, 0.09115542173385621, 0.0, 0.0, 0.09485505282878876, 0.0, 0.0], "(2, 4, 2, 3)": [0.0, 0.09105188250541688, 0.0, 0.0, 0.0, 0.0, 0.0, 0.0, 0.0, 0.0, 0.0], "(2, 4, 2, 2)": [0.0, 0.0, 0.0, 0.09905352739989759, 0.0, 0.0, 0.0, 0.0, 0.0, 0.0, 0.0]}}