{"qa_values": {"(2, 3, 2, 2)": [1.7481438099315625, 1.9287556122590597, 1.876056205807985, 1.874563723336382, 1.8847673494612167, 1.8269310267998546, 1.8314513991118035, 1.7624065780470026, 1.7756260688868895, 1.8932078451289618, 1.7852930880190818], "(2, 3, 3, 3)": [1.8482170900049193, 1.8038212178163093, 1.8263131824409848, 1.7522548140441294, 1.7008604684927422, 1.887150182006733, 1.763599660879491, 1.8376968160357643, 1.8622882977750959, 1.8281349993430647, 1.7703128530104908], "(2, 3, 2, 3)": [0.7295634031887074, 0.7159623663028548, 0.7937450893449296, 0.822562836435036, 0.8470488173604245, 0.7755810145970908, 0.7424530476654575, 0.6048678867604224, 1.5521108630118188, 0.9921136625898981, 0.8805144732808889], "(2, 4, 2, 3)": [0.35035823341689, 0.3789285543658352, 1.0486462834809527, 0.20032574838198142, 0.43809496105682033, 0.34073344557965657, 0.562112214723659, 0.2070231633779177, 0.09332383840335484, 0.5162464652236053, 0.6789718960548105], "(2, 4, 3, 3)": [1.105047469126172, 1.2453285024234941, 1.4251132586881947, 0.9556904281168386, 0.6599183718880364, 0.37136920015994396, 0.6814702516110571, 0.28120616587877056, 0.700435048916069, 0.7739695683760801, 0.9640603491307337], "(2, 4, 2, 2)": [1.6735999435701738, 1.1575782356150914, 1.1623254498562392, 0.9648525001785836, 1.2164114910098456, 1.1230814684742312, 1.419557700154837, 0.979891899531457, 1.1233765440013952, 1.091142238355476, 1.074073018164388], "(2, 1, 3, 3)": [1.2595880576408538, 1.2284050735236098, 1.3429902933083429, 1.2121620653686629, 1.4791413291088265, 1.1284575430308659, 1.1720910241102307, 1.0294448878651132, 1.741518585533263, 1.4432969047799773, 1.028318717333358], "(2, 1, 2, 2)": [0.7341919243505399, 0.602611938321365, 0.36188764217055747, 1.0157341212273705, 1.131177538285667, 1.209928699323138, 0.92746365785773, 1.1037799492629943, 1.0089540406279194, 0.7756913688365203, 1.18909211555091], "(2, 1, 3, 2)": [0.5042488063738149, 1.0628974889806158, 0.5678694321963386, 0.6429578917164642, 0.5560767426555069, 0.3910554800776534, 0.995518065227956, 0.7693816970528461, 0.5788957641874813, 0.537683789854697, 0.8713456696146004], "(3, 2, 3, 3)": [1.8440876818772547, 1.7685300081789308, 1.8752264069282327, 1.881687035205695, 1.936135303938715, 1.915025020866218, 1.877173970173274, 1.9108604786889674, 1.874813872118864, 1.8869105750597424, 1.9031332231587734], "(3, 3, 3, 3)": [1.8862477559640112, 1.820236703627601, 1.8449459169393487, 1.80774713170048, 1.8623286755153186, 1.8340575154551344, 1.8997451078783008, 1.8492119567058856, 1.8199636584023409, 1.8434928242540165, 1.7499147519698401], "(3, 3, 2, 2)": [1.790235137496952, 1.8381399878280622, 1.812785492548695, 1.8871860694258882, 1.9168885682968706, 1.9357568375912344, 1.8477256657671113, 1.780303132670817, 1.7948549402234615, 1.6499201013710678, 1.8517248023460884], "(3, 2, 2, 2)": [1.6753942964186974, 1.8146557513504655, 1.446259234251261, 1.8278470494834564, 1.6574150366396252, 1.804013833383766, 1.5748167033632634, 1.7373831932561299, 1.7336992974162162, 1.7895688564229164, 1.8080773505822847], "(3, 1, 2, 2)": [0.9621850949020186, 1.031174885268495, 0.3755359835819589, 0.8159373868417095, 0.46745754546356755, 0.7865461119174926, 1.2133337415872594, 0.5720293455097735, 0.9900284143788461, 0.8060090775041439, 0.7167605614095728], "(3, 3, 2, 3)": [1.0100081496672466, 0.46786629321239115, 0.39092500561355825, 0.6862921289460152, 0.5019299083433606, 0.4998376401030796, 0.5618499132066979, 0.9309780322045831, 0.36875771804896706, 0.48998840890561424, 0.33767023294102677], "(3, 2, 2, 1)": [0.0, 0.09003122448921204, 0.0, 0.09810952132963316, 0.10429536657641546, 0.15698525732063118, 0.0, 0.0, 0.0, 0.0, 0.0], "(2, 1, 2, 1)": [0.0, 0.0, 0.0, -0.20038943695918277, -0.18042151351449143, 0.0, -0.20612465502753385, -0.7088034591814112, 0.5085988939768822, 0.0, -0.17035198789473371], "(2, 2, 3, 3)": [1.8247857150349183, 1.7751854997040213, 1.7597672800119442, 1.8258301283182008, 1.8623709416995375, 1.9436616228407317, 1.9097979022620704, 1.8945513676278827, 1.9014871092127317, 1.9087414987710538, 1.8548661587501183], "(2, 2, 2, 2)": [1.7224965581794007, 1.6531480505549108, 1.8579743980697518, 1.8417578038350462, 1.813500493947921, 1.8512084601325567, 1.8554902337779102, 1.8370864605175654, 1.8815124411333135, 1.8284848046369868, 1.8082756053718336], "(3, 2, 3, 2)": [0.6622929040053045, 0.4439822933643014, 0.5916164384227963, 0.5772397667721221, 0.3730622563060755, 0.35344342450593114, 0.5399513620778198, 0.8057705991334116, 0.48056469267569213, 1.2380658645894365, 0.7728519591476999], "(3, 1, 2, 1)": [0.0, 0.08638166785240174, -0.08232919779565565, 0.0, 0.0, 0.08744635581970216, 0.14216846990180657, -0.29494955533592343, 0.0, 0.0, 0.0], "(3, 2, 2, 3)": [0.3334996618300997, 0.3115098379092842, 0.32370883517318805, 0.3628423028264769, 0.6060640372393414, 0.5611832919906149, 0.1928309332913597, 0.8815470098866234, 0.3569868325569745, 0.9000199438549087, 0.5054294083253774], "(3, 1, 2, 3)": [0.138829876678161, 0.0, 0.11692216848538116, 0.21957892249442654, 0.0, 0.2525234434264466, 0.09908065643485038, 0.118121545439028, 0.0, 0.0, 0.0], "(3, 1, 3, 3)": [0.9725698123196946, 0.4477995525648186, 0.9284519560310708, 1.236898334649601, 1.2747254888982442, 0.9978042075474358, 1.1842982587328617, 1.1437680476752172, 1.6065114766670443, 1.2308282436199527, 1.0468412727124836], "(3, 3, 3, 2)": [0.48307450736664226, 0.738072840815193, 0.5229747241494749, 0.6040952850320161, 0.1274621111631182, 0.4493194397298698, 0.7860874701376096, 1.0759072844885575, 0.18774548667805582, 0.19155419363794612, 0.7438289022181377], "(3, 4, 3, 3)": [1.1616347491048338, 0.5018558129308108, 0.9858280707780749, 0.30636529066118356, 1.0649888399888368, 0.7976617011651137, 0.7298423957463336, 1.3116302573144114, 1.03101332095124, 0.7391926728231758, 0.7124558050231553], "(3, 1, 3, 2)": [0.2530461225631272, 0.5355835643428448, 0.4538476482443787, 0.5300757646236041, 0.3086304077773463, 0.24193323711672882, 0.13330647260535944, 0.22201392881441462, 0.563258336636301, 0.636490346743058, 0.5301046322747945], "(3, 4, 2, 2)": [1.2392211275414189, 1.3590178813409668, 1.3644637883299533, 1.4338005759723946, 1.7432039445318472, 1.131274731084801, 0.9585081069258303, 1.246519745326671, 1.2418814816568213, 1.2067637612945312, 0.8936336230363888], "(2, 2, 3, 2)": [1.0481732609922378, 0.43773517614665364, 1.0199906462846053, 1.5358069752057633, 0.7289822196255026, 0.8691908046307273, 0.9033386087177508, 0.9256212135915568, 0.4588340168873398, 0.842449707629508, 0.5748191707531658], "(3, 4, 2, 3)": [0.9024247023848383, 0.5282843704734117, 0.728406429786733, 1.1667436049624478, 0.7014129306201471, 0.4634231415560935, 0.5037507715363052, 0.7516547369314615, 0.8105214193551126, 0.3618066366402857, 0.6953786401104292], "(2, 3, 3, 2)": [0.4763037227725384, 0.30389851329046347, 0.46255570821799596, 0.4617974934564537, 0.3336779954911624, 0.10908299375924305, 0.19356174319328467, 0.0, 0.33788830361820943, 0.6028207156274134, 0.5211831687572501], "(3, 3, 3, 4)": [0.303180558497588, 0.15331202526637422, 0.0, 0.34185453280250594, 0.18020571261597418, 0.36247305546321706, 0.1740681015600825, 0.0, 0.09847763750101424, 0.0, 0.09297017455101014], "(2, 2, 2, 1)": [0.0, 0.09232032299041748, 0.0, 0.13739650634068878, 0.0, 0.10222654116710693, 0.2823578040813336, 0.21950452390803898, 0.0, 0.6256095180279595, 0.36136633642698335], "(2, 2, 3, 4)": [0.0, 0.0, 0.0, 0.0, 0.0, 0.0, 0.0, 0.0, 0.0, 0.0, 0.0], "(3, 4, 3, 2)": [0.0, 0.1322060253578592, 0.0, 0.36489178586052795, 0.1546768434476083, 0.14639961088781636, 0.40033507185352585, 0.23293878705428775, 0.0, 0.15738571905739387, 0.0], "(2, 2, 2, 3)": [0.16908273779931624, 0.5052471372327706, 0.3105094383791639, 0.17877048540275997, 0.3508972438639836, 0.30279298274201494, 0.18677317913719488, 0.1683421685341947, 1.2493262983959579, 0.9436949729287245, 0.0],