{"qa_values": {"(2, 3, 2, 2)": [1.4241421253787652, 1.7166435027692164, 1.535547818656525, 1.608493119653688, 1.5858784308448541, 1.5082766955159452, 1.5151382554231048, 1.4765921468291368, 1.4652117592175187, 1.648023946755644, 1.499779267745501], "(2, 3, 3, 3)": [1.5264109994665707, 1.488391466177467, 1.4805089320209002, 1.5217054669407506, 1.4286183367555165, 1.6647519959757875, 1.4655561653616929, 1.4429140043987407, 1.5150435522188175, 1.5537929677681512, 1.4499881551761296], "(2, 3, 2, 3)": [0.7295634031887074, 0.3063393664310007, 0.5430969606628134, 0.6973594737362605, 0.6357895287875219, 0.535865523081309, 0.5217761787987034, 0.46392991775915204, 0.8992999400386407, 0.9921136625898981, 0.653177457525906], "(2, 4, 2, 3)": [0.20329201917693773, 0.09154502869398695, 0.6035080383117818, 0.20032574838198142, 0.2077264243242458, 0.2225393188662203, 0.37007035037921165, -0.06316754856692085, -0.05116799681013387, 0.4396054724114477, 0.4934649820813822], "(2, 4, 3, 3)": [0.9643867170352037, 0.6623805537711049, 0.6348421294510143, 0.7967818130718005, 0.4434053565588702, 0.33871425205213934, 0.600742621397121, 0.4116497861369159, 0.1169764869508446, 0.7728952041561181, 0.3529899753647577], "(2, 4, 2, 2)": [1.3183190782221577, 0.3136676447762288, 0.9418446280033592, 0.7802746867611998, 0.6892747473764468, 0.5948637983563548, 0.825981550848392, 0.37320481759475505, 0.4844102973649686, 0.3270264145925291, 0.4038606565924725], "(2, 1, 3, 3)": [0.7622663856984655, 0.5713484195149523, 0.9521788839661328, 0.6111771841671634, 0.8268560161807811, 0.5435623224626334, 0.18186869488566015, 0.6073581176418037, 1.1847203277619796, 0.7271640067000585, 0.4281715617467783], "(2, 1, 2, 2)": [0.5639400648182459, 0.17071606212296872, 0.7287278107994521, 0.6289723171863891, 0.9033176136956097, 0.41179820815530943, 0.8968861822579101, 0.8266006593151514, 0.7499687338869543, 0.7647206900442992, 1.2043109468216402], "(2, 1, 3, 2)": [0.5042488063738149, 0.5692645867363734, 0.09253250713542399, 0.43689690900705125, 0.3369853095622779, 0.3828101122646781, 0.5481073979713867, 0.38312154409590055, 0.09412681184972765, 0.5850449559063854, 0.3447310630198421], "(3, 2, 3, 3)": [1.4955276669847928, 1.4158864852334334, 1.3857473374926932, 1.4993911215069022, 1.6107579868946167, 1.59186425165841, 1.6275630412753965, 1.5302187140972172, 1.6147418023824147, 1.7928374416038757, 1.362864409280065], "(3, 3, 3, 3)": [1.549216590102102, 1.6643087481977452, 1.739594616620831, 1.6142577857138414, 1.705842015268626, 1.7976526100753332, 1.7282060586456143, 1.7473570801388834, 1.689449924599113, 1.7790377592252842, 1.5677449292772816], "(3, 3, 2, 2)": [1.4005267445805942, 1.4922040081013301, 1.3636139559799028, 1.4572985898574504, 1.5352581558682263, 1.6466124240773987, 1.4088431836681745, 1.4911143193072378, 1.5424379042160008, 1.2919607200426038, 1.4712364310804276], "(3, 2, 2, 2)": [1.4617273679453393, 1.2734260228501635, 1.2007582233910312, 1.6137457752251239, 1.3259221518851514, 1.5072066922460823, 1.1760248055316702, 1.3877445004236069, 1.3354660832219367, 1.328689089108778, 1.3030021004296548], "(3, 1, 2, 2)": [0.7452009144139691, 0.7272431936002501, 0.1316662791514534, 0.6809566136234395, 0.2428483594331235, 0.5133403590037624, 0.46729130769422905, 0.8708533993767406, 0.7967956334510821, 0.329909682416197, 0.6581999169820658], "(3, 3, 2, 3)": [0.911567721255755, 0.3024191116526799, 0.39092500561355825, 0.4651676209994481, 0.42517205183019025, 0.2912076950916582, 0.4871116652034002, 0.6978854134564363, 0.0, 0.16562192470998405, 0.0], "(3, 2, 2, 1)": [0.0, 0.09003122448921204, 0.0, 0.09810952132963316, 0.10429536657641546, 0.15698525732063118, 0.0, 0.0, 0.0, 0.0, 0.0], "(2, 1, 2, 1)": [0.0, 0.0, 0.0, -0.20038943695918277, 0.0, 0.0, 0.0, -0.603528978381985, 0.0, 0.0, -0.1828174946916605], "(2, 2, 3, 3)": [1.5518889664667452, 1.358179320313662, 1.3447311000543445, 1.5421323240147888, 1.4055323025481543, 1.7604112221210269, 1.4688862851962543, 1.6373550753557893, 1.5354299625585803, 1.6483227788445312, 1.2778270069917608], "(2, 2, 2, 2)": [1.5050555909141035, 1.5656364253930555, 1.6881142146703152, 1.6055323979509966, 1.698727556387025, 1.5974730244775885, 1.645963010404541, 1.6880024118881698, 1.5174173204024852, 1.6077614451208402, 1.56776554991614], "(3, 2, 3, 2)": [0.4119639715958961, 0.11309618456103337, 0.29162322283285214, 0.43090006584328105, 0.20313515826540235, 0.22077851421010614, 0.21336211098142116, 0.38648141372806677, 0.31589804912284014, 0.6226607998363225, 0.6420526246771564], "(3, 1, 2, 1)": [0.0, 0.08638166785240174, -0.08232919779565565, 0.0, 0.0, 0.08744635581970216, 0.14216846990180657, 0.0, 0.0, 0.0, 0.0], "(3, 2, 2, 3)": [0.1587399888514656, 0.14637028677798644, 0.1452943287387304, 0.0, 0.30941990332056624, 0.46393794024502083, 0.0, 0.1479845078653188, 0.1798601103155452, 0.6530580743838845, 0.16857946343689098], "(3, 1, 2, 3)": [0.0, 0.0, 0.11692216848538116, 0.21957892249442654, 0.0, 0.2525234434264466, 0.09908065643485038, 0.118121545439028, 0.0, 0.0, 0.0], "(3, 1, 3, 3)": [0.5942659371213492, 0.5842344145954746, 0.6334949122059631, 0.6784988621224943, 0.787542789715777, 0.5380893401016156, 0.9017898101971237, 0.3396422308169329, 1.1653239385983745, 0.4958646084929452, 0.7127681410917162], "(3, 3, 3, 2)": [0.32676093835306586, 0.30937655273431397, 0.5229747241494749, 0.454908267775771, 0.1274621111631182, 0.2125953075981476, 0.6586695573888197, 0.3310434978152208, 0.0, 0.19155419363794612, 0.46192471608902785], "(3, 4, 3, 3)": [0.8806921532793464, 0.8195686355863833, 0.8332165590097504, 1.041538780286157, 0.4214294864259597, 0.5219820065929894, 0.5870979720912097, 0.6631205501447803, 0.9087716778890682, 0.003217051243142921, 0.7213544531727497], "(3, 1, 3, 2)": [0.010660340184007633, 0.3288888743846261, 0.12391299223648376, 0.21707389466174123, 0.3086304077773463, 0.0, 0.0, 0.24268901367073809, 0.0, 0.09149809320220852, 0.12350706663336564], "(3, 4, 2, 2)": [0.5220809064511535, 0.8682306407291764, 0.6152206070134711, 0.38127906195184263, 1.005697592812159, 0.6518100709524784, 0.44444444164935915, 0.7464687630393133, 0.5239828121948111, 0.8281567695811891, 0.7956056858695989], "(2, 2, 3, 2)": [0.6078041075856174, 0.3039440031495154, 0.4133795627760203, 0.6666291829204479, 0.12895566349128096, 0.33356593137788715, 0.5574061404796697, 0.5930468741759258, 0.29584217525387113, 0.7292064653674738, 0.263652423696839], "(3, 4, 2, 3)": [0.4320118848690969, 0.09511622909868614, 0.31163612984331013, 0.3192602161472333, 0.329763285833355, 0.27218216572669734, 0.03888617248326408, 0.0, 0.33620887222024753, 0.11772286457960467, 0.32105794876667604], "(2, 3, 3, 2)": [0.31958446378212624, 0.30389851329046347, 0.3039766421263126, 0.12341506155226885, 0.3336779954911624, 0.10908299375924305, 0.0, 0.0, 0.16265269526043943, 0.3055330441655427, 0.0], "(3, 3, 3, 4)": [0.12841159267747465, 0.0, 0.0, 0.34185453280250594, 0.18020571261597418, 0.09140608906745912, 0.0, 0.0, 0.09847763750101424, 0.0, 0.09297017455101014], "(2, 2, 2, 1)": [0.0, 0.09232032299041748, 0.0, 0.0, 0.0, 0.0, 0.1092600851561939, 0.11559845421190454, 0.0, 0.0, 0.0], "(2, 2, 3, 4)": [0.0, 0.0, 0.0, 0.0, 0.0, 0.0, 0.0, 0.0, 0.0, 0.0, 0.0], "(3, 4, 3, 2)": [0.0, 0.1322060253578592, 0.0, 0.22309289342495642, 0.0, 0.14639961088781636, 0.13556218832795003, 0.23293878705428775, 0.0, 0.0, 0.0], "(2, 2, 2, 3)": [0.16908273779931624, 0.1812804333449925, 0.3105094383791639, 0.17877048540275997, 0.18247938352902626, 0.30279298274201494, 0.18677317913719488, 0.1683421685341947, 0.6784459668025483, 0.7035187334943513, 0.0], "(3, 4, 3, 4)": [0.11635793505229758, -0.172028034091106, 0.11459754271452288, 0.0, 0.0, 0.0, 0.0, 0.0, -0.21398600985435584, -0.10738055531405404, 0.09475355247547901], "(2, 1, 2, 3)": [0.0, 0.12310665818903477, 0.13392426108567812, 0.12671800228807958, 0.0, 0.09549516082238058, 0.10584243901524137, 0.31688438613686437, 0.1267679635875358, 0.0, 0.0],