{"qa_values": {"(2, 3, 2, 2)": [1.8432403834426871, 1.9141005420014452, 1.9018820273597137, 1.9581528409770683, 1.9187365484523298, 1.8880465566633764, 1.91875248075281, 1.827022599507704, 1.8862503521171257, 1.9325303525462614, 1.8586844113395589], "(2, 3, 3, 3)": [1.9112425625195313, 1.873986394638033, 1.858532973932294, 1.8631410857673725, 1.7726210226682713, 1.8721311311813063, 1.8325640686352518, 1.8678689110597804, 1.8555427596589018, 1.8601503753836326, 1.7676698959196226], "(2, 3, 2, 3)": [0.8538989948912479, 0.9479427688570902, 0.7937450893449296, 0.822562836435036, 1.1373329210166239, 0.9486050285705445, 0.8462617128303151, 0.7397063081256512, 1.822623067136064, 0.9921136625898981, 1.1662290704821907], "(2, 4, 2, 3)": [0.48762890465027703, 0.5219675490845128, 1.474906612785896, 0.3591448140385952, 0.43809496105682033, 0.34073344557965657, 0.6511084122604813, 0.2070231633779177, 0.09332383840335484, 0.6130521696015858, 0.6789718960548105], "(2, 4, 3, 3)": [1.1722244706113483, 1.3931256747924166, 1.0775527824668631, 0.8809957769980739, 0.8815432642667947, 0.581635791620265, 0.9996507944496147, 0.21828626983874477, 0.579043554016788, 0.5676897607706624, 0.9640603491307337], "(2, 4, 2, 2)": [1.7624694645935213, 1.277785077103696, 1.4450121781547536, 0.9648525001785836, 1.3655107329163914, 1.1906126806794326, 1.419557700154837, 1.3432496761739476, 1.2721498333953487, 1.2087060614269127, 1.074073018164388], "(2, 1, 3, 3)": [1.4290030978518775, 1.3172559115313913, 1.4438736634010438, 1.4574854465413383, 1.5408484300033032, 1.3751273372196324, 1.4858740336653984, 1.2998361586678926, 1.7995778011532426, 1.5386839113253452, 1.3544917652011912], "(2, 1, 2, 2)": [1.1134964350578689, 0.5894128944558804, 0.34291405314461987, 1.3054349361856392, 0.772041865689906, 1.0331941830266385, 1.1266701495212368, 1.223142505356613, 1.0570964559086813, 1.1460328434011835, 1.2687123168911352], "(2, 1, 3, 2)": [0.6969584301379775, 1.106910881129933, 0.6575427732083776, 0.6429578917164642, 0.8289132147482141, 0.603344293794876, 1.1219398353654089, 0.8439485323825358, 0.6992344180085107, 0.6646973139899556, 0.8713456696146004], "(3, 2, 3, 3)": [1.9014773969025571, 1.84017883740975, 1.8386887172609678, 1.8921449069165803, 1.9391824535267208, 1.9396427528171567, 1.9186612613346135, 1.9325183752615027, 1.9464339218545772, 1.9069419412727449, 1.8451640218126724], "(3, 3, 3, 3)": [1.902327305564302, 1.8956329741296163, 1.879055695315755, 1.835907024701955, 1.8890432976162672, 1.9016054175099524, 1.8862500517930503, 1.8764166025450342, 1.878560090383547, 1.88069111362867, 1.8224821676646636], "(3, 3, 2, 2)": [1.9267302049707455, 1.9181829121283018, 1.9169345339963209, 1.937574186672751, 1.9406802896442734, 1.9266998787534755, 1.9072457297669234, 1.863610935695335, 1.8966314594919302, 1.8394098639469048, 1.912336355836766], "(3, 2, 2, 2)": [1.598936159942147, 1.8298989774108092, 1.6055959842860943, 1.838723669308287, 1.6574150366396252, 1.8391571659468673, 1.778710197775488, 1.8170562585294163, 1.7881843791067982, 1.9153978941655676, 1.820191639342042], "(3, 1, 2, 2)": [1.0966427071459455, 1.031174885268495, 0.7449056334994549, 0.6606988925399535, 0.46745754546356755, 0.9482064021264907, 1.141420325828421, 0.6506832615997409, 1.3402407652744355, 0.9437824838850402, 0.8198977870890203], "(3, 3, 2, 3)": [1.0100081496672466, 0.46786629321239115, 0.6888100603258667, 0.6862921289460152, 0.5019299083433606, 0.4998376401030796, 0.6996352793144394, 1.0314062882570676, 0.9013636765196067, 0.48998840890561424, 0.4922308472173882], "(3, 2, 2, 1)": [0.0, 0.09003122448921204, 0.0, 0.09810952132963316, 0.10429536657641546, 0.15698525732063118, 0.0, 0.0, 0.0, 0.0, 0.0], "(2, 1, 2, 1)": [0.0, 0.0, 0.0, -0.076352358918672, -0.06746932690490143, 0.0, -0.20612465502753385, -0.7088034591814112, 0.6074444330681896, 0.0, -0.17035198789473371], "(2, 2, 3, 3)": [1.8799017269544303, 1.851745696095664, 1.8225084260889992, 1.8706138356558706, 1.8900618944279612, 1.9582818867929288, 1.9432182054964857, 1.920848955082241, 1.933876442919189, 1.9277423355573147, 1.887756858740163], "(2, 2, 2, 2)": [1.8119935948208081, 1.7664254595649131, 1.8409844732429155, 1.8711015625397631, 1.882413553995192, 1.8830138072731335, 1.8287540469135148, 1.808581110951369, 1.8371031500996007, 1.8144490716719295, 1.8987580176963748], "(3, 2, 3, 2)": [0.6622929040053045, 0.7078490534742193, 0.7250970956829335, 0.9073522149986581, 0.5120993959187906, 0.6033359081951362, 0.9534737566547503, 0.9160517892468035, 0.7518509347727148, 1.774317392669224, 0.8890481064955454], "(3, 1, 2, 1)": [0.09167223161481992, 0.08638166785240174, -0.08232919779565565, 0.09056444495484613, 0.0, 0.08744635581970216, 0.14216846990180657, -0.29494955533592343, 0.0, 0.0, 0.0], "(3, 2, 2, 3)": [0.3334996618300997, 0.3115098379092842, 0.32370883517318805, 0.3628423028264769, 0.6060640372393414, 0.5611832919906149, 0.33212364110012216, 0.8815470098866234, 0.7843583399169285, 1.1757431654023311, 0.6488398130906241], "(3, 1, 2, 3)": [0.138829876678161, 0.0, 0.11692216848538116, 0.21957892249442654, 0.0, 0.2525234434264466, 0.09908065643485038, 0.118121545439028, 0.0, 0.0, 0.0], "(3, 1, 3, 3)": [1.081686615849975, 0.6680844162562253, 1.0274043802063215, 1.3183212921309897, 1.3537991142204926, 1.1382249036645846, 1.291675803925028, 1.2201256155478206, 1.7244728750243181, 1.2308282436199527, 1.1929656801351445], "(3, 3, 3, 2)": [0.8829132063896317, 1.0658312454438648, 0.7957783776699232, 0.7160453550331682, 0.604545102686908, 0.6981702051216039, 1.000731175673499, 1.6015432895238317, 0.3603935351644529, 0.6391088216303822, 0.969723543294599], "(3, 4, 3, 3)": [1.2547125296802477, 0.968545947467775, 1.196703890830676, 0.8335821273679194, 1.2710635699342963, 1.4196400835577443, 1.01242475826842, 1.0403396162908616, 0.4743456833969359, 1.0784733725507347, 0.6869649592388003], "(3, 1, 3, 2)": [0.2530461225631272, 0.5355835643428448, 0.5507858802647074, 0.5300757646236041, 0.3086304077773463, 0.24193323711672882, 0.2472009208513647, 0.5395709447613559, 0.563258336636301, 0.636490346743058, 0.6512610285175888], "(3, 4, 2, 2)": [1.5123232499788624, 1.4450351214516886, 1.5684078904051693, 1.5304466917105521, 1.802015667974616, 1.5285095892630134, 1.1140596674352596, 1.4814192992903659, 1.3438456415423043, 1.3112969680589845, 1.1719269973706077], "(2, 2, 3, 2)": [1.1340102068286295, 0.5544103563278111, 1.2565891195907974, 1.7466316597790135, 0.8476276126218679, 1.113312041848592, 0.9033386087177508, 1.1108851920299276, 0.4588340168873398, 1.0490275090541916, 0.5748191707531658], "(3, 4, 2, 3)": [0.9024247023848383, 0.6531463590799691, 0.728406429786733, 1.4839737662970867, 0.7875974830668606, 0.7501228610540833, 0.7075484608446916, 0.8337611153626134, 0.6781102894618568, 0.5901112263823323, 0.6953786401104292], "(2, 3, 3, 2)": [0.4763037227725384, 0.30389851329046347, 0.46255570821799596, 0.4617974934564537, 0.3336779954911624, 0.24042503834501716, 0.19356174319328467, 0.0, 0.49526097109548095, 0.6028207156274134, 0.7901182371510556], "(3, 3, 3, 4)": [0.46395004278277324, 0.3318710405450638, 0.0, 0.34185453280250594, 0.3567664704780589, 0.51800382466861, 0.1740681015600825, 0.11760543482003256, 0.09847763750101424, 0.0, 0.20614026529918558], "(2, 2, 2, 1)": [0.09975004566272766, 0.19037181858109134, 0.0, 0.13739650634068878, 0.0, 0.23059030830527938, 0.41868378147136254, 0.21950452390803898, 0.19303738450745897, 0.6256095180279595, 0.36136633642698335], "(2, 2, 3, 4)": [0.0, 0.0, 0.0, 0.0, 0.0, 0.0, 0.0, 0.0, 0.0, 0.0, 0.0], "(3, 4, 3, 2)": [0.0, 0.310227905515185, 0.0, 0.8558827470384609, 0.1546768434476083, 0.2394165863336352, 0.40033507185352585, 0.23293878705428775, 0.2900791441147087, 0.15738571905739387, 0.15418718062695314], "(2, 2, 2, 3)": [0.34605190578514755, 0.9986106989591417, 0.47478335495652424, 0.5086236429122045, 0.6515209840793373, 0.30279298274201494, 0.32173815177775966, 0.1683421685341947, 1.5815674280423038, 1.0454166848288946, 0.5267505294660297],