{"qa_values": {"(2, 3, 2, 2)": [1.374615718567925, 1.439670670498424, 1.3572861762901087, 1.4600337049675343, 1.3290318992392665, 1.21281388638591, 1.302224928222978, 1.1919081128206446, 1.2577378806026713, 1.4970241251623508, 1.3071028762068946], "(2, 3, 3, 3)": [1.3958220052530401, 1.3866761432663994, 1.250489720239102, 1.1935435012398905, 0.883019969050926, 1.4299414226454739, 1.3551016367881155, 0.9389007449545289, 1.3401799368693883, 1.0852909993429956, 1.2549026660256553], "(2, 3, 2, 3)": [0.33706338593405855, 0.14046903515655043, 0.40614187982361194, 0.57640419185323, 0.5358380120607529, 0.4346974170002642, 0.26186538095615575, 0.16459361584032034, 0.5861279937336634, 0.813980073855484, 0.5253134767845181], "(2, 4, 2, 3)": [0.20329201917693773, 0.09154502869398695, 0.300682849850611, 0.20032574838198142, 0.0, 0.0, 0.37007035037921165, -0.06316754856692085, -0.20706298810915047, 0.11722118497687542, 0.30238177165001806], "(2, 4, 3, 3)": [0.3610518171716717, 0.2175609857668611, 0.5739142089251831, 0.568837066082196, 0.38212447721964604, 0.23274648636462428, 0.24690893540575487, 0.3160708242670675, -0.140344873143123, 0.7242079537322111, 0.24701574375774182], "(2, 4, 2, 2)": [0.6626182177038599, 0.1939039454661951, 0.5727359904234927, 0.5576280343213925, 0.5312305404706741, 0.49350034832351486, 0.4085451947846524, 0.37320481759475505, 0.3803461730091633, 0.20021806136573225, 0.2993238864081683], "(2, 1, 3, 3)": [0.41198911990208653, 0.46133754988524917, 0.49919660520900133, 0.6111771841671634, 0.3892486899776505, 0.3020709484782552, 0.18186869488566015, 0.5263724132147427, 0.8800621110981309, 0.5767844029743058, 0.3278543984296308], "(2, 1, 2, 2)": [0.9227245027880968, 0.30938887248603253, 0.873510735267745, 0.5877092545766092, 0.8202621741932523, -0.48883954346874214, 0.5989187755831702, 0.5196735238568233, 0.5062137604027442, 0.08886213275851698, 1.0886183095235331], "(2, 1, 3, 2)": [0.5042488063738149, 0.4656096958075223, 0.09253250713542399, 0.3313704308090919, 0.20599729152344587, 0.3828101122646781, 0.4536281613287846, 0.31068462131944563, 0.09412681184972765, 0.40595828262123507, 0.3447310630198421], "(3, 2, 3, 3)": [1.2137892251794984, 1.0134503210733883, 1.0664298873553937, 1.231681355950311, 1.3232787082680588, 1.0819783461076475, 1.2712578858490846, 1.2959281710722892, 1.3457873866995937, 1.4693945439597647, 1.1173963926746928], "(3, 3, 3, 3)": [1.500702002667413, 1.4178266533642918, 1.6289027400828533, 1.3004011242569788, 1.468738504242639, 1.6849265643896505, 1.5671596675995412, 1.6089079151400802, 1.515748667005132, 1.4470148953794228, 1.2801101647187632], "(3, 3, 2, 2)": [1.1570236670830496, 1.214401537712455, 1.169622599508276, 0.9935825160052429, 1.1369345804062887, 1.419659012929854, 1.0052712100730874, 1.2937980577016792, 1.2751749806444717, 1.167545053413858, 1.2164337063155792], "(3, 2, 2, 2)": [1.1032366951315529, 0.7757311185472395, 0.5953843439200903, 1.3489095002569849, 0.8500516910881878, 1.1184490193168095, 0.7654353857659442, 0.7862096911527662, 1.0457314175819739, 1.0993630007107549, 0.8696577948431083], "(3, 1, 2, 2)": [0.105068723965911, 0.18629957901177208, 0.21555156619446506, 0.4401951456918492, 0.0, 0.19041488067951157, 0.2570504872637214, 0.5046391754160245, 0.3933243542980738, 0.18401332852993862, 0.288257550882943], "(3, 3, 2, 3)": [0.6029767264509143, 0.14864447456047084, 0.39092500561355825, 0.16654842485541543, 0.27750480962595814, 0.2912076950916582, 0.405906792001412, 0.32674820139470256, 0.0, 0.16562192470998405, 0.0], "(3, 2, 2, 1)": [0.0, 0.09003122448921204, 0.0, 0.09810952132963316, 0.10429536657641546, 0.15698525732063118, 0.0, 0.0, 0.0, 0.0, 0.0], "(2, 1, 2, 1)": [0.0, 0.0, 0.0, -0.20038943695918277, 0.0, 0.0, 0.0, -0.5278063360150351, 0.0, 0.0, -0.1828174946916605], "(2, 2, 3, 3)": [1.4193589721446078, 1.0067665276547362, 1.1713606900549953, 1.4079709564289171, 1.3552590290685702, 1.4610715408512533, 1.2028020450033976, 1.3354113054742391, 1.2380995930099155, 1.453580573333136, 0.8988375476218118], "(2, 2, 2, 2)": [1.2978292954310986, 1.4495352249512192, 1.571504223116422, 1.4728259633793142, 1.4499140347620094, 1.4341711187535024, 1.4683384599932559, 1.3740115526030667, 1.47420984199104, 1.3574020796090096, 1.4021322129688811], "(3, 2, 3, 2)": [0.26982953806924354, 0.11309618456103337, 0.13701594295977274, 0.2936147130662151, 0.20313515826540235, 0.22077851421010614, 0.21336211098142116, 0.22352415279733945, 0.31589804912284014, 0.3372263607443967, 0.3852185508315752], "(3, 1, 2, 1)": [0.0, 0.08638166785240174, -0.08232919779565565, 0.0, 0.0, 0.08744635581970216, 0.0, 0.0, 0.0, 0.0, 0.0], "(3, 2, 2, 3)": [0.1587399888514656, 0.14637028677798644, 0.1452943287387304, 0.0, 0.1451139964056815, 0.3740961797738342, 0.0, 0.1479845078653188, 0.0, 0.24469990806463215, 0.0], "(3, 1, 2, 3)": [0.0, 0.0, 0.11692216848538116, 0.21957892249442654, 0.0, 0.17306232988834383, 0.0, 0.118121545439028, 0.0, 0.0, 0.0], "(3, 1, 3, 3)": [0.30232408512701037, 0.1269486937128014, 0.6334949122059631, 0.3117470167262717, 0.2949079930222499, 0.43627549412537014, 0.5503030351217468, 0.21287488694711082, 0.7954076440479344, 0.31160280110516575, 0.5674311133497469], "(3, 3, 3, 2)": [0.16714567642881462, 0.15442633234886316, 0.39211098101985464, 0.15235048961077247, 0.1274621111631182, 0.2125953075981476, 0.5277332967879751, 0.3310434978152208, 0.0, 0.0, 0.46192471608902785], "(3, 4, 3, 3)": [0.4812799096823377, 0.6412967851332282, 0.5197848561186189, 0.49191266199267186, 0.6606071086919586, 0.7389553184111524, 0.4425876183664217, 0.3877923759332155, 0.2112962940087912, 0.4876759249718603, 0.18505653159246588], "(3, 1, 3, 2)": [-0.31102511090383345, 0.20463457754026732, 0.0, 0.10137595955031622, 0.1976169822988817, 0.0, 0.0, 0.0, 0.0, 0.09149809320220852, 0.0], "(3, 4, 2, 2)": [0.423821129216535, 0.5881291253872702, 0.3293885633967827, 0.38127906195184263, 0.7030113631343212, 0.3361422508090042, 0.44444444164935915, 0.6406211550345222, 0.4258620719487209, 0.5267744733507804, 0.6827766883320361], "(2, 2, 3, 2)": [0.6078041075856174, 0.3039440031495154, 0.4133795627760203, 0.5440683486854162, 0.12895566349128096, 0.2185195722561848, 0.5574061404796697, 0.5930468741759258, 0.29584217525387113, 0.6109294901757807, 0.263652423696839], "(3, 4, 2, 3)": [0.20989415862087685, 0.09511622909868614, 0.18974616090358704, 0.20263313042046122, 0.2104968437435416, 0.27218216572669734, -0.0957057137446304, 0.0, 0.1043975841002717, 0.11772286457960467, 0.2031221159663612], "(2, 3, 3, 2)": [0.31958446378212624, 0.30389851329046347, 0.1351911725389456, 0.12341506155226885, 0.3336779954911624, 0.10908299375924305, 0.0, 0.0, 0.16265269526043943, 0.3055330441655427, 0.0], "(3, 3, 3, 4)": [0.0, 0.0, 0.0, 0.16936469442560143, 0.18020571261597418, 0.09140608906745912, 0.0, 0.0, 0.09847763750101424, 0.0, 0.09297017455101014], "(2, 2, 2, 1)": [0.0, 0.0, 0.0, 0.0, 0.0, 0.0, 0.1092600851561939, 0.11559845421190454, 0.0, 0.0, 0.0], "(2, 2, 3, 4)": [0.0, 0.0, 0.0, 0.0, 0.0, 0.0, 0.0, 0.0, 0.0, 0.0, 0.0], "(3, 4, 3, 2)": [0.0, 0.1322060253578592, 0.0, 0.22309289342495642, 0.0, 0.0, 0.0, 0.23293878705428775, 0.0, 0.0, 0.0], "(2, 2, 2, 3)": [0.16908273779931624, 0.0, 0.3105094383791639, 0.0, 0.0, 0.30279298274201494, 0.0, 0.1683421685341947, 0.6784459668025483, 0.437637150631763, 0.0], "(3, 4, 3, 4)": [0.11635793505229758, -0.172028034091106, 0.11459754271452288, 0.0, 0.0, 0.0, 0.0, 0.0, -0.21398600985435584, -0.10738055531405404, 0.09475355247547901], "(2, 1, 2, 3)": [0.0, 0.12310665818903477, 0.13392426108567812, 0.12671800228807958, 0.0, 0.0, 0.10584243901524137, 0.0866151511669159, 0.1267679635875358, 0.0, 0.0], "(2, 4, 3, 2)": [0.0, 0.11155608732947031, 0.0, 0.0, 0.0, 0.0, 0.0, 0.12979393540236658, 0.0, 0.0, 0.0]},