{"qa_values": {"(2, 3, 2, 2)": [1.6913418464195067, 1.8192888544011663, 1.861679624617638, 1.8669097704675628, 1.8567346258142337, 1.7688433510331065, 1.7619285357061614, 1.6996355223221715, 1.7482319026718383, 1.8574814162849, 1.7307763282819588], "(2, 3, 3, 3)": [1.8231788712720411, 1.7315817380827485, 1.747742169235073, 1.690773499683423, 1.5735161729739966, 1.836812689420049, 1.7475847171473131, 1.7026478253926858, 1.7783445509822926, 1.7908683064252438, 1.7620873685074807], "(2, 3, 2, 3)": [0.7295634031887074, 0.5780189986873367, 0.7937450893449296, 0.6973594737362605, 0.8470488173604245, 0.6672467219129865, 0.634258702140766, 0.6048678867604224, 1.3545432404857307, 0.9921136625898981, 0.8805144732808889], "(2, 4, 2, 3)": [0.20329201917693773, 0.3789285543658352, 0.9723031566990447, 0.20032574838198142, 0.13477764709150822, 0.2225393188662203, 0.46872848050602245, 0.2070231633779177, -0.05116799681013387, 0.40792914185268986, 0.4934649820813822], "(2, 4, 3, 3)": [1.0373194242768682, 0.9467956574523135, 1.2262865428657252, 0.8426513448667723, 0.7647970115841061, 0.34540508219511523, 0.6814702516110571, 0.46226232207035123, 0.6783828402502077, 0.9549435216629039, 0.8586946337966314], "(2, 4, 2, 2)": [1.628848032108235, 0.9231484226657798, 1.1623254498562392, 0.8614430680706807, 1.0982639192814112, 1.0519747672810313, 1.2152767446635258, 0.6698154511060851, 0.9487650909324429, 0.7198707704833429, 0.9862946638035439], "(2, 1, 3, 3)": [1.175511776565689, 1.0747324319658373, 1.270497219227223, 0.9428280950754815, 1.416308503620633, 1.057314066809364, 1.0176487016387046, 0.9515650622301546, 1.6964504786097891, 1.4126802913825725, 0.9309410169037537], "(2, 1, 2, 2)": [0.9078345659467455, 0.5710155815070911, 0.4603148234078885, 0.969181990178107, 1.2507836978235216, 0.9418977358945375, 1.1268907188398867, 1.189727904132659, 1.1267464163087748, 1.2373941725989113, 1.184522302280433], "(2, 1, 3, 2)": [0.5042488063738149, 0.7775427912926813, 0.4660862542580727, 0.5467095815569353, 0.45654400099908454, 0.2676494792991696, 0.8809232924171049, 0.6595229309448433, 0.5788957641874813, 0.537683789854697, 0.8713456696146004], "(3, 2, 3, 3)": [1.8022762595712667, 1.6472811957265194, 1.7894321001035849, 1.864318662129516, 1.8905777480063133, 1.8733463347392114, 1.8269934955310256, 1.8390778412618791, 1.780910452168903, 1.9257027755724845, 1.8466067681299059], "(3, 3, 3, 3)": [1.842951160726209, 1.8231312705888365, 1.8369917804011673, 1.7862146248278232, 1.8245003722644362, 1.8606222856604941, 1.8519180965028346, 1.8470199283006812, 1.8236488182681516, 1.7426215205256506, 1.7867072717673653], "(3, 3, 2, 2)": [1.7717607828369661, 1.799897868203713, 1.720645783231801, 1.8596725556141065, 1.8788516294366608, 1.923887444211406, 1.7734587864877447, 1.7392193053261236, 1.6623710281671082, 1.6204306829566644, 1.8016625877119454], "(3, 2, 2, 2)": [1.601288622316682, 1.7819054915123471, 1.342224069142619, 1.807504561960803, 1.7094591771041459, 1.7394172842060465, 1.54129686287977, 1.7135245306867004, 1.6551667774018286, 1.748869932334104, 1.7431379899741828], "(3, 1, 2, 2)": [1.1769533396453251, 0.8976118957483986, 0.2444113499560861, 0.757547195945011, 0.740954579679858, 0.6430180375355996, 0.9583855928716691, 0.8297662743786602, 0.8781066214799594, 0.8060090775041439, 0.4939474696306505], "(3, 3, 2, 3)": [1.0100081496672466, 0.3024191116526799, 0.39092500561355825, 0.6862921289460152, 0.5019299083433606, 0.4998376401030796, 0.5618499132066979, 0.6978854134564363, 0.1929572436032718, 0.48998840890561424, 0.33767023294102677], "(3, 2, 2, 1)": [0.0, 0.09003122448921204, 0.0, 0.09810952132963316, 0.10429536657641546, 0.15698525732063118, 0.0, 0.0, 0.0, 0.0, 0.0], "(2, 1, 2, 1)": [0.0, 0.0, 0.0, -0.20038943695918277, -0.18042151351449143, 0.0, -0.20612465502753385, -0.7088034591814112, 0.4076818302364674, 0.0, -0.17035198789473371], "(2, 2, 3, 3)": [1.822885629785757, 1.744661402223849, 1.7405463645869383, 1.7923862603044156, 1.7983330913975035, 1.9234841991566272, 1.907641454221955, 1.8898050485237796, 1.8714460187622892, 1.8850406668310355, 1.8422832192191618], "(2, 2, 2, 2)": [1.7296311694077682, 1.6879775706593445, 1.8382928894324524, 1.752361268042803, 1.8712628113531506, 1.86075819735762, 1.8457228357509012, 1.8410341926390916, 1.8420923676688234, 1.894323907570155, 1.8136093394279778], "(3, 2, 3, 2)": [0.6622929040053045, 0.2837882274130207, 0.5916164384227963, 0.5772397667721221, 0.20313515826540235, 0.22077851421010614, 0.5399513620778198, 0.8057705991334116, 0.48056469267569213, 1.0762708718387077, 0.7728519591476999], "(3, 1, 2, 1)": [0.0, 0.08638166785240174, -0.08232919779565565, 0.0, 0.0, 0.08744635581970216, 0.14216846990180657, -0.18544220410728768, 0.0, 0.0, 0.0], "(3, 2, 2, 3)": [0.3334996618300997, 0.3115098379092842, 0.32370883517318805, 0.3628423028264769, 0.6060640372393414, 0.5611832919906149, 0.1928309332913597, 0.6343640620610738, 0.1798601103155452, 0.9000199438549087, 0.34597231152096636], "(3, 1, 2, 3)": [0.0, 0.0, 0.11692216848538116, 0.21957892249442654, 0.0, 0.2525234434264466, 0.09908065643485038, 0.118121545439028, 0.0, 0.0, 0.0], "(3, 1, 3, 3)": [0.8443609924621005, 0.3455465223704308, 0.9284519560310708, 1.1263332127119443, 1.0452894364502603, 0.8365923649176955, 1.1842982587328617, 0.8712769383942007, 1.453725875527689, 0.9532275824049764, 0.8859130490357369], "(3, 3, 3, 2)": [0.48307450736664226, 0.602248529641368, 0.5229747241494749, 0.454908267775771, 0.1274621111631182, 0.329065545137549, 0.7860874701376096, 0.6256891432825318, 0.18774548667805582, 0.19155419363794612, 0.46192471608902785], "(3, 4, 3, 3)": [0.7487235429570522, 0.408381171565104, 0.9532933216102291, 0.9978936888344665, 0.78394094413946, 0.8026252809389951, 0.7633389963580663, 1.1071560113277215, 0.9463837197698082, 0.6996041672623977, 1.1102799997124186], "(3, 1, 3, 2)": [-0.17418747172108173, 0.44488934462674756, 0.23967229971581944, 0.4364373102609849, 0.3086304077773463, 0.24193323711672882, 0.13330647260535944, 0.22201392881441462, 0.30271604078342895, 0.37262197416827286, 0.5301046322747945], "(3, 4, 2, 2)": [1.181500798230584, 1.3590178813409668, 1.2069226252885932, 1.326939779367399, 1.601312855517108, 0.9710577123459727, 0.8784184154977854, 1.1429007318017417, 1.0736581341174325, 1.1428521083683598, 0.8936336230363888], "(2, 2, 3, 2)": [1.0481732609922378, 0.43773517614665364, 1.0199906462846053, 1.4961030943757487, 0.7289822196255026, 0.673491256034126, 0.9033386087177508, 0.9256212135915568, 0.29584217525387113, 0.842449707629508, 0.5748191707531658], "(3, 4, 2, 3)": [0.9024247023848383, 0.3759957959496607, 0.728406429786733, 0.7605782452631298, 0.6171630528208536, 0.4634231415560935, 0.5037507715363052, 0.674972362374032, 0.65670521435595, 0.3618066366402857, 0.6953786401104292], "(2, 3, 3, 2)": [0.4763037227725384, 0.30389851329046347, 0.46255570821799596, 0.4617974934564537, 0.3336779954911624, 0.10908299375924305, 0.0, 0.0, 0.33788830361820943, 0.45638207671582476, 0.3640822580095076], "(3, 3, 3, 4)": [0.303180558497588, 0.0, 0.0, 0.34185453280250594, 0.18020571261597418, 0.26865725801631907, 0.0, 0.0, 0.09847763750101424, 0.0, 0.09297017455101014], "(2, 2, 2, 1)": [0.0, 0.09232032299041748, 0.0, 0.0, 0.0, 0.10222654116710693, 0.2823578040813336, 0.21950452390803898, 0.0, 0.33015852557530445, 0.19306017014034987], "(2, 2, 3, 4)": [0.0, 0.0, 0.0, 0.0, 0.0, 0.0, 0.0, 0.0, 0.0, 0.0, 0.0], "(3, 4, 3, 2)": [0.0, 0.1322060253578592, 0.0, 0.36489178586052795, 0.1546768434476083, 0.14639961088781636, 0.13556218832795003, 0.23293878705428775, 0.0, 0.0, 0.0], "(2, 2, 2, 3)": [0.16908273779931624, 0.34950863197571214, 0.3105094383791639, 0.17877048540275997, 0.3508972438639836, 0.30279298274201494, 0.18677317913719488, 0.1683421685341947, 1.2493262983959579, 0.7035187334943513, 0.0], "(3, 4, 3, 4)": [0.2525486608372093, -0.172028034091106, 0.11459754271452288, 0.0, 0.0, 0.0, 0.0, 0.0, -0.21398600985435584, -0.10738055531405404, 0.09475355247547901],