{"q_values": {"(2, 3, 2, 2)": [1.8403955142571324, 1.9426047952642782, 1.946524801781598, 1.949240949901705, 1.9658285772159407, 1.9521936866309413, 1.8710920805724183, 1.886615397624146, 1.8715836203137075, 1.8656649362617908, 1.9149363586448185], "(2, 3, 3, 3)": [1.8526142398183736, 1.8866947084155516, 1.8255590494155467, 1.8038117094595092, 1.8526312440763526, 1.8608069405730778, 1.7720741688792787, 1.8569492723976264, 1.90354292694318, 1.741959272593777, 1.736930693754364], "(2, 3, 2, 3)": [1.1954494474531194, 0.8936719980041846, 0.7633993173083994, 1.3139860782970274, 0.9877628179766622, 1.1536762823211866, 1.7203586226049186, 1.0236070679413702, 1.1682225731699543, 0.8840561467393058, 1.4515703323967648], "(2, 4, 3, 3)": [0.9879983946119852, 1.0050613104201407, 0.8019427646976456, 0.8162414834000284, 0.8643872669009353, 0.7610671809595425, 0.735602981457286, 0.6184497014064665, 0.482711282486065, 0.8304352915077595, 0.22281549630176312], "(2, 4, 2, 3)": [0.4449765115757909, 0.4120441410793794, 0.19868831953969046, 0.4519529214074937, 0.11729269282803026, 0.24044607640007273, 0.1911640552878109, 0.5044916297127225, 0.453276895012636, 0.27342418929359136, 1.0563141330908214], "(2, 4, 2, 2)": [1.1733414973654042, 0.8220673934135979, 0.6012756415137104, 0.8276842732008689, 0.7488020960057771, 0.7873916835318053, 0.702820660711414, 1.000904180767631, 0.7939498356179501, 1.0173868077531034, 0.7329217487284376], "(2, 1, 3, 3)": [1.2312673361706725, 1.34238280107392, 1.3034962864597925, 1.230229849251509, 1.1468714289132567, 1.270340679165914, 1.4148942434510836, 1.544004844634465, 1.7913201606794584, 1.2956546620240321, 1.3916663812248506], "(2, 1, 2, 2)": [-0.03226006940173587, 1.0606450884191325, 1.0087193953143612, 1.1575990552838231, 0.7242521954414453, 0.9360087766686299, 0.9804091820904666, 0.9260182899784043, 1.0626661799360253, 0.7305974598493603, 0.9817350948386175], "(2, 1, 3, 2)": [1.0535789839212744, 0.5843921593680744, 0.7660344925628717, 0.3695790432163238, -0.12407213586956792, 0.7195299717429988, 0.5892189815017919, 0.0, 0.8534944230640318, 0.3882366478280216, 0.901471297259506], "(2, 2, 3, 3)": [1.8906284770371664, 1.871699399516542, 1.9185287770621848, 1.9334914241055594, 1.931095296106786, 1.9285074162798073, 1.9454107562970568, 1.947687736939273, 1.9679301202605872, 1.953362319499676, 1.9397055990640142], "(3, 2, 3, 3)": [1.9275239842919234, 1.887186815794301, 1.919455572416664, 1.9202658592638586, 1.8901083029678514, 1.9521149135572071, 1.9568750730112663, 1.947905200661379, 1.9590888183089823, 1.9598184890050312, 1.8924842452575708], "(3, 3, 3, 3)": [1.8861460868810618, 1.8822061938720727, 1.8623411510151786, 1.8629800104987706, 1.81274856842606, 1.8652369420131814, 1.8584590166767032, 1.8639869245482623, 1.8512488474141808, 1.8555238822739595, 1.7262146045113613], "(3, 3, 2, 2)": [1.9649094870092438, 1.9106300929118343, 1.8673294932794555, 1.8525965178286037, 1.932174914888554, 1.94023117775791, 1.8877081026696723, 1.860700163149721, 1.8999279425978937, 1.8935799001742974, 1.8702654096242153], "(3, 3, 3, 2)": [1.4452928803172866, 0.653554070583242, 0.7525992229313894, 0.6283599908539432, 0.3593723236221039, 0.40974809444773685, 0.19099523671341234, 0.7470924691530052, 0.36417869164324934, 0.7647274538884448, 0.520501812829248], "(3, 2, 3, 2)": [1.2573593708223476, 1.0271668793855486, 1.0016720338384058, 1.1878291355708723, 1.1502838435917515, 1.0803147522124852, 0.8754929715587045, 1.8796527141142905, 0.8842780927333389, 1.324927133205342, 1.240639685673325], "(3, 2, 2, 2)": [1.7734757976939834, 1.841198147625153, 1.779944453406156, 1.8667749357475285, 1.88046308751892, 1.8609675084901252, 1.8836923576160098, 1.8713548282981198, 1.898826130156627, 1.9355137724689788, 1.8260599122496295], "(3, 1, 2, 2)": [0.6955938951745293, 1.0958054632504084, 0.6582253667131044, 0.7412475262371137, 1.2049879667824859, 0.9784828601208886, 1.1548423516237412, 0.6457748228625719, 0.3098692753082942, 1.1381892061324217, 0.950486254608659], "(3, 3, 2, 3)": [0.887424643628476, 0.770879512782944, 0.540259195535237, 0.6235536814168775, 0.38736305231483237, 0.7240788433443409, 0.7897751427241652, 0.9539387777697714, 0.33648984106959523, 1.5535201376499403, 0.35947676913258786], "(3, 2, 2, 1)": [0.27125675453312303, 0.09003122448921204, 0.10286579571626875, 0.0, 0.10642462216280196, 0.09754292086280493, 0.0, 0.0, 0.175130539826493, 0.12097215474194788, 0.0], "(2, 1, 2, 1)": [0.09116587952293066, 0.09428308504120893, 0.09654432843468742, -0.19250759718269675, -0.11731335918312216, -0.0015542317711620957, -0.30981141613776586, -0.25307303805253667, 0.0, 0.410979402720017, -0.18961701099167125], "(3, 2, 2, 3)": [0.7558183876168494, 0.38947134700438657, 0.6137746064098003, 0.5795185359642874, 0.34149645828007213, 0.8534195777021769, 0.3177143812342944, 0.45408888613266785, 0.8584168377415832, 0.8257981652444689, 0.5114989553037063], "(2, 2, 2, 2)": [1.8582221169858635, 1.8303621977095252, 1.8479438185925359, 1.8870157164318204, 1.8800528129464724, 1.8585401816985263, 1.8672036035623816, 1.862215959708335, 1.8810676345763675, 1.8866927573256163, 1.8223774675935431], "(2, 2, 2, 3)": [0.5204390089749823, 1.140882337439691, 0.9940330326347867, 0.852112543036235, 0.7286709326468016, 0.5648627827009307, 0.3694675164722331, 0.45383712362309875, 1.3641602197614298, 0.7152018180838515, 0.6130493871760181], "(3, 1, 2, 1)": [-0.17980627808294047, 0.09075398564338684, 0.0, -0.17790936054665385, 0.09809846489872379, -0.051695157865889865, -0.19017795629980716, 0.0, 0.0, 0.1438931409855281, 0.39497980871514926], "(2, 2, 2, 1)": [0.10300868907249705, 0.09304838493980078, 0.0, 0.1076446179938196, 0.48256482716749005, 0.15305001531857598, 0.32786566231490044, 0.11645820974796811, 0.0, 0.36417401310634323, 0.33006183787550014], "(3, 1, 2, 3)": [0.0, 0.6153646198805588, -0.21776883602142336, 0.0, 0.0, 0.0, 0.08987497687339784, 0.17063636302810747, 0.1701015795547892, 0.14176583324801378, 0.2170738561195325], "(3, 1, 3, 3)": [1.3906910349983477, 1.2150532091819388, 1.3129537947432135, 1.4422393948410943, 1.6558408297610967, 1.4744660098372708, 1.5528099193857727, 1.5738413140437644, 1.417369670725747, 1.574322871106163, 1.275498546698921], "(3, 4, 3, 3)": [0.7133708021671673, 0.7349642600079209, 1.0308257297174412, 1.225061395555462, 0.886946447825521, 0.7399293334442077, 0.7190316544819004, 0.983645639016969, 0.7024586089889044, 1.1775634955990246, 0.6271441799566523], "(2, 2, 3, 2)": [0.6389143146266216, 1.6084382494802254, 1.222876909195495, 0.9619038521434011, 1.016576570171855, 0.606831772894867, 0.8571774305600762, 1.055566457829915, 1.0938642497967317, 1.2368097323653, 1.023012673995504], "(3, 1, 3, 2)": [0.9070298998281485, 0.5525612246236326, 0.8755495182990283, 0.3951360478205246, 0.4775396556137461, 0.6160147165187715, 0.7590896803722376, 1.4805264640912152, 0.9937234877776889, 0.7589782350533698, 0.7738486351704355], "(3, 2, 3, 4)": [0.0, 0.147930438385562, 0.0, 0.0, 0.0, 0.0, 0.0, 0.0, 0.0, 0.12491211978156654, 0.0], "(2, 3, 3, 4)": [0.19138896528002414, 0.31586143216533313, 0.0, 0.3809957123550583, 0.08925883769989014, 0.0, 0.0, 0.0, 0.2186340486597535, 0.0, 0.11932207432944862], "(3, 4, 3, 2)": [0.15775398476643798, 0.2462077252630956, 0.14163177031586413, 0.18874361500635417, 0.2354494683317685, 0.45099812441161824, 0.14652932930108922, 0.15005474138376135, 0.0, 0.1240016787837957, 0.14413077725915738], "(3, 4, 2, 2)": [1.2693858544157486, 1.7146888242784815, 1.0934133782926405, 1.3173533766320653, 1.199215550744344, 1.367818606864091, 1.1351546764397766, 1.1562502491899846, 1.103519072513454, 1.2578300581265054, 1.1724333266508407], "(3, 4, 2, 3)": [1.1493561032596218, 0.5435193370042816, 0.3827416205360037, 1.23679734851981, 0.4860196446280375, 0.39733592313291954, 0.4658552611486401, 0.5248165880292206, 1.0400362448381937, 0.3873433058762755, 0.3264751922984639],