{"q_values": {"(2, 3, 2, 2)": [1.9842078929130142, 1.9863600653386873, 1.9868571229832395, 1.986541495889756, 1.9856469213566867, 1.9850730377865289, 1.9862423704486738, 1.9868758158599498, 1.9858018849558072, 1.9859323974394623, 1.9860113228822938], "(2, 3, 3, 3)": [1.959205542196486, 1.9858948031376569, 1.9797830502511606, 1.9809085919086793, 1.9621982003451397, 1.9750125684679587, 1.9838251602477948, 1.9758122716484785, 1.9815063414806033, 1.9664291029111067, 1.9658361655809637], "(2, 3, 2, 3)": [1.966173416330543, 1.9899023355373655, 1.9702946436664095, 1.971197325419062, 1.9794570625552652, 1.975740263390509, 1.978807175109858, 1.9721040099998894, 1.9702466264871599, 1.9657294473328653, 1.9769457912551223], "(2, 4, 3, 3)": [1.571346449530015, 1.0966810088146373, 1.2015907725917283, 1.199922707914575, 1.2612572092398164, 1.2679478074581114, 0.674320737075663, 0.9257347487668959, 1.216618238638248, 1.1790743604177796, 0.8470143667757909], "(2, 4, 2, 3)": [1.8372908185261998, 1.6556818382750331, 1.4968516255765683, 1.3756184872064006, 1.5390181651828863, 1.413941721382314, 1.4875029728768954, 1.4012003806615454, 1.2131625321823254, 1.3769731422715112, 1.2800629860785173], "(2, 4, 2, 2)": [1.886602336008185, 1.842973846303588, 1.8437146613457283, 1.8381670213921113, 1.8390223456488097, 1.822464707350154, 1.8311808861530259, 1.7889105606190783, 1.8114522789229142, 1.7719765000460168, 1.7325412395618094], "(2, 1, 3, 3)": [1.7498611970650522, 1.7731768758601425, 1.845394367658079, 1.8048423590618572, 1.8497220779626153, 1.8501826379031034, 1.8605983303644575, 1.8489649933584493, 1.8574232275814238, 1.882617296616039, 1.854520433919256], "(2, 1, 2, 2)": [1.161855834878489, 1.054335360115634, 0.8894096053174466, 1.153460882870795, 0.6441587615801966, 1.2455027796154008, 1.2010236396065088, 1.0955261200205042, 1.2945381736516375, 1.2530728389090118, 1.5988568837937844], "(2, 1, 3, 2)": [1.2911349478163965, 1.2356768871265795, 1.5353880384654348, 1.5552405712218, 1.5556565503850774, 1.6133821135711084, 1.4276421878981145, 1.393656778172325, 1.7870043505434496, 1.721902106182872, 1.829716250160691], "(2, 2, 3, 3)": [1.9765275312188721, 1.9792432993582125, 1.9855327028082141, 1.9799840338386538, 1.9786523023218778, 1.9772010597315275, 1.9770362198084352, 1.9800397434140886, 1.9781359030807224, 1.9654272921652087, 1.9784102278194793], "(3, 2, 3, 3)": [1.9808497859521321, 1.980502662252568, 1.9804253684760613, 1.976506888895341, 1.9815159580624055, 1.9774280663629682, 1.982815566440883, 1.9811479238986391, 1.9808416464957648, 1.9809443057062828, 1.9788208728535819], "(3, 3, 3, 3)": [1.9523982028718723, 1.9662564607716535, 1.9784812018231872, 1.9666007842464281, 1.9590666640596217, 1.9598189313647902, 1.955531659415644, 1.9665060985252463, 1.9216859180698793, 1.9730865467435332, 1.9623675287968685], "(3, 3, 2, 2)": [1.9699056813859457, 1.9866546722396266, 1.977480666914409, 1.9772189398371414, 1.9776557752429949, 1.9772120382620528, 1.9739101505392282, 1.9747943697174941, 1.9754448569453176, 1.9772442243840886, 1.9707837204310727], "(3, 3, 3, 2)": [1.9868676403712158, 1.9827879584703478, 1.986526834245576, 1.9831246901045148, 1.9873346751017897, 1.9874994741315892, 1.9882324855407236, 1.983947719689818, 1.9767507794148516, 1.980052743412048, 1.986092094298628], "(3, 2, 3, 2)": [1.9593974647204195, 1.9712128826081114, 1.9699361674438407, 1.9705276738976627, 1.9786934808620429, 1.9659791906995814, 1.9745373578441792, 1.9754063609016679, 1.9773057047959701, 1.978791558770261, 1.9796744510839823], "(3, 2, 2, 2)": [1.920103962855058, 1.955202854421558, 1.9482814925630745, 1.942376508322852, 1.9271236666771308, 1.9418201840018334, 1.9357153371924354, 1.9031974493125174, 1.9573851091567922, 1.936705431893391, 1.9225412262231771], "(3, 1, 2, 2)": [0.9291597797367975, 1.0068744979655264, 0.8901558923554449, 0.9213826195926804, 0.9943876890083357, 0.7754914158744443, 0.8747991530906986, 0.7685249889178959, 0.8121380088259839, 1.0304080759421241, 1.0740342274581753], "(3, 3, 2, 3)": [1.9669435781165219, 1.971173903150061, 1.9656597238983862, 1.9742208430209514, 1.9694105258094112, 1.9664849452375897, 1.9571807373225896, 1.9632986264526133, 1.9634942262664241, 1.967506812855687, 1.9372334411813463], "(3, 2, 2, 1)": [1.2497604733532857, 0.6386166320195674, 1.0067721157202603, 1.1799878285057464, 0.5493390853222684, 1.131916350426935, 0.9338739904666306, 0.5782380106269589, 0.9027695361812463, 0.8707613496874692, 1.122163754324792], "(2, 1, 2, 1)": [-0.08934457232404122, 0.25244511940280956, -0.16172833752049745, -0.03057408249848423, 0.03206408448492609, -0.20364907456356485, 0.14331712392035822, 0.11079696764315519, 0.7055906407934185, 0.014108310819225922, -0.23184917075216024], "(3, 2, 2, 3)": [1.8825961843074204, 1.6789528291177034, 1.8687896215998627, 1.9785050767579753, 1.8069682565735512, 1.8946638182980673, 1.8976446472960795, 1.8301839681337813, 1.792953332086259, 1.9121201201465319, 1.4692503840223046], "(2, 2, 2, 2)": [1.946362620578126, 1.9294483209369426, 1.9525009898557002, 1.928176295861063, 1.93916636621384, 1.9296425126288757, 1.9421497313142693, 1.8998571871392786, 1.9361911235609923, 1.9274924189600093, 1.927481777277408], "(2, 2, 2, 3)": [1.9572234385989877, 1.9740949997775057, 1.9842304298081133, 1.976947103048956, 1.9832726876610347, 1.9872575318394599, 1.9931941190747042, 1.981951341060901, 1.9822581011183578, 1.9801532742481291, 1.9876279824415448], "(3, 1, 2, 1)": [-0.28794741332657164, -0.05470452963747523, -0.06038046142176086, -0.27626406269896486, -0.024998634903200867, -0.11221026690812619, -0.1328163328411831, -0.00981228780563101, -0.0688182840017122, -0.11764556668142952, -0.06054212328668973], "(2, 2, 2, 1)": [1.0285861565715884, 1.3377344523979127, 1.1852019924042265, 1.2386034309819642, 1.4183357550510896, 1.0162060882623571, 1.2327554730755999, 1.3424354377898609, 1.065586935650591, 1.907076559744983, 1.229044402415818], "(3, 1, 2, 3)": [0.5636435219126579, 0.9330992190076961, 0.11941644176142296, 0.4391245363227696, 0.3051955842708407, 0.1322832339797273, 0.41111123959443174, 1.2424243460432347, 0.7270199552333523, 0.5993556675664157, 0.6578949784074801], "(3, 1, 3, 3)": [1.6818322337156415, 1.7287122230610181, 1.8204957522009768, 1.8198926297333813, 1.8368897256805856, 1.8298178150881204, 1.8237038659108276, 1.8520985930284235, 1.8038003229779116, 1.8860487095575549, 1.8314510124130183], "(3, 4, 3, 3)": [1.7795357578178246, 1.4698084630304347, 1.3487257014789011, 1.262803313994742, 1.4343767357125377, 1.1963793988855256, 1.297868722277319, 0.8535856957074978, 1.1929160025556973, 1.3506695668957989, 0.8214240932866639], "(2, 2, 3, 2)": [1.9536545975491144, 1.9569095128930336, 1.9499470622193258, 1.9672208316125774, 1.9630159172262749, 1.9645496361261112, 1.965908350756369, 1.9725925760231653, 1.9770640872040885, 1.9678333758294309, 1.984841508235878], "(3, 1, 3, 2)": [1.4007871426862513, 1.4844709957188245, 1.4807672513795134, 1.2342460697469089, 1.4692072391115036, 1.2591101806558707, 1.5334294013653476, 1.4660814438596477, 1.5091150884514102, 1.5380443570315547, 1.8364499951870612], "(3, 2, 3, 4)": [0.37754159486941186, 1.6430252058212962, 0.5376970595645403, 0.198516777546488, 0.0, 0.5379057400531735, 0.2834851488193039, 0.3360189604841014, 0.14465424113624614, 0.4384464717962892, 0.3704118537492902], "(2, 3, 3, 4)": [0.9944061244020441, 0.9373467524362726, 1.3043688085517617, 1.7618897022908098, 1.370000351008866, 0.5961904006711848, 1.2388859056053834, 0.9647312583304112, 1.1804386331389713, 0.9537740922078851, 1.2854849074009134], "(3, 4, 3, 2)": [1.0335335652667685, 1.0659836653425794, 0.5992866003712397, 0.7359246539814914, 1.8224287612241514, 1.0361013757751834, 0.6532231993048336, 0.870301734885119, 0.563694759526089, 0.9426390109689826, 1.0347255080200242],