{"q_values": {"(2, 3, 2, 2)": [1.96652876200154, 1.9762894854756055, 1.9717419220382992, 1.967166992139153, 1.9298981966945306, 1.9830669205180644, 1.9707328472752872, 1.9695613122829556, 1.968936590552801, 1.968532798868322, 1.954522810126826], "(2, 3, 3, 3)": [1.9539461863303014, 1.9198103442245726, 1.9378230625401804, 1.9340839058603774, 1.9410337927453998, 1.9370445844227429, 1.92534413306573, 1.9388827771205357, 1.8947279761946783, 1.9050108013595783, 1.9251567085938686], "(2, 3, 2, 3)": [1.9714195017626928, 1.9155046013267218, 1.8865219115111909, 1.822457325455144, 1.8757981824803376, 1.8517493673978458, 1.89641651948492, 1.8133228801796313, 1.8981305865362887, 1.8881645715902322, 1.8558796896429326], "(2, 4, 3, 3)": [1.0679700124889808, 1.1845986291362836, 1.3432775944437034, 1.273940797472964, 0.7212678628233722, 0.9622421676540883, 0.951945119749018, 0.683649451988161, 1.2373944429585284, 1.1069140367107115, 0.4827679807440655], "(2, 4, 2, 3)": [0.8978898064794769, 1.0925113769510226, 0.8886988662488005, 1.332501254528155, 0.7969722120355623, 1.1778759850502085, 1.0141533679351156, 1.0994332201027925, 1.1989577774289468, 0.7142753243393859, 1.0573707391072922], "(2, 4, 2, 2)": [1.8271270458549307, 1.6314531821524807, 1.6464780950484257, 1.7586408059995289, 1.6190554599475262, 1.6503839674731717, 1.4546970213783081, 1.6680324089054592, 1.4411689327584036, 1.4653325599643103, 1.4806894100996182], "(2, 1, 3, 3)": [1.6908447707041072, 1.6777198825465545, 1.7667361177623973, 1.737959962235207, 1.7311076949276334, 1.787639944363863, 1.8202559223634864, 1.842311697770827, 1.8550431848049695, 1.8117755803859759, 1.8363691465532386], "(2, 1, 2, 2)": [1.2898870359913142, 0.5200845069503389, 0.08823335552223294, 1.261380642236457, 1.1151351294241398, 1.386612157194687, 1.08610995534103, 1.517580357256227, 0.9677937542424656, 0.9522815626546389, 1.195379335055925], "(2, 1, 3, 2)": [1.0977263263588803, 0.8572110394791885, 1.1135686685985537, 1.0861006892508704, 0.7842909681812564, 1.2768877430556917, 0.5991323413185948, 0.33722214945396534, 1.4618412848910756, 1.1936698223606188, 1.8000818093359108], "(2, 2, 3, 3)": [1.9518760240364008, 1.9524445649250697, 1.9632861704699391, 1.9648425470396067, 1.956759832060218, 1.9618487400230151, 1.961102146112119, 1.969188442194195, 1.9658055878532406, 1.9590409532299926, 1.9562227549415891], "(3, 2, 3, 3)": [1.9646827862122878, 1.9644454803986937, 1.9634374548302571, 1.9715270512714156, 1.9773668944839804, 1.9682412019069289, 1.9723735123011308, 1.9720729738907639, 1.9718389239092764, 1.9542915632034876, 1.951727050632474], "(3, 3, 3, 3)": [1.9272555711092842, 1.9395880216805605, 1.9307399841640527, 1.9217372229900533, 1.923323354518575, 1.9373488724277586, 1.9393732044139989, 1.9406343843410558, 1.935239084089468, 1.908641692047728, 1.8974064617273723], "(3, 3, 2, 2)": [1.896753968633945, 1.888087943267299, 1.9662930704093666, 1.9718814480023064, 1.965512108501206, 1.9643585853089678, 1.9645604491222295, 1.9661703998945317, 1.9616995844748264, 1.9644064263004473, 1.9546392093644176], "(3, 3, 3, 2)": [1.9439052110307076, 1.455648096523194, 1.8042984892986966, 1.7450948956596979, 1.4526967489817952, 1.597074217665219, 1.576734589782695, 1.7358984234679327, 1.6365389103120835, 1.753734497565242, 1.5343941794527352], "(3, 2, 3, 2)": [1.9127936661639675, 1.933145530512184, 1.90585454598336, 1.936063616223149, 1.9003553383916358, 1.925474731913894, 1.9558208326234676, 1.9417794440584313, 1.9358467576567355, 1.9646313669564057, 1.946116995769786], "(3, 2, 2, 2)": [1.8641053053195917, 1.9174552109937402, 1.9213693680951518, 1.8644948226621225, 1.869709627715503, 1.944132971394787, 1.9468875347837782, 1.9592335856676097, 1.92954086573104, 1.9484952619223879, 1.9445066733942187], "(3, 1, 2, 2)": [0.5862235011933481, 0.9762163768385527, 1.018324234938322, 0.8533431177784327, 1.2416182675759715, 0.9860894102565875, 1.2181880869009756, 1.2414424494711433, 1.0802831566070457, 1.1333106101247772, 1.0084849770108284], "(3, 3, 2, 3)": [1.5444879914833811, 1.5844222415099998, 1.6367835037757452, 1.238876034271975, 1.3987303911718747, 1.4624756154464293, 1.467720633899915, 1.7602551503028534, 1.5583082080383908, 1.9159504172751105, 1.3858747762963837], "(3, 2, 2, 1)": [1.0673527172225523, 0.40578811875241344, 0.3497143569620109, 0.12063566354287768, 0.22555574723159355, 0.6526775820989243, 0.35058100071758536, 0.37563384243955666, 0.35035802179331316, 0.30367100908238803, 0.2965473014140773], "(2, 1, 2, 1)": [0.05502063603858985, -0.04087058751794399, 0.09654432843468742, -0.4057563123929753, 0.008085792037246409, 0.24297483457122335, -0.027544688901663977, -0.08560414108974262, 0.00040060509211684026, 0.41525099585577774, -0.0003077995241745901], "(3, 2, 2, 3)": [1.4257847743118006, 0.6887895023108273, 1.2196543243130145, 1.8393289394475176, 0.9888478879454027, 1.3525260103375822, 1.1757718820184082, 1.3175250414326072, 1.235086654348942, 1.4748948775297641, 1.1994563739379616], "(2, 2, 2, 2)": [1.9108076851247924, 1.9258163373958932, 1.8403875824119185, 1.929442555056568, 1.921115444678219, 1.934201234071227, 1.9214230327306248, 1.9330111004687718, 1.9186550416697947, 1.9074592908635177, 1.9731470821222983], "(2, 2, 2, 3)": [1.56121951391153, 1.6431141936514893, 1.75920126398484, 1.7188038957208085, 1.5799914104986763, 1.6365917929773797, 1.5102495272426195, 1.6620313365735475, 1.9782940852313458, 1.657668597854121, 1.6307575897022974], "(3, 1, 2, 1)": [-0.28794741332657164, 0.09075398564338684, -0.017583530823389357, -0.17166861697783925, 0.18547575103845454, 0.1833319386345975, -0.16523236748089765, -0.15751463975905586, 0.24607992457679423, 0.0055027456654895, 0.9279358409681461], "(2, 2, 2, 1)": [0.42821705358776696, 0.4278372319458328, 0.5269058929230023, 0.47856124751806484, 1.3458604959646774, 0.2906480648147014, 0.5734751125547614, 0.4627971240985067, 0.48970159428381943, 0.8691166138878123, 0.4927781575180733], "(3, 1, 2, 3)": [0.16390098119556312, 0.8892546768861108, -0.041496289611510084, 0.164964614160651, 0.15843484971702268, 0.0, 0.08987497687339784, 0.3364827941014923, 0.4758856529763529, 0.3056297620244792, 0.6578949784074801], "(3, 1, 3, 3)": [1.7034451542509395, 1.5327210802525695, 1.7742344798489238, 1.7701984577439611, 1.6685913577732054, 1.8176831775808417, 1.8147439358866164, 1.835086499300002, 1.8518317991631803, 1.8298356160702083, 1.7671258229810451], "(3, 4, 3, 3)": [1.4080251693399066, 1.1530583831545063, 1.6366384203408773, 1.3317468411054914, 1.3700016883393886, 1.3369881462206958, 1.2090503906080454, 0.8995444831189442, 1.4290614872819813, 0.6787806334096976, 0.3540801682632362], "(2, 2, 3, 2)": [1.5229426136834268, 1.941935415558884, 1.7270300329208388, 1.5329054809391975, 1.5624996470778383, 1.5789542637972904, 1.4705088537210491, 1.60496593644155, 1.545514197758586, 1.7753472180761567, 1.5532425107635244], "(3, 1, 3, 2)": [1.1638207754919982, 1.271525792433093, 1.1525896948664776, 0.7213868992847737, 0.8830907012626913, 1.3726738125846836, 1.1162978423254946, 1.5255323280140238, 1.6632151067544112, 1.4745507536541587, 1.7079474995146657], "(3, 2, 3, 4)": [0.0, 0.32927581513853277, 0.1977243676747394, 0.0, 0.0, 0.0, 0.0, 0.1589044992747115, 0.0, 0.2712877846263392, 0.0], "(2, 3, 3, 4)": [0.19138896528002414, 0.31586143216533313, 0.18838114627230215, 1.0831271559768165, 0.08925883769989014, 0.0, 0.12910138373752278, 0.1476909876923332, 0.2186340486597535, 0.13869848344796246, 0.11932207432944862], "(3, 4, 3, 2)": [0.3275831445294936, 0.39538058552977284, 0.46212316895212346, 0.18874361500635417, 1.3300912668981353, 0.863443331490042, 0.42608042072686475, 0.4137029279672722, 0.563694759526089, 0.5279139497560366, 0.668299546736755], "(3, 4, 2, 2)": [1.8494367107721923, 1.8476256602403969, 1.7926626314787755, 1.8402359313430694, 1.8232093661443343, 1.830929101293251, 1.7631340685814407, 1.7765322359240674, 1.660541051073637, 1.719246855183445, 1.690068263823256],