{"q_values": {"(2, 3, 2, 2)": [1.9451810317738043, 1.9692328009383888, 1.964910535486773, 1.9634394937740434, 1.9590644000149038, 1.9636202422716733, 1.960195385865788, 1.9452725353214633, 1.9573670273627282, 1.940143130816202, 1.9267145281969325], "(2, 3, 3, 3)": [1.9338474225385198, 1.897176970916519, 1.8940028185980833, 1.891033929763867, 1.9043199523715213, 1.8875660072632772, 1.8719881403454752, 1.9078895107566813, 1.897276645947235, 1.8562773872291518, 1.830613535336536], "(2, 3, 2, 3)": [1.5091654518925517, 1.2650619985446043, 0.9887119279809017, 1.4858179503566538, 1.4306234359803576, 1.4608892951770827, 1.899974253042871, 1.1954104773869865, 1.4936357639835969, 1.2374045273715844, 1.5854000793898264], "(2, 4, 3, 3)": [1.2211181252857803, 1.0130738972540148, 1.0778423272447584, 0.42292441360563526, 1.018340601813774, 1.0493330750382548, 0.7646373485581759, 0.9758707011572739, 0.7446955289173995, 0.5859216257551674, 0.5766386198963588], "(2, 4, 2, 3)": [0.4449765115757909, 0.6544873632686038, 0.34079145708425773, 0.5682334576020518, 0.11729269282803026, 0.36550598105736554, 0.30780189639541294, 0.6927761620706536, 0.5604864971003469, 0.1865273001282291, 1.1793202410631305], "(2, 4, 2, 2)": [1.6796329463206816, 1.356049173067417, 0.7125979231794692, 1.0145794457986266, 1.0230940200670333, 1.1618732512887557, 0.702820660711414, 1.269282506214014, 1.0869788182489906, 1.1561119986840116, 1.0546197839865243], "(2, 1, 3, 3)": [1.4475824901163359, 1.4291717657865495, 1.42988039853114, 1.2975132853413076, 1.3319974858673975, 1.5149268958565045, 1.5653723789033724, 1.6051151427384571, 1.8021121067334578, 1.554892954518789, 1.5682568967839159], "(2, 1, 2, 2)": [0.03940572854177801, 0.8972384638377732, 0.7329115834834788, 0.8026751293196187, 1.136691745644831, 0.8773866800592196, 0.47072208828714623, 1.2532703448647797, 1.4647547588106518, 1.067340802947271, 0.667055300649859], "(2, 1, 3, 2)": [1.2519267153212472, 0.7628707396561809, 0.8407870739173888, 0.5777627446560232, 0.18718121958292278, 0.787658049991061, 0.5892189815017919, 0.18314962408209526, 0.94415650071934, 0.5230203574618334, 1.140413104910975], "(2, 2, 3, 3)": [1.9349652992034672, 1.9204359001800266, 1.9484809493356308, 1.9492976118035361, 1.9569903660772658, 1.9486479692163206, 1.965332756185904, 1.9595860268513794, 1.9198637057038366, 1.9611295701433122, 1.962608957085192], "(3, 2, 3, 3)": [1.898018466686817, 1.9006168876366856, 1.944477574498419, 1.9400625662592126, 1.9456406025164368, 1.9548067327006817, 1.95595241621002, 1.9622967211131188, 1.9594839554658519, 1.9590768900113742, 1.9575680172905527], "(3, 3, 3, 3)": [1.882020231773855, 1.890600788450671, 1.879280118009496, 1.9120020217610374, 1.8606769830864378, 1.9069923107847377, 1.8952754341371194, 1.7575496840396723, 1.8862896720021785, 1.8483992641383178, 1.8688669020129862], "(3, 3, 2, 2)": [1.9234141988997768, 1.9644112490353576, 1.9381942537072054, 1.9300535965390677, 1.9458295158081595, 1.9520514559765705, 1.9144918774835562, 1.9331330128691837, 1.9321824335182654, 1.9168122494234532, 1.8815304020432218], "(3, 3, 3, 2)": [1.583025398454168, 0.7838265407094095, 0.9830675515532166, 0.9864975152094457, 0.5020308637746888, 0.5418350285108003, 0.19099523671341234, 0.976358557848315, 0.5236201552190606, 0.9847792198763838, 0.520501812829248], "(3, 2, 3, 2)": [1.4568800454456392, 1.3362895046808938, 1.0016720338384058, 1.4914623620531213, 1.3542848285623728, 1.3657680510273378, 1.2374057584257225, 1.9051833192009657, 1.174315069008523, 1.4477325486166945, 1.5738509897445558], "(3, 2, 2, 2)": [1.8530775279278155, 1.847166783418146, 1.916256705667833, 1.9027364407324083, 1.849735781907649, 1.8673526902104813, 1.9143609921748879, 1.9030195555625675, 1.9019946114541482, 1.8551639668476312, 1.8959785135976905], "(3, 1, 2, 2)": [0.9841397725022252, 0.8170232053884505, 0.9241103673207243, 0.995326647903611, 1.3343292097134123, 1.1596573347833825, 0.75935974838015, 1.2247414372211107, 1.0288707022298338, 1.1107859616711402, 1.5491270037568312], "(3, 3, 2, 3)": [1.2518430012535775, 1.1776493985270988, 0.810075067735889, 0.879233562111696, 0.918358741944, 0.8311236694145694, 1.226148721445998, 1.1276847308818656, 0.7675312009322862, 1.6997475006779814, 0.657441998119899], "(3, 2, 2, 1)": [0.3529422881691531, 0.09003122448921204, 0.20486698534979841, 0.0, 0.10642462216280196, 0.09754292086280493, 0.10751308549124357, 0.15636008006874158, 0.175130539826493, 0.12097215474194788, 0.11002505888477786], "(2, 1, 2, 1)": [0.09116587952293066, 0.09428308504120893, 0.09654432843468742, -0.32200699608615974, 0.008085792037246409, -0.0015542317711620957, -0.30981141613776586, -0.25307303805253667, 0.0, 0.6107893739718046, -0.18961701099167125], "(3, 2, 2, 3)": [0.9596290020028277, 0.5456648799560987, 0.9440171606399852, 1.1411289386593773, 0.4998953843192304, 0.8534195777021769, 0.3177143812342944, 0.8636426905055196, 0.8584168377415832, 0.9398502991903237, 0.6562793253283148], "(2, 2, 2, 2)": [1.8538975443822714, 1.8498185510701235, 1.8843411061946929, 1.8942673220907278, 1.8833959435522483, 1.9183896244036784, 1.8671790122412524, 1.9009066656050493, 1.9106518133689592, 1.9087707172314037, 1.9305159231796507], "(2, 2, 2, 3)": [0.6602863279102958, 1.140882337439691, 1.1749659507448782, 0.9630392197578532, 0.7286709326468016, 0.7909777449489562, 0.5060281500314716, 0.8656303019696768, 1.816865619171161, 0.8416601588903707, 0.6130493871760181], "(3, 1, 2, 1)": [-0.28794741332657164, 0.09075398564338684, 0.0, -0.17790936054665385, 0.09809846489872379, 0.05806146452543243, -0.19017795629980716, 0.0, 0.0, 0.1438931409855281, 0.39497980871514926], "(2, 2, 2, 1)": [0.20355578865711368, 0.09304838493980078, 0.0, 0.21773159644349818, 0.5530579444779866, 0.15305001531857598, 0.32786566231490044, 0.11645820974796811, 0.0, 0.5180370981511309, 0.33006183787550014], "(3, 1, 2, 3)": [0.0, 0.6153646198805588, -0.21776883602142336, 0.0, 0.0, 0.0, 0.08987497687339784, 0.17063636302810747, 0.334690240755002, 0.14176583324801378, 0.2170738561195325], "(3, 1, 3, 3)": [1.529572200405137, 1.4879428292962045, 1.51663737426838, 1.5315208054912355, 1.7767172781145033, 1.5966397523499165, 1.6944933606736148, 1.6937874414884773, 1.6470793419017873, 1.6591497000529218, 1.5746865589309287], "(3, 4, 3, 3)": [1.1682162240703484, 1.1668894500997196, 1.275116858094638, 1.1101159991452083, 0.7620139811593418, 1.3154798673132624, 0.9194538215048621, 0.5867608066183745, 0.9652674950985101, 0.5807616107010597, 0.7540534998769828], "(2, 2, 3, 2)": [0.8496535184053482, 1.7452958252939808, 1.4176399063754825, 1.1469006653224667, 1.2283078522757782, 0.8363106954200605, 0.9632925874093292, 1.229351687505372, 1.1811563214017826, 1.3111325949638384, 1.1134072512533935], "(3, 1, 3, 2)": [1.1296106835710793, 0.8323731241130308, 0.8167205383605485, 0.5271289093034908, 0.793383635605088, 1.055493414784338, 0.8795566082250779, 1.6786063720743178, 1.2001949425626968, 0.955742057608465, 1.239371539688154], "(3, 2, 3, 4)": [0.0, 0.147930438385562, 0.0, 0.0, 0.0, 0.0, 0.0, 0.0, 0.0, 0.12491211978156654, 0.0], "(2, 3, 3, 4)": [0.19138896528002414, 0.31586143216533313, 0.18838114627230215, 0.5338371876756681, 0.08925883769989014, 0.0, 0.12910138373752278, 0.0, 0.2186340486597535, 0.0, 0.11932207432944862], "(3, 4, 3, 2)": [0.15775398476643798, 0.39538058552977284, 0.14163177031586413, 0.18874361500635417, 0.32092590188985737, 0.5148929537180759, 0.14652932930108922, 0.27916377053891467, 0.14832770263193293, 0.1240016787837957, 0.14413077725915738], "(3, 4, 2, 2)": [1.4631295392912382, 1.7921364706489373, 1.3348694109488797, 1.639088824060407, 1.489018639719672, 1.5385198546363124, 1.3825915083282663, 1.3904666400013452, 1.295131950941059, 1.4541274310393737, 0.9594198987230262],