{"q_values": {"(2, 3, 2, 2)": [1.9861047336310023, 1.9857499169331623, 1.9862371439146667, 1.9880491856029099, 1.9814692108127285, 1.9844696379627147, 1.9831060727552883, 1.9863757541341494, 1.9863742016265922, 1.9807951117512403, 1.9804264146265662], "(2, 3, 3, 3)": [1.9762492904615692, 1.977061733287491, 1.9672352716041601, 1.9714529521036117, 1.9682217769669839, 1.9667741980795919, 1.977293823033109, 1.970577914948221, 1.9716927686922001, 1.9546140920139308, 1.9774198648251216], "(2, 3, 2, 3)": [1.9800493214483024, 1.9781563861703013, 1.9787046919000602, 1.97897080982483, 1.9924932301097338, 1.9771921939892203, 1.971616198485691, 1.975112782607891, 1.9740961872786524, 1.974981124006773, 1.970589303696888], "(2, 4, 3, 3)": [1.3628782280925156, 1.3139639503874891, 0.8051622245482997, 1.088677467665852, 1.2323996987955526, 1.2580266848928041, 1.1044888695809152, 1.0264640025965797, 1.008600126391569, 1.0310457751551922, 1.184316635047771], "(2, 4, 2, 3)": [1.552860894327736, 1.5296573267572136, 1.8062645122143708, 1.295753254530401, 1.5344936588718896, 1.486352775580212, 1.417418304725372, 1.5145057304788636, 1.0061659394847131, 1.2710008858456276, 1.4268663690800165], "(2, 4, 2, 2)": [1.8528619995485565, 1.8655053932443648, 1.845990801366002, 1.8483070545964408, 1.8481982304663003, 1.846326586927968, 1.7783889281471066, 1.8316180894734708, 1.8064399562787887, 1.7887414794234118, 1.612579152686099], "(2, 1, 3, 3)": [1.8160563617874101, 1.8068443825958582, 1.8144014687285508, 1.8147814116855057, 1.8456541633482366, 1.8245332860281978, 1.83906965742367, 1.8424892048042194, 1.8443973557210926, 1.853196155998287, 1.8649364736654375], "(2, 1, 2, 2)": [1.2163587608668238, 1.0229602155224968, 1.2302936171153338, 1.1262454567790066, 1.210545009843561, 0.986029757441095, 1.029115122783915, 1.1959464954152401, 1.167641523287609, 1.3011290128779267, 1.3124399551362806], "(2, 1, 3, 2)": [1.1245062380268631, 1.2910569008508779, 1.6020507342394357, 1.6496274232160708, 1.6018720694301618, 1.6790078639434243, 1.4276421878981145, 1.2816555914749561, 1.5077210429325092, 1.768149462136282, 1.5441563352531293], "(2, 2, 3, 3)": [1.9802219552471791, 1.9836011511350515, 1.9856136363050167, 1.983360183461442, 1.9843485634827525, 1.985540201224517, 1.984115314627651, 1.9847076115009004, 1.9832790573021732, 1.984735996474755, 1.978963975751855], "(3, 2, 3, 3)": [1.9852186743482103, 1.9888460685425566, 1.9872345120432908, 1.9849379116529018, 1.9858953471731375, 1.9959949715018823, 1.9782864691534459, 1.9837015580635249, 1.9891114705108164, 1.9812741293035205, 1.97905060135945], "(3, 3, 3, 3)": [1.953993021388907, 1.9476236122532027, 1.9452426904115998, 1.987344963388239, 1.9615515044933676, 1.9490618132565682, 1.9684218929501327, 1.9269337799200488, 1.938716530724545, 1.9523555065846074, 1.9675063315186414], "(3, 3, 2, 2)": [1.9749704115932099, 1.9774001888780806, 1.9763259723953022, 1.9808302148253178, 1.9909943060382187, 1.976836813420978, 1.9812520874304056, 1.9821118085620173, 1.9793251434062697, 1.9765546263834588, 1.9813116170093015], "(3, 3, 3, 2)": [1.9889655707846876, 1.9878222513546215, 1.9878612052439268, 1.9830038958387166, 1.987048707478417, 1.9955873668796045, 1.9865063091616868, 1.9862737189417843, 1.9877040271993514, 1.9855424993710173, 1.9864566413156657], "(3, 2, 3, 2)": [1.9739713078572656, 1.9589305889676822, 1.9770200021612077, 1.9767484707593144, 1.9626365341758853, 1.9797948653401996, 1.9791771464200423, 1.980042905007551, 1.9824501111860013, 1.9783652055533787, 1.9905501080936383], "(3, 2, 2, 2)": [1.9515356259942371, 1.9668264799035413, 1.9707121376985794, 1.9735839083811069, 1.9670984804577345, 1.9768892914146363, 1.967914027350326, 1.9665992840169073, 1.9938062367943798, 1.9721058029132428, 1.9657401606765217], "(3, 1, 2, 2)": [0.8679130690846719, 1.2440092307369808, 1.0540861959472294, 1.140570653465, 0.8776089094048889, 0.9727623600765328, 1.1858492964156873, 0.982330032372195, 0.8441391528748063, 0.9599107354219901, 1.6808585010095827], "(3, 3, 2, 3)": [1.9740583570301682, 1.9839242992876982, 1.9729538513021982, 1.974071913801939, 1.9717121681850187, 1.967267062605119, 1.9595064751725857, 1.965534823972141, 1.9690486294297205, 1.9701542238593803, 1.9629285866611885], "(3, 2, 2, 1)": [1.4291200611207566, 0.7784818423347987, 0.9905052043836385, 1.1748581367631021, 0.9226418175483609, 1.181517997433484, 1.0352353597912458, 0.8074652966947934, 1.092608411176783, 1.134017831422415, 1.2037442479957703], "(2, 1, 2, 1)": [-0.20342369577181563, 0.060590458267262864, -0.05141007875376087, -0.03057408249848423, 0.13269415096692247, -0.20364907456356485, 0.14331712392035822, 0.11079696764315519, 0.047427091894278045, 0.24242238697926172, -0.14007545434477678], "(3, 2, 2, 3)": [1.9475146347166992, 1.8366917828751557, 1.966877640674376, 1.988698756577474, 1.9132907078775236, 1.9504489034385581, 1.9241164445185677, 1.9162059026922404, 1.8731842340904215, 1.9513998335276797, 1.6103597071613398], "(2, 2, 2, 2)": [1.9536555501964337, 1.9626064601078201, 1.9384656542229148, 1.9548261935972704, 1.9624255333732532, 1.9308628540559005, 1.9207366410607176, 1.9603513797478291, 1.9647864778214503, 1.963290181454346, 1.954100942811303], "(2, 2, 2, 3)": [1.987303790078898, 1.9834359315466956, 1.9791514659179634, 1.9849545211410609, 1.9865901902675778, 1.9856977479033502, 1.9868939202093094, 1.986395211861662, 1.9938425790756393, 1.9865501507284098, 1.9874021335876018], "(3, 1, 2, 1)": [-0.28794741332657164, -0.3179775629963365, -0.14936710544941068, -0.2696392217202667, -0.11920632812100727, -0.44861130923859716, -0.1328163328411831, -0.13569374183059255, -0.1859598458010442, 0.06813275167646725, -0.2807309334273342], "(2, 2, 2, 1)": [1.1154939948617062, 1.4601380651729343, 1.1670048104560176, 1.3084414433756042, 1.5289065428853867, 1.1924113066166218, 1.289909629158067, 1.4049736222296911, 1.3109430070207087, 1.9460441557238068, 1.3643303800107915], "(3, 1, 2, 3)": [0.5636435219126579, 0.9330992190076961, 0.11941644176142296, 0.4391245363227696, 0.3051955842708407, 0.27695289305734305, 0.5559896606835777, 1.512624719407629, 0.7270199552333523, 0.5993556675664157, 0.6578949784074801], "(3, 1, 3, 3)": [1.7361524346941226, 1.7718222137208444, 1.8223875497434057, 1.8040471597592287, 1.831775433498179, 1.8306190984588355, 1.853557673515959, 1.8608518063933768, 1.8484822359484419, 1.8595879007209202, 1.8899909172506204], "(3, 4, 3, 3)": [0.9404924662393832, 1.4626425954680822, 0.884666871368743, 1.1347781048769363, 1.191747213853342, 1.2504588715873013, 1.3148666245527834, 1.1323691362096397, 0.9569361794114152, 1.106075881349744, 1.281867835932217], "(2, 2, 3, 2)": [1.960753062444161, 1.9636917624287116, 1.9488007837288517, 1.9564667193958662, 1.9696885213177415, 1.9707554871999882, 1.9729311671386491, 1.9741407349621536, 1.9756124983974104, 1.9713469602748026, 1.9911896825110433], "(3, 1, 3, 2)": [1.200409610819921, 1.3193130237899706, 1.3684382782656, 0.6502308259329725, 1.3898744948644324, 1.463399103233501, 1.4755119463930648, 1.4755025246789337, 1.329356930011997, 1.3504045526207404, 1.7589423042497256], "(3, 2, 3, 4)": [0.37754159486941186, 1.9353901898617423, 0.6828613511581096, 0.3770243269739014, 0.19916765305285122, 0.5379057400531735, 0.4514852356495479, 0.4955235187686897, 0.14465424113624614, 0.4384464717962892, 0.3704118537492902], "(2, 3, 3, 4)": [1.1818326186223003, 1.037857447304633, 1.4868804046699147, 1.8357938261789661, 1.4284326738749356, 0.854596571910794, 1.4572034469345043, 1.3437632423119419, 1.3159078809560234, 1.2054270965059382, 1.357589368470639], "(3, 4, 3, 2)": [1.3254703687176412, 1.0659836653425794, 0.7247065079733359, 0.9405958261969087, 1.8316566512557573, 1.2488412261261348, 1.0586643858397788, 1.0473044603447188, 0.563694759526089, 1.0149994477652138, 1.1578893705695936],