{"q_values": {"(2, 3, 2, 2)": [1.9745359815500594, 1.9742305907281432, 1.9737554004918931, 1.9708439791368693, 1.9727350546109583, 1.9770146646219646, 1.974482415489319, 1.967711578230724, 1.9735048961571562, 1.9710213003142922, 1.9656837196786259], "(2, 3, 3, 3)": [1.9338716837787204, 1.9298465732020258, 1.9410914162918156, 1.917782782821794, 1.9367225529805168, 1.9302822697523105, 1.9361312592780908, 1.9370675402366502, 1.958479575187437, 1.9417493675756623, 1.9369055986241814], "(2, 3, 2, 3)": [1.962885934255385, 1.9678241671943417, 1.957601570655788, 1.9783829487545903, 1.9666811864483635, 1.9653026365397006, 1.9620096065925732, 1.9621031220540988, 1.9550310044423802, 1.9275277668265949, 1.941547739113316], "(2, 4, 3, 3)": [1.3178640839583877, 1.524075149947971, 1.1320819800685695, 1.2536177133558943, 1.1530051317909216, 1.1501960773344049, 0.7661130686713323, 0.7813606715795367, 1.1222055116365974, 0.7919933907342277, 0.8470143667757909], "(2, 4, 2, 3)": [1.8132832170127542, 1.6365249811042935, 1.45659788270814, 1.2735560213527521, 1.5067147456962124, 1.413941721382314, 1.4133180754831371, 1.3143256452764196, 1.4316248733736523, 1.3399142937256179, 1.2378081285169196], "(2, 4, 2, 2)": [1.8496822743702273, 1.8653708464929688, 1.8411266481294764, 1.837365990116465, 1.8365395566348877, 1.8453609382465852, 1.8283664955370282, 1.784337062844845, 1.806912425416634, 1.7816698686560999, 1.7373294546051954], "(2, 1, 3, 3)": [1.7799970634155087, 1.7795563616482641, 1.8434157141539949, 1.8444088168092723, 1.8491784453939841, 1.8394636544460554, 1.8580459937260971, 1.8565811336277076, 1.8615991937959464, 1.8825050938386738, 1.8509339177226707], "(2, 1, 2, 2)": [1.2351209779293415, 1.182699604278762, 1.005592598404501, 1.0158369326254724, 1.2783646997973759, 1.3307458197179869, 1.1332361080465585, 1.3128139203365528, 1.3053774109392373, 1.4866772530278092, 1.2526592019247673], "(2, 1, 3, 2)": [1.2514465538958448, 1.1618454629408441, 1.537028789250689, 1.545349669083905, 1.5556565503850774, 1.5936051780239153, 1.3880955757813156, 1.393656778172325, 1.7870043505434496, 1.721902106182872, 1.852974356463306], "(2, 2, 3, 3)": [1.9749358386948588, 1.966723542146629, 1.975054917418073, 1.9728614072012152, 1.97427268261352, 1.9720708286784054, 1.9740401624064312, 1.9738493633642467, 1.975243342829807, 1.9748523499870352, 1.9738677571780885], "(3, 2, 3, 3)": [1.9718451574484663, 1.9717519834133739, 1.9676001450767695, 1.9740183491808714, 1.9740960266403238, 1.975383279180527, 1.9701484458886425, 1.9748624665193026, 1.9875664681920626, 1.9605506011764848, 1.9749413248402645], "(3, 3, 3, 3)": [1.962685668216465, 1.9836713503742431, 1.9420768100336507, 1.9610344094963184, 1.9274902994579908, 1.9489237264852537, 1.970617438401989, 1.9476995867125064, 1.9709104003694031, 1.965544468038358, 1.9479431462474903], "(3, 3, 2, 2)": [1.969510316613535, 1.9786863880316048, 1.9749901036529922, 1.9797244675187442, 1.9819872320561795, 1.9879220659757482, 1.9796549110030301, 1.9783548549513394, 1.9800601118464658, 1.9781273680437423, 1.9797879315729026], "(3, 3, 3, 2)": [1.984715087824612, 1.988586177396571, 1.9854909183638587, 1.985623763704076, 1.9856847284797021, 1.9845431886257527, 1.986051343024938, 1.9822456915973274, 1.9819044829404238, 1.9846566677437583, 1.9833306143270537], "(3, 2, 3, 2)": [1.9604321211521039, 1.9629214686922962, 1.9586530344792414, 1.9588676001352847, 1.9623752734301596, 1.9546893675074504, 1.950076268551915, 1.9662579676046614, 1.9645705664154045, 1.9796842830879895, 1.9651570680332284], "(3, 2, 2, 2)": [1.939779949898958, 1.9350478731055174, 1.944946224442579, 1.9109778044916754, 1.9636756668359645, 1.9660974609566597, 1.9616442647005503, 1.9555736592929385, 1.9485810895083082, 1.983849832014586, 1.9584933637673192], "(3, 1, 2, 2)": [0.7800482570322638, 0.8707507560214376, 0.8119027623039979, 1.0952295267416738, 1.0957919300995094, 0.9977786129271777, 1.222651525919814, 1.2331033479114546, 0.42436546791905594, 0.9187351520532556, 1.2721755451999701], "(3, 3, 2, 3)": [1.964158998635245, 1.9888952360226535, 1.9626635838988904, 1.955442442737494, 1.9663843149333786, 1.9624049704068307, 1.9493874440836114, 1.953630652536964, 1.9555090100536432, 1.9711417755265874, 1.9211704338486548], "(3, 2, 2, 1)": [1.317086756003037, 0.6386166320195674, 0.905664530348169, 1.126932959828043, 0.5493390853222684, 1.0860905603492501, 0.9338739904666306, 0.5782380106269589, 0.7893063330974912, 0.8707613496874692, 1.031497855589979], "(2, 1, 2, 1)": [-0.08934457232404122, 0.25244511940280956, -0.16172833752049745, -0.03057408249848423, 0.03206408448492609, -0.046522859127827096, 0.14331712392035822, 0.11079696764315519, 0.5841150509359276, 0.014108310819225922, -0.23184917075216024], "(3, 2, 2, 3)": [1.8436006825745768, 1.6473520920102305, 1.8549503017545412, 1.985402728594316, 1.8069682565735512, 1.859983907668319, 1.8752744449975054, 1.791406797854708, 1.775679134193119, 1.8949906814657909, 1.4692503840223046], "(2, 2, 2, 2)": [1.9613739511672095, 1.9608943689814828, 1.9572054645412387, 1.9583113702513106, 1.9410531019199748, 1.9610465726572492, 1.9455591315477547, 1.96023811219379, 1.9570658714010272, 1.961416003603138, 1.943864169324449], "(2, 2, 2, 3)": [1.980537783296301, 1.9803699590674408, 1.9819781350764676, 1.9794714835583833, 1.9802815742537232, 1.9808982688337955, 1.9841045002140392, 1.977959844528828, 1.9807302943561187, 1.9838282590521736, 1.9839336832609265], "(3, 1, 2, 1)": [-0.28794741332657164, -0.05470452963747523, 0.06589910120809779, -0.27626406269896486, 0.018266373680164386, 0.08032332609114698, -0.007448926315854684, -0.00981228780563101, -0.0688182840017122, -0.11764556668142952, 0.06509248738040913], "(2, 2, 2, 1)": [0.9297012130849457, 1.2719361326495429, 1.1032963360375543, 1.2386034309819642, 1.4528672747512446, 0.9156974483490814, 1.2327554730755999, 1.2713453623064068, 0.8595207195342107, 1.8761194128753305, 1.229044402415818], "(3, 1, 2, 3)": [0.5636435219126579, 0.9330992190076961, 0.11941644176142296, 0.4391245363227696, 0.3051955842708407, 0.1322832339797273, 0.41111123959443174, 1.1740493173280924, 0.6088983910022427, 0.4596124542288059, 0.6578949784074801], "(3, 1, 3, 3)": [1.6770422394924616, 1.7468441957872458, 1.807004169878223, 1.822801935411712, 1.824650713184796, 1.8420158049107889, 1.8145896294067754, 1.8342856266955174, 1.7987904824116037, 1.8465465290553433, 1.8340042265599954], "(3, 4, 3, 3)": [1.2157384326799054, 1.2049316189268227, 1.1385393827950658, 1.506433311246695, 1.1714194418383024, 0.9504582902183261, 1.0925922348921824, 1.1642323951006452, 0.9884288298786053, 1.127201284860655, 0.48827826224101856], "(2, 2, 3, 2)": [1.942456778446964, 1.947983423600065, 1.948161329268004, 1.9488069493375402, 1.9616903089442865, 1.9499018963353736, 1.9576754998279995, 1.9605037497497182, 1.981683960997034, 1.9544796002012117, 1.9601118926285528], "(3, 1, 3, 2)": [1.4007871426862513, 1.4735080640985143, 1.450769415290469, 1.128205459988139, 1.4692072391115036, 1.2591101806558707, 1.5334294013653476, 1.4660814438596477, 1.5091150884514102, 1.5025612846961571, 1.8043729264725001], "(3, 2, 3, 4)": [0.37754159486941186, 1.6050564127751237, 0.5376970595645403, 0.198516777546488, 0.0, 0.3762111141308283, 0.2834851488193039, 0.3360189604841014, 0.14465424113624614, 0.4384464717962892, 0.3704118537492902], "(2, 3, 3, 4)": [0.9944061244020441, 0.9373467524362726, 1.1779768924597978, 1.8863111704026387, 1.229964385408934, 0.5961904006711848, 1.1674291097977239, 0.9647312583304112, 1.1490065563412242, 0.8490472872116945, 1.2191215004664517], "(3, 4, 3, 2)": [0.9464932889321978, 1.0659836653425794, 0.5992866003712397, 0.7359246539814914, 1.8323799639191463, 1.0361013757751834, 0.6532231993048336, 0.7686684475955967, 0.563694759526089, 0.9426390109689826, 1.0347255080200242],