{"q_values": {"(2, 3, 2, 2)": [1.9739461203687776, 1.9789299740987634, 1.9790599485028137, 1.9788126055700144, 1.9848602782953542, 1.976910732190187, 1.9793627762359816, 1.9753113258033668, 1.981026681469634, 1.9750692995611256, 1.977582588159466], "(2, 3, 3, 3)": [1.8981094858143088, 1.9786821971955129, 1.966826195446213, 1.9286452433745538, 1.9674583502641714, 1.9655477338999787, 1.9687270268030452, 1.9659185509708377, 1.8954684170417873, 1.8434526588630435, 1.9613352549479668], "(2, 3, 2, 3)": [1.972498243486802, 1.9708703825174085, 1.972030431158515, 1.9794456598744952, 1.9716595338363452, 1.9703026316456826, 1.969474372443208, 1.9421164589780608, 1.9719513625649627, 1.9671706928672132, 1.9637514277379395], "(2, 4, 3, 3)": [1.0522883159892942, 0.9341725386757447, 1.1020541476781205, 0.8028814697636887, 0.7059499460644616, 0.693869667506513, 0.7956179701915765, 0.9513897748117962, 0.686694232196622, 0.8926737163130624, 1.0722259581819669], "(2, 4, 2, 3)": [1.7253193153175534, 1.8372595795811606, 1.3007742467074799, 1.6668651724142365, 1.5847432383279123, 1.6577674743859905, 1.43727089614357, 1.4258151157097982, 1.4033037155702976, 1.3463190861790175, 1.0239223115466445], "(2, 4, 2, 2)": [1.8663079519092693, 1.8573378974279287, 1.8456112121988941, 1.8641461420360232, 1.8490175600743393, 1.863943710065258, 1.8399215623731702, 1.8038120264368094, 1.8118195869750084, 1.8081159141908838, 1.8028536206277306], "(2, 1, 3, 3)": [1.7832095036349658, 1.7873076638107512, 1.840991932943694, 1.8421996359227226, 1.845536139046861, 1.832065331896932, 1.8463658685602888, 1.8491651996621563, 1.846127233373218, 1.8461312187775838, 1.845757563918526], "(2, 1, 2, 2)": [1.1551606907219936, 0.990903687906563, 1.181212155645433, 1.1139187304596216, 1.14068601536565, 0.7495368722084843, 1.111060091714532, 1.229509253723956, 1.400137381282056, 1.1527877264474866, 1.1528210489723665], "(2, 1, 3, 2)": [1.2514465538958448, 1.21669361921212, 1.4941787314239687, 1.5247086306041469, 1.527963334846135, 1.5936051780239153, 1.2371679153820903, 1.2396916273997773, 1.7256802544039593, 1.7074256062257012, 1.826265397190678], "(2, 2, 3, 3)": [1.9812360348260216, 1.9813503796788936, 1.9810540020110698, 1.97968563192467, 1.9799987654218154, 1.9810285832905086, 1.9819797132251165, 1.9834603476927712, 1.9773742703753763, 1.9796423664389835, 1.9807880170827743], "(3, 2, 3, 3)": [1.965186902746784, 1.9707095190577477, 1.9671925619715267, 1.9722759504961929, 1.9677551473966868, 1.9684949460846597, 1.9724977471825367, 1.9740835387770075, 1.974605843915818, 1.9724504902960789, 1.9751457778461554], "(3, 3, 3, 3)": [1.9794216089424326, 1.934491538496854, 1.9285715216288322, 1.9219374781862648, 1.9457213828541684, 1.9393311701320302, 1.9331328825056082, 1.9384792078462003, 1.940090575487596, 1.9226640013251641, 1.947000376776327], "(3, 3, 2, 2)": [1.966931263144421, 1.9536604822819847, 1.9567992814217905, 1.9674045585042739, 1.98370744033739, 1.9774623810274203, 1.9611120347256064, 1.965121376072566, 1.9666394864410448, 1.9672862706429668, 1.968008379347702], "(3, 3, 3, 2)": [1.9791013567110518, 1.9818678502888178, 1.982000387411725, 1.9828174102225438, 1.9800930131482568, 1.979878792602049, 1.9708575304831442, 1.981301351044787, 1.9788594518272675, 1.98071583671917, 1.9765742042360135], "(3, 2, 3, 2)": [1.9544200273489665, 1.9680738375126192, 1.9363032420268298, 1.9625730828446653, 1.9426150996213167, 1.9664623347688406, 1.965336704707928, 1.959981971943967, 1.9642554227602698, 1.9649239146457522, 1.967700188783752], "(3, 2, 2, 2)": [1.905917232310252, 1.884584580823292, 1.9450302748429316, 1.9572827052735442, 1.9555672292950481, 1.9559003611334036, 1.9483538335797395, 1.9540483741685983, 1.9572886622583425, 1.953372910772218, 1.9119230451955807], "(3, 1, 2, 2)": [1.0168979963652862, 1.2717775224822783, 0.5948376472347604, 0.5313025731674251, 0.8808395247535981, 0.7951340310069963, 1.0962128314617163, 1.3686050041247875, 1.234509124720797, 1.488858803305323, 1.2260859241493838], "(3, 3, 2, 3)": [1.9495903706372046, 1.9527384940331776, 1.9686355253731167, 1.9413886043071538, 1.947421283503669, 1.937066896264145, 1.9221374733661307, 1.9479735595273269, 1.9333553345560421, 1.9516778904034862, 1.8908306428685233], "(3, 2, 2, 1)": [1.349346595257292, 0.6386166320195674, 0.5787233960834717, 0.7478856092357428, 0.5493390853222684, 1.0254350523408478, 0.723072686651013, 0.37563384243955666, 0.5134429385938947, 0.8707613496874692, 0.7445312677610165], "(2, 1, 2, 1)": [0.0922672702627366, 0.04385072570880784, 0.0949792242638747, -0.03057408249848423, 0.0938289328768445, -0.16102962785816466, -0.11753609890611152, 0.864507885807626, 0.17372094817862765, 0.014108310819225922, -0.23184917075216024], "(3, 2, 2, 3)": [1.7355674430687404, 1.4699667918440136, 1.7607382605619597, 1.9795880058418371, 1.6572726826657662, 1.7523277747423716, 1.8140383244422302, 1.6215697595508636, 1.5839941169989449, 1.8183713943343727, 1.3469753260357884], "(2, 2, 2, 2)": [1.9276948416792774, 1.9297894142166283, 1.9242728540252498, 1.97069018305927, 1.9701038363756023, 1.9323472407033635, 1.9292698900066034, 1.9652933041802454, 1.9664026010766495, 1.9670928784000639, 1.9684173793626143], "(2, 2, 2, 3)": [1.9841521903339425, 1.97719430593308, 1.9792343176426526, 1.975534987698168, 1.979699712381458, 1.9832683421170798, 1.9848978283002805, 1.9855122350534535, 1.9825193974911564, 1.9848502744970156, 1.9914647499815183], "(3, 1, 2, 1)": [-0.28794741332657164, -0.05470452963747523, 0.11896565470856733, -0.27626406269896486, 0.018266373680164386, 0.23415776834875532, -0.11557312730205879, 0.48550507618912725, 0.0708732356011032, 0.0055027456654895, 0.2364642085548888], "(2, 2, 2, 1)": [0.9125168002755282, 0.8768294871001658, 1.0137748541427154, 1.098767128825982, 1.5466214431152243, 0.8221283915593609, 1.2327554730755999, 1.1356545515715943, 0.6366308825888344, 1.4190596690082127, 1.1511380835225091], "(3, 1, 2, 3)": [0.5636435219126579, 1.4110640056667099, 0.11941644176142296, 0.4391245363227696, 0.3051955842708407, 0.1322832339797273, 0.41111123959443174, 0.8448598812892418, 0.6088983910022427, 0.4596124542288059, 0.6578949784074801], "(3, 1, 3, 3)": [1.7425354123144219, 1.7911847074818976, 1.8095390099039406, 1.8269534347084098, 1.8523032776037036, 1.8292278365506625, 1.8486148696623803, 1.8477917023675767, 1.8527347892290387, 1.8667382208903422, 1.8415677046576029], "(3, 4, 3, 3)": [0.9895401700028501, 1.5281749788755945, 0.7322482230064323, 1.386049878799711, 1.2054606257446543, 1.2426989468320737, 1.3399668940326137, 0.9885680635539434, 0.960992812453773, 1.2280896518750901, 1.0905305624921902], "(2, 2, 3, 2)": [1.928845769963473, 1.945095389704685, 1.9304258643849315, 1.9060621789803083, 1.942294190512815, 1.8929818558435125, 1.9498561784756288, 1.957795919190175, 1.931272314827654, 1.986584395287085, 1.9405992132299141], "(3, 1, 3, 2)": [1.4937513144212753, 1.2649162710914676, 1.4214663798725284, 1.4139820076027487, 1.3903003326878778, 1.4884809747579375, 1.4053119381906447, 1.3182915917792586, 1.320285982944124, 1.4766215240051235, 1.4731013349534916], "(3, 2, 3, 4)": [0.37754159486941186, 1.343874070318001, 0.1977243676747394, 0.0, 0.0, 0.3762111141308283, 0.2834851488193039, 0.3360189604841014, 0.14465424113624614, 0.4384464717962892, 0.0], "(2, 3, 3, 4)": [0.8852513419444948, 0.8229110721595038, 0.9932593988690506, 1.8759736335506958, 1.146940954437568, 0.4436032691034721, 0.9970107158000348, 0.8579774400279881, 1.1016040386213715, 0.7282716129574891, 0.964794997545327], "(3, 4, 3, 2)": [0.9464932889321978, 0.9772214862783721, 0.5992866003712397, 0.7359246539814914, 1.8232943868293372, 0.9373410487471298, 0.5614822728207285, 0.6569554640036963, 0.563694759526089, 0.9426390109689826, 1.0347255080200242],