{"q_values": {"(2, 3, 2, 2)": [1.9738530316223808, 1.9845478311246816, 1.9826257120941462, 1.9897701250153825, 1.9831737523011648, 1.981509028842823, 1.9798976361376663, 1.9837120539853186, 1.982353907803771, 1.9824849660588417, 1.9840953601455422], "(2, 3, 3, 3)": [1.9591463455276885, 1.9741371740540485, 1.978419302290109, 1.9913147654058452, 1.9556251237527504, 1.949530155240774, 1.9543498894200892, 1.9669302527794952, 1.949136089591805, 1.9446699358857726, 1.9717060123072978], "(2, 3, 2, 3)": [1.9908064769385052, 1.9723739921787031, 1.962081510328018, 1.9759821052648705, 1.9737226798349399, 1.9702200183641334, 1.9696446242138923, 1.9514315281780903, 1.9761460222840175, 1.9694058587156817, 1.9734921221046324], "(2, 4, 3, 3)": [1.1157854697078067, 1.0942317198534417, 1.7296077436111423, 0.9855980341288306, 1.1299273789131874, 0.7156276548453451, 0.5582568665680717, 0.7336858075967362, 0.8176533301366209, 1.0393096528918986, 1.182984355636888], "(2, 4, 2, 3)": [1.4779728793626712, 1.5036148277120245, 1.480892541479024, 1.7522711090510004, 1.6268231486491627, 1.6727868500060388, 1.505290749086341, 1.4542405693189928, 1.4979429661174273, 0.9501986772516036, 1.3246033232438255], "(2, 4, 2, 2)": [1.814837723386103, 1.847673980679129, 1.8375122742713894, 1.848716508581182, 1.835414465453524, 1.8506904973827667, 1.8394389845533279, 1.7913821902297582, 1.7944909635399275, 1.797680401629667, 1.7545378804554563], "(2, 1, 3, 3)": [1.7726484624310728, 1.7788898944247478, 1.8379512809429546, 1.8289902340252366, 1.82567575225933, 1.8422088110234731, 1.8501661538642713, 1.848757379394066, 1.8813136292188983, 1.8542723760431519, 1.8463097470217231], "(2, 1, 2, 2)": [1.205919854615103, 1.009788559354141, 1.1058088801332742, 1.206028212949364, 1.1396754701991199, 1.1004832648052532, 1.1349115083555836, 0.8847079215364281, 1.2283516656456053, 1.7008654785602784, 1.3592442619492369], "(2, 1, 3, 2)": [1.2514465538958448, 1.1043641288575312, 1.4941787314239687, 1.5247086306041469, 1.527963334846135, 1.5936051780239153, 1.2878638221045535, 1.2396916273997773, 1.7515226078471318, 1.7074256062257012, 1.8322943443320425], "(2, 2, 3, 3)": [1.9806631949326086, 1.9762414454595532, 1.9779368036127063, 1.9785392602997973, 1.993306969458667, 1.9778234907121557, 1.9799608896081657, 1.9806311173466582, 1.9815078437786526, 1.9760539589699622, 1.9796436483077864], "(3, 2, 3, 3)": [1.9791392365472578, 1.9850527767526858, 1.9825995243268766, 1.983061870021056, 1.9831354982647396, 1.986345926327346, 1.9860106533510158, 1.9801632872591548, 1.991675494050694, 1.9837518964566891, 1.98413127768037], "(3, 3, 3, 3)": [1.953413139869507, 1.9836466261915904, 1.9680248932823106, 1.9654974977447883, 1.9685323338283442, 1.967238324221638, 1.9713154364694296, 1.9600840235424453, 1.9652708956838065, 1.9524935064741213, 1.9394139018561005], "(3, 3, 2, 2)": [1.9467960655914176, 1.981568079208187, 1.9807658345995844, 1.9773172957807998, 1.9782285338316303, 1.9799357312995507, 1.987347362926151, 1.980985756990713, 1.9808323710061457, 1.9803162723262313, 1.9800162533820642], "(3, 3, 3, 2)": [1.984701983393634, 1.981321335902561, 1.9807388069410197, 1.9835343444817606, 1.9932051144744387, 1.9864696783573315, 1.9743719734322653, 1.982096545698047, 1.967667173318568, 1.975776630917511, 1.9821433467619225], "(3, 2, 3, 2)": [1.964936772140033, 1.945823066336296, 1.9629195312235665, 1.9577444881003156, 1.9559376116262879, 1.967818747104024, 1.9726662047778574, 1.973245006517263, 1.9587888485225922, 1.992017114492135, 1.9673877408325777], "(3, 2, 2, 2)": [1.9715332269679373, 1.9567295448792572, 1.9661655038677168, 1.9431829087673052, 1.9537588897286724, 1.9650020921110767, 1.9548816015540207, 1.9725880701416447, 1.9715648943211346, 1.9325735350522542, 1.991376497702855], "(3, 1, 2, 2)": [1.1644628855577188, 0.9748709849448293, 0.41384969006534555, 0.849479841662536, 1.2337355115313935, 1.096813849227113, 0.90433026193089, 1.1802104295553593, 1.495972829085352, 0.8588920976957248, 1.2828645986300482], "(3, 3, 2, 3)": [1.9611310012217655, 1.9592609586887393, 1.9770203914922193, 1.9466194055349382, 1.9470498161474528, 1.943047088593807, 1.9348497845258057, 1.953784023412233, 1.937170012171511, 1.955045354081227, 1.9039021364907802], "(3, 2, 2, 1)": [1.36599385636901, 0.6386166320195674, 0.5787233960834717, 0.9283186583313794, 0.5493390853222684, 1.0860905603492501, 0.723072686651013, 0.5323388871621416, 0.5134429385938947, 0.8707613496874692, 0.8689377328185834], "(2, 1, 2, 1)": [0.18368100418790467, 0.1699082518572781, -0.16172833752049745, -0.03057408249848423, 0.0938289328768445, -0.046522859127827096, 0.05332082158684287, 0.384051686050637, 0.17372094817862765, 0.014108310819225922, -0.23184917075216024], "(3, 2, 2, 3)": [1.760416425145419, 1.5680984086221705, 1.783018520319711, 1.976969134052367, 1.7136600680188465, 1.7714478322048106, 1.8476977104661034, 1.6215697595508636, 1.6614696744684914, 1.8357354958339778, 1.4116500173024635], "(2, 2, 2, 2)": [1.9591188985857197, 1.9561739681178736, 1.9487741987701335, 1.9498230662302942, 1.9627868251408918, 1.953292518219735, 1.9526124302424512, 1.9588611347628722, 1.965260555563296, 1.9528609493306162, 1.9814339700108985], "(2, 2, 2, 3)": [1.9815206999753385, 1.974999416594108, 1.9838333850340009, 1.9758715657165595, 1.9838073742003979, 1.9833659615615378, 1.9851347125969505, 1.989030454510015, 1.985064830956464, 1.9835186223744716, 1.981952564732038], "(3, 1, 2, 1)": [-0.28794741332657164, -0.05470452963747523, 0.11896565470856733, -0.27626406269896486, 0.018266373680164386, 0.23415776834875532, -0.11557312730205879, 0.15643764948087624, 0.0708732356011032, 0.0055027456654895, 0.20651083316653415], "(2, 2, 2, 1)": [0.9297012130849457, 0.9224687818836403, 1.0137748541427154, 1.098767128825982, 1.5954164936831394, 0.8221283915593609, 1.2327554730755999, 1.2191657740523674, 0.6366308825888344, 1.474746584531835, 1.1511380835225091], "(3, 1, 2, 3)": [0.5636435219126579, 1.176743052565285, 0.11941644176142296, 0.4391245363227696, 0.3051955842708407, 0.1322832339797273, 0.41111123959443174, 0.9391349586160866, 0.6088983910022427, 0.4596124542288059, 0.6578949784074801], "(3, 1, 3, 3)": [1.7022487901930439, 1.7835846965367543, 1.7784764102268091, 1.7963182538918379, 1.8213754789084573, 1.819509374049875, 1.8750541940039798, 1.8300325496484129, 1.84664511911121, 1.8391207358605797, 1.8293574284899141], "(3, 4, 3, 3)": [1.7662442884754004, 1.0284120567191137, 1.1408392292847005, 1.1185234455495332, 1.0282489901683554, 1.1535419517312786, 1.0090059564890002, 1.2584889846251563, 0.5257857706309967, 1.1472914569204762, 0.9966585856386878], "(2, 2, 3, 2)": [1.9001147984259377, 1.9570937401822044, 1.9370914217111177, 1.933021431627373, 1.956313499840091, 1.9259370314837017, 1.9530376852909423, 1.9606444049494147, 1.9424758847075267, 1.9901150496092614, 1.9671212197262349], "(3, 1, 3, 2)": [1.3008635548178298, 1.2649162710914676, 1.4398881792683689, 1.4902475588435518, 1.4129117447208657, 1.30776584734405, 1.4053119381906447, 1.3182915917792586, 1.3704397442433514, 1.6476159068255718, 1.4210954777815565], "(3, 2, 3, 4)": [0.37754159486941186, 1.4628209340909717, 0.5376970595645403, 0.0, 0.0, 0.3762111141308283, 0.2834851488193039, 0.3360189604841014, 0.14465424113624614, 0.4384464717962892, 0.0], "(2, 3, 3, 4)": [0.8852513419444948, 0.8229110721595038, 0.9932593988690506, 1.8163739208057808, 1.146940954437568, 0.4436032691034721, 0.9970107158000348, 0.8579774400279881, 1.1016040386213715, 0.7282716129574891, 1.2191215004664517], "(3, 4, 3, 2)": [0.9464932889321978, 1.0659836653425794, 0.5992866003712397, 0.7359246539814914, 1.8310997113622225, 1.0361013757751834, 0.6532231993048336, 0.6569554640036963, 0.563694759526089, 0.9426390109689826, 1.0347255080200242],