{"q_values": {"(2, 3, 2, 2)": [1.9765125394355683, 1.9657344442068145, 1.973460532120773, 1.9764725818820614, 1.9796562237156325, 1.9765507243164313, 1.9726103008461096, 1.9739106861222067, 1.9766679670970368, 1.9714577714564927, 1.976119886287165], "(2, 3, 3, 3)": [1.9356991776551384, 1.9512315987411861, 1.9582142310877664, 1.950155739652688, 1.935255668354142, 1.9520189764216005, 1.9312261825015442, 1.9621853377923084, 1.9626342417214626, 1.9621032955591358, 1.917854388665461], "(2, 3, 2, 3)": [1.969801946712407, 1.9745401619173077, 1.9687139817082457, 1.9629161988603823, 1.9584834074677238, 1.9600839125260838, 1.9698265098457952, 1.9641219565394628, 1.960073528431686, 1.9508239681217199, 1.9601496146743451], "(2, 4, 3, 3)": [1.2534177322801134, 1.2025205061528756, 1.055550648691962, 1.2565631484848732, 1.289783778457516, 1.2569340169205514, 1.3475133878907806, 1.041536579665262, 0.5687559902849537, 1.2410384647266486, 0.8005415244533002], "(2, 4, 2, 3)": [1.8163183361348365, 1.5142588177913154, 1.5135962201505904, 1.480296017032523, 1.4560858113005264, 1.4534434725892935, 1.1869876149292742, 1.515939326914163, 1.1738495031209737, 1.1719016864664649, 1.3815670618661327], "(2, 4, 2, 2)": [1.8511081602011967, 1.8763117046380242, 1.8396034742638143, 1.8383974625451678, 1.8065671701195123, 1.827479185758873, 1.7720525404395662, 1.7889126935911601, 1.7515046074035785, 1.7221866058328474, 1.7157819883265641], "(2, 1, 3, 3)": [1.7745565800096728, 1.7475510035156137, 1.81539932599728, 1.8390353887263942, 1.8182918606969867, 1.849245753425774, 1.85006597979903, 1.8380900951167514, 1.8398583812929095, 1.844361552011409, 1.8605889514137186], "(2, 1, 2, 2)": [1.438717425052837, 0.8643514049576697, 1.3134055674430143, 1.3354326898580042, 1.4326398637980433, 1.4206565656145553, 1.319691738829352, 1.271834049125236, 1.412675683472299, 1.405165957576073, 1.5049113746161267], "(2, 1, 3, 2)": [1.1648680661527524, 1.1546442621897208, 1.443300465216369, 1.4268044801327815, 1.365066924432547, 1.3780450628070122, 1.103520394708077, 1.1008618861109112, 1.7000471443406922, 1.6424136514721077, 1.8229363737286393], "(2, 2, 3, 3)": [1.9776143494024132, 1.9711553121756455, 1.97663401471429, 1.9679785337998914, 1.9748914131710193, 1.9771253298495495, 1.978474846134116, 1.9813165145919482, 1.978265275410516, 1.9681431474451747, 1.9737776533337086], "(3, 2, 3, 3)": [1.9633534503241294, 1.9645372580614289, 1.9137013578082764, 1.9713081415814895, 1.972669500598238, 1.9689282909085055, 1.9621898957031834, 1.9661389152142013, 1.9684167254820448, 1.9634306629705678, 1.969107691282763], "(3, 3, 3, 3)": [1.9769865415671217, 1.9328974889302108, 1.9296803357923504, 1.9312708923111712, 1.9276309589389735, 1.9401006038580286, 1.9400647559640465, 1.8640388889611539, 1.9338872052567802, 1.9299148638661068, 1.9532092110021184], "(3, 3, 2, 2)": [1.9705520331801607, 1.9723921900670758, 1.9752886250770476, 1.973105466780303, 1.9728023436910171, 1.9636663994720351, 1.9634219154173067, 1.9715997694069196, 1.9720994842916335, 1.9725378742985475, 1.9621620679598304], "(3, 3, 3, 2)": [1.981214459743847, 1.916551865232057, 1.9518552782517096, 1.9561206741627655, 1.9197847828604155, 1.9411378266365913, 1.9143009857506381, 1.9110833380793997, 1.8817917259301316, 1.9208870441320276, 1.8782958597650434], "(3, 2, 3, 2)": [1.9606588610720388, 1.955712562553082, 1.9273460872517942, 1.9585898652580014, 1.9477016312468682, 1.9614709661357075, 1.959944182418082, 1.9692123236079895, 1.9589597436838913, 1.96284900386966, 1.9564818037468132], "(3, 2, 2, 2)": [1.8799677783203486, 1.9009633215021695, 1.9175307076514092, 1.9071121280544092, 1.8912265478960464, 1.9317209180165706, 1.9407067727321832, 1.906419525844863, 1.9101095843480207, 1.9383729958748406, 1.942712334865194], "(3, 1, 2, 2)": [0.8788555324467047, 0.997481322129588, 0.6009845790576143, 1.2652704776590515, 0.9813424909682862, 1.0645763257562668, 1.2447141518151248, 1.1034956250286636, 1.0530633692968263, 1.32213824978044, 1.0923678231716727], "(3, 3, 2, 3)": [1.762065283705248, 1.7363470866259845, 1.880272456248912, 1.8173420842970396, 1.8660582171307394, 1.74377540862545, 1.7497343695144991, 1.880354338864764, 1.8125814017279067, 1.9291236871021447, 1.7217650127246702], "(3, 2, 2, 1)": [1.2413899230139034, 0.40578811875241344, 0.5787233960834717, 0.2604909779217765, 0.3643615000793119, 0.6526775820989243, 0.5849069025452632, 0.37563384243955666, 0.35035802179331316, 0.7533812824110093, 0.6111594192955939], "(2, 1, 2, 1)": [0.05502063603858985, -0.06990616878525661, 0.35054899091744673, -0.13122530891658163, -0.22566706745871634, -0.04219963797349657, 0.01040857610792692, 0.15076709806495553, 0.00040060509211684026, -0.1769357591714636, -0.12522532212951715], "(3, 2, 2, 3)": [1.6440179866210662, 1.2884030658672787, 1.5745452509847002, 1.9640404352774732, 1.3210682063796615, 1.5629147511642485, 1.5908904524321938, 1.3785965517610344, 1.3741607744147437, 1.7368744240981924, 1.1994563739379616], "(2, 2, 2, 2)": [1.96247458723933, 1.8913461974192185, 1.9536732026272485, 1.9397528108817896, 1.9638983305233373, 1.9480041642949697, 1.9586971900367411, 1.9627210953919307, 1.9581869110902614, 1.9788337320631024, 1.9600339274042038], "(2, 2, 2, 3)": [1.9409994353674906, 1.9616923202828587, 1.963112517490646, 1.9601152772496329, 1.9436577563677375, 1.941670756356019, 1.972031214466338, 1.9821260302250494, 1.9877003019999844, 1.956560615734314, 1.969088584931956], "(3, 1, 2, 1)": [-0.28794741332657164, 0.09075398564338684, 0.11896565470856733, -0.17166861697783925, 0.041538777333614996, 0.29124793874076704, -0.11557312730205879, 0.016198393611056572, 0.24607992457679423, 0.0055027456654895, 0.8483540625205015], "(2, 2, 2, 1)": [0.561312198915299, 0.6062936966880154, 0.621806794421545, 1.0068905489064386, 1.522119469567538, 0.4555959236992789, 0.8291986932119921, 0.8661929792185024, 0.48970159428381943, 1.2188987783478247, 0.9643650924788799], "(3, 1, 2, 3)": [0.3056891389918268, 1.3277173043418151, -0.041496289611510084, 0.4391245363227696, 0.15843484971702268, 0.1322832339797273, 0.08987497687339784, 0.6130893658400869, 0.4758856529763529, 0.4596124542288059, 0.6578949784074801], "(3, 1, 3, 3)": [1.7540727767051802, 1.7370320425173185, 1.7774990920496945, 1.827330854471663, 1.8384700995866756, 1.8374913061544003, 1.840010661298537, 1.8396092889785707, 1.8509794765299494, 1.8594590837977232, 1.8278356507603872], "(3, 4, 3, 3)": [1.4810966720767018, 1.6320504323683889, 1.1801253375275111, 1.3746565268516957, 1.458552637618325, 1.19554712261496, 1.1564459521214354, 1.0387657590285473, 0.7948174387972067, 0.9034116233216293, 1.299812228287235], "(2, 2, 3, 2)": [1.8194476606499328, 1.9190735243416646, 1.8679220912528467, 1.7820396474418776, 1.8836616968739457, 1.8477886141919837, 1.879598228568348, 1.9111094146804217, 1.8156398006766359, 1.972024560371836, 1.8581477923723233], "(3, 1, 3, 2)": [1.5266133777272222, 1.4020578476351382, 1.4719015901591477, 1.3266730906157187, 1.0898684056764134, 1.3580035233078036, 1.332026407944454, 1.4493222710008267, 1.390883415699287, 1.3540387277106924, 1.5335832462724386], "(3, 2, 3, 4)": [0.19839403263448985, 0.8981980667816243, 0.1977243676747394, 0.0, 0.0, 0.0, 0.2834851488193039, 0.1589044992747115, 0.14465424113624614, 0.2712877846263392, 0.0], "(2, 3, 3, 4)": [0.48920317452769946, 0.47952104468402046, 0.7668284861366621, 1.6332037789879976, 0.6842698458762434, 0.1945839782386687, 0.29837694331143594, 0.1476909876923332, 0.6778447464690303, 0.5488696073291406, 0.33500042608191427], "(3, 4, 3, 2)": [0.47455988918620007, 0.7758028713833885, 0.46212316895212346, 0.6192867211603607, 1.6956939035326093, 0.9373410487471298, 0.5614822728207285, 0.5351969340793045, 0.563694759526089, 0.7552548330573616, 0.9663116223177778],