{"q_values": {"(2, 3, 2, 2)": [1.9495171535523654, 1.968921846462705, 1.977049313489252, 1.9704013828559763, 1.9789148237920806, 1.9776526697684509, 1.974581200668117, 1.971369906036602, 1.9767910468182355, 1.9664342019506276, 1.9755152782252094], "(2, 3, 3, 3)": [1.957053944898767, 1.9516973161635862, 1.949889659594223, 1.9651785355309148, 1.9485577574350295, 1.9384260187190927, 1.94058478106731, 1.943753436803454, 1.9072865344633578, 1.9499112318549794, 1.8869525242064782], "(2, 3, 2, 3)": [1.969936656889394, 1.946406816339306, 1.938094448352728, 1.9585287015173063, 1.9547672772685514, 1.952529698572371, 1.9564266619686963, 1.950476697595904, 1.9137898534996949, 1.946193803514122, 1.9276377799389879], "(2, 4, 3, 3)": [1.256398051147027, 1.2879776280543271, 1.3228347751648188, 1.1894089394312937, 0.9044598384820924, 1.414912050251342, 1.2998192892038731, 1.1707667545143972, 1.1925681298053452, 0.3986206679814719, 1.2321888902264555], "(2, 4, 2, 3)": [1.4633185180673425, 1.2812983960673883, 1.133797285950054, 1.1601687782366845, 0.9596067663267723, 1.2769867683153155, 0.8320970845795205, 1.3324615193883838, 0.8688775155121761, 0.9517894560076584, 1.01779506932146], "(2, 4, 2, 2)": [1.856917187504977, 1.7817130426695431, 1.755602690103387, 1.8181770952058087, 1.7048234453353064, 1.7654351135371682, 1.6246225866091533, 1.61769222223235, 1.5725505232945585, 1.5902044884846807, 1.6356936176467856], "(2, 1, 3, 3)": [1.7479143385968905, 1.455869161296586, 1.7765299704244655, 1.7944193556404147, 1.7852078580632338, 1.8141218707194149, 1.838204941670108, 1.8592053041926162, 1.8482444379244207, 1.874830871081218, 1.8458349751351466], "(2, 1, 2, 2)": [1.1897024269980014, 0.9568885405039839, 1.2041559574466507, 1.128043763392667, 1.2732502057018469, 1.144967793044433, 1.0001315112163893, 1.3338302386875622, 1.2661301542694146, 1.3154014679769555, 1.2155228305641659], "(2, 1, 3, 2)": [1.0977263263588803, 0.9356038441076313, 1.2494596995794798, 1.062916047148739, 1.144787638513261, 1.2768877430556917, 0.9348922105106718, 0.7295792562292118, 1.5988940147457606, 1.250259799643522, 1.8228853747910396], "(2, 2, 3, 3)": [1.9606899796009798, 1.9635184996288124, 1.9720449552577466, 1.9640509532985115, 1.9702362754555955, 1.973861182648754, 1.9711233031703361, 1.9738359861418293, 1.9520685750755664, 1.9729130514463147, 1.9488034026686578], "(3, 2, 3, 3)": [1.9680683532851866, 1.9723723215022981, 1.976435340617798, 1.9773459382896978, 1.968334473444775, 1.978662572780792, 1.9699108284462876, 1.9813739761199791, 1.9745858691820026, 1.97428660217569, 1.9711530920294402], "(3, 3, 3, 3)": [1.9599852880017141, 1.9190475613328517, 1.944873175075903, 1.922932271793575, 1.925285172470773, 1.9326195528366148, 1.921842697911132, 1.9043800696447828, 1.9377273143653755, 1.9353082452658574, 1.9181789623419574], "(3, 3, 2, 2)": [1.9670095255900797, 1.9623588886483976, 1.9493085488249728, 1.9736748834438442, 1.9652904137585652, 1.966987806779362, 1.962325987139511, 1.962873954260025, 1.9576345518311864, 1.9499571392797432, 1.941172116912516], "(3, 3, 3, 2)": [1.9793512420202761, 1.701132353709614, 1.9102737815291024, 1.9092921232869666, 1.7527105966355818, 1.776000053393654, 1.741099570395915, 1.8006846967376484, 1.7951242751974543, 1.8392625869843966, 1.6868866791149626], "(3, 2, 3, 2)": [1.9372785867015163, 1.9343376617172123, 1.958234860755289, 1.9623367853202485, 1.9484715107155806, 1.9536064166268385, 1.967922980578779, 1.9612771975378627, 1.964756265384272, 1.9139546925232513, 1.9777098146699803], "(3, 2, 2, 2)": [1.9374965343856443, 1.9078696181657606, 1.9368544083501078, 1.9398708410847232, 1.9078998782899705, 1.8935455013777007, 1.9440704339952535, 1.94545512537637, 1.9423749986554297, 1.92723226095671, 1.9406038810302675], "(3, 1, 2, 2)": [0.9636225738437093, 1.2742727751770504, 1.0827581366327965, 0.9395607500123053, 0.98132054549845, 0.8661046324993457, 1.329474921366724, 1.2481201175328154, 1.0631759506184846, 0.9330956664043384, 1.2428595622850955], "(3, 3, 2, 3)": [1.7427275612208715, 1.7090149205280185, 1.8227659851113185, 1.7307728457806637, 1.6629733536939524, 1.6270306064214897, 1.6685044382461987, 1.8424731002379853, 1.7478894072511015, 1.9072518096815387, 1.598188011868639], "(3, 2, 2, 1)": [1.1870054603446363, 0.40578811875241344, 0.4649502546242711, 0.2604909779217765, 0.22555574723159355, 0.6526775820989243, 0.5849069025452632, 0.37563384243955666, 0.35035802179331316, 0.30367100908238803, 0.4636439554187418], "(2, 1, 2, 1)": [0.05502063603858985, -0.04087058751794399, 0.19635516637988404, -0.26405406909276086, 0.008085792037246409, 0.09742352585113517, 0.1367157222976428, -0.05131131785356022, 0.00040060509211684026, 0.12657088887939705, -0.0003077995241745901], "(3, 2, 2, 3)": [1.4765173634842519, 0.935209135744085, 1.4252618816745282, 1.9480645206371974, 1.2477493327261064, 1.3525260103375822, 1.4470892446600319, 1.3785965517610344, 1.235086654348942, 1.6492747991414307, 1.1994563739379616], "(2, 2, 2, 2)": [1.9326178359569195, 1.9181626892868566, 1.9160062745160575, 1.9504122141764495, 1.9031269938497715, 1.9375931627896044, 1.9357879170746968, 1.9090008937346339, 1.9509664632793393, 1.952056514223044, 1.9456216141924123], "(2, 2, 2, 3)": [1.776432942438634, 1.8462453059754598, 1.9269513704333046, 1.9266423475257886, 1.7423721583467653, 1.7572368879312947, 1.8480113862199092, 1.8440068599474544, 1.9725601511836237, 1.8082038928275022, 1.9147323274660895], "(3, 1, 2, 1)": [-0.28794741332657164, 0.09075398564338684, 0.11896565470856733, -0.17166861697783925, 0.18547575103845454, 0.1833319386345975, -0.27585664268130616, -0.15751463975905586, 0.24607992457679423, 0.0055027456654895, 0.9952610860193325], "(2, 2, 2, 1)": [0.42821705358776696, 0.6062936966880154, 0.621806794421545, 0.5952779465490199, 1.51810035004184, 0.4555959236992789, 0.8076926159184352, 0.6089805503668213, 0.48970159428381943, 1.1384959133201156, 0.4927781575180733], "(3, 1, 2, 3)": [0.3056891389918268, 1.1370159143121863, -0.041496289611510084, 0.2980151697417637, 0.15843484971702268, 0.1322832339797273, 0.08987497687339784, 0.4793392077119365, 0.4758856529763529, 0.3056297620244792, 0.6578949784074801], "(3, 1, 3, 3)": [1.7161177831134462, 1.6343642615736131, 1.7525842219418666, 1.804411123287227, 1.7838635474292233, 1.8509970244741394, 1.7730645259713056, 1.8400747336075323, 1.8320567061818585, 1.852069946125669, 1.8313642583866667], "(3, 4, 3, 3)": [1.3344229233849287, 1.2723491251297645, 1.1349439412872742, 1.0095942682220707, 0.9717443493828398, 1.3038703137034728, 0.9693370202630819, 1.1558282505545692, 1.3356299615912826, 0.8048331585535782, 0.8033840454869704], "(2, 2, 3, 2)": [1.6742407413013438, 1.9296155206869612, 1.8190182200988625, 1.7257222545735291, 1.7493106456717142, 1.7222666247119869, 1.8087278348197222, 1.8408793711203246, 1.7629524209174874, 1.862246449114773, 1.7543291421834926], "(3, 1, 3, 2)": [1.4072196732460276, 1.045591108669342, 1.3346934173445895, 1.0225911213417085, 0.6529646876016788, 1.4941034521805245, 1.4354644896068385, 1.5560857804756665, 1.721905075460587, 1.3456498940692505, 1.800326411613581], "(3, 2, 3, 4)": [0.0, 0.4948136326649858, 0.1977243676747394, 0.0, 0.0, 0.0, 0.11639174662278662, 0.1589044992747115, 0.0, 0.2712877846263392, 0.0], "(2, 3, 3, 4)": [0.36589423953114075, 0.31586143216533313, 0.5231571917227175, 1.4107952085527589, 0.27389476767490106, 0.0, 0.12910138373752278, 0.1476909876923332, 0.3587516061082501, 0.2811981138441575, 0.33500042608191427], "(3, 4, 3, 2)": [0.3275831445294936, 0.5390303809740183, 0.46212316895212346, 0.18874361500635417, 1.5278803014110218, 0.863443331490042, 0.5614822728207285, 0.4137029279672722, 0.563694759526089, 0.6446796125761589, 0.7728931731740243], "(3, 4, 2, 2)": [1.8319991853126962, 1.8325616235438416, 1.8300517546100372, 1.8299748498860529, 1.8601896266389255, 1.8352035780872384, 1.7689564735306311, 1.7936143384090917, 1.7114692788107968, 1.734841691171107, 1.7194703218468586],