{"q_values": {"(2, 3, 2, 2)": [1.9545243822823428, 1.9860407460449756, 1.9782705758598473, 1.9815091104701652, 1.9825363813377082, 1.9778659476625244, 1.9811886128498066, 1.9830810938362, 1.9826246888137387, 1.9794703606855857, 1.9722427731394292], "(2, 3, 3, 3)": [1.9603022001169377, 1.9632044576223362, 1.97548716693833, 1.9126212920549903, 1.9653068953413113, 1.9443957514095924, 1.9394772842698471, 1.9605332456599356, 1.9568685413122862, 1.9295918530706118, 1.9250899506674706], "(2, 3, 2, 3)": [1.9694743202437928, 1.9676680232655444, 1.9886971623759302, 1.9631039755986595, 1.9689230745633743, 1.966516314061846, 1.947100407051078, 1.9647375260297697, 1.9708979584506774, 1.9574536786847725, 1.9412707798408362], "(2, 4, 3, 3)": [1.4795725019907884, 1.172918458604594, 1.0678340060435918, 1.2044237096434185, 1.1779946248610036, 0.9961688987853258, 0.8428661306322256, 0.9258987199564963, 1.0591714274761412, 1.0150239016896356, 1.112758467487225], "(2, 4, 2, 3)": [1.5382598492320032, 1.4721974929704136, 1.581449589792761, 1.4913517049030431, 1.6395314640498908, 1.3796484543366727, 1.537859060543593, 1.476691692366907, 1.271599304766075, 1.4688508144158938, 1.362323088849797], "(2, 4, 2, 2)": [1.7753904927808866, 1.8900006025289389, 1.8144032400535755, 1.844652707509818, 1.8497677690967689, 1.839543256588447, 1.820605703115476, 1.8119648343233066, 1.7958925575477425, 1.7736553553585586, 1.4789282338435563], "(2, 1, 3, 3)": [1.7973304296865458, 1.7818503793647338, 1.8388454687617601, 1.811949925998261, 1.8557260323857891, 1.85029174471948, 1.8547842346855075, 1.8506103533517564, 1.8510880318486636, 1.8421735516260558, 1.8648335723302496], "(2, 1, 2, 2)": [1.2778149483612804, 0.8902806880001248, 0.8279220907555435, 1.1575553960267069, 0.6704598526094422, 1.4492281540097922, 1.307031659952243, 1.3539528026786267, 1.2485819612615825, 1.4426620428044599, 1.67299070167232], "(2, 1, 3, 2)": [1.339451817308312, 1.2356768871265795, 1.5854438935316317, 1.604067923052542, 1.5556565503850774, 1.6133821135711084, 1.4276421878981145, 1.4320970557150654, 1.7870043505434496, 1.721902106182872, 1.852218378707402], "(2, 2, 3, 3)": [1.983710518780169, 1.9835891991710455, 1.9807694571647292, 1.979949617406647, 1.9803644930945319, 1.9821295313661969, 1.983823768058221, 1.982097110419815, 1.9840183905546203, 1.9782811003535257, 1.9816726138052851], "(3, 2, 3, 3)": [1.9605176631303303, 1.9582701788193013, 1.9606022925031727, 1.960034539820829, 1.9625861024966218, 1.9609350776154408, 1.9559916030093527, 1.9581167630418188, 1.9573647313708935, 1.9804031093344439, 1.9581643384477143], "(3, 3, 3, 3)": [1.958688225603892, 1.9553468680858475, 1.960743806916576, 1.9738800390469604, 1.9613414938467937, 1.9556387667763233, 1.9554247345837772, 1.9545871552904912, 1.9559104100450206, 1.9183125015815377, 1.9516858746261896], "(3, 3, 2, 2)": [1.946189920996214, 1.9681717832466314, 1.9765075603057378, 1.9730359469520626, 1.977977869700312, 1.9855870299275757, 1.9761302242518717, 1.9782238847543203, 1.9756823161009995, 1.9739391842348981, 1.9719941494457534], "(3, 3, 3, 2)": [1.9801679622234305, 1.980043604498964, 1.9782026363932264, 1.9777600394338195, 1.9810773164068156, 1.9792086105085414, 1.9787453151884125, 1.9786971662684003, 1.976564559513064, 1.9802722676718982, 1.9792384894130497], "(3, 2, 3, 2)": [1.9486234883699995, 1.940486217262144, 1.9534742933960698, 1.9565876529088757, 1.9522851103170094, 1.9534703426008604, 1.9453458550261937, 1.9528203676133764, 1.9534862829785307, 1.9694083735215473, 1.945210899526422], "(3, 2, 2, 2)": [1.927500514223521, 1.9435740309445373, 1.9013150516769874, 1.9521556013902504, 1.9380601003871218, 1.950699193083544, 1.9431372378257845, 1.9415467631555412, 1.9423626614307214, 1.9490882067705326, 1.9725304825339327], "(3, 1, 2, 2)": [1.0065192643464973, 0.993491141119347, 1.1766752065405905, 0.7059448696043789, 1.060342935706951, 1.0230180011787418, 1.2955105983719852, 1.169404163357615, 0.8666903302292228, 1.0373472499526388, 1.791217921922641], "(3, 3, 2, 3)": [1.971929932306409, 1.9765930874522266, 1.9637522278442077, 1.9686191923798206, 1.9651027742357414, 1.9652725919308536, 1.9367606333317655, 1.954597927338647, 1.9660434663850985, 1.965640158078949, 1.9260751417673971], "(3, 2, 2, 1)": [1.2840363074627688, 0.6386166320195674, 1.0067721157202603, 1.1924556707934928, 0.5493390853222684, 1.2132031059202417, 1.0352353597912458, 0.8074652966947934, 0.9027695361812463, 1.044051435416777, 1.2037442479957703], "(2, 1, 2, 1)": [-0.08934457232404122, 0.25244511940280956, -0.16172833752049745, -0.03057408249848423, 0.03206408448492609, -0.20364907456356485, 0.14331712392035822, 0.11079696764315519, 0.5209499920745019, 0.014108310819225922, -0.23184917075216024], "(3, 2, 2, 3)": [1.8937871303896545, 1.7355071270947025, 1.9014755305148026, 1.9824244732633274, 1.8411978036018333, 1.9130338156139683, 1.8976446472960795, 1.8301839681337813, 1.792953332086259, 1.9121201201465319, 1.5207207811406809], "(2, 2, 2, 2)": [1.95362497058591, 1.9515657643361484, 1.9485771917083896, 1.9666654603576859, 1.9457692745049142, 1.9740538778436838, 1.9722087479722603, 1.9724760548516893, 1.953298347891198, 1.9511660387039158, 1.9605523605537916], "(2, 2, 2, 3)": [1.9837070773966918, 1.985310363152891, 1.9802927846750515, 1.9864501506985455, 1.9844202120805712, 1.9857714143539942, 1.986063391196828, 1.9807291961471998, 1.986235508845492, 1.9825961729156343, 1.9875199703080277], "(3, 1, 2, 1)": [-0.28794741332657164, -0.05470452963747523, 0.21416738639058017, -0.1638240046049792, -0.07195542976340537, -0.34165380863113626, -0.1328163328411831, -0.13569374183059255, -0.0688182840017122, -0.11764556668142952, -0.17416973027644622], "(2, 2, 2, 1)": [1.1184009462819229, 1.39817544877589, 1.1852019924042265, 1.2386034309819642, 1.385151327652554, 1.1097380482015193, 1.2327554730755999, 1.3424354377898609, 1.065586935650591, 1.9096128826078889, 1.229044402415818], "(3, 1, 2, 3)": [0.5636435219126579, 0.9330992190076961, 0.11941644176142296, 0.4391245363227696, 0.3051955842708407, 0.27695289305734305, 0.41111123959443174, 1.3617448068580675, 0.7270199552333523, 0.5993556675664157, 0.6578949784074801], "(3, 1, 3, 3)": [1.7202188081622842, 1.743238273001125, 1.8185000872825006, 1.8133357076483483, 1.8309914365898043, 1.831115098988025, 1.8701755791754446, 1.827478957623134, 1.8444785275260127, 1.843463728021024, 1.8417614401468718], "(3, 4, 3, 3)": [1.5602004909487366, 1.315306527631396, 1.235547514109265, 0.9692506295287029, 1.2655724617439699, 1.251573944067008, 1.2666951787257392, 1.2634346354354018, 1.4111877838918991, 1.3667270406942822, 0.9033842905698], "(2, 2, 3, 2)": [1.9564518212813875, 1.9674237110944235, 1.9447798947871457, 1.9732379661403303, 1.9705775054127113, 1.9690005380636117, 1.9772613468236504, 1.9804152662402807, 1.9794813341375297, 1.9678918139032222, 1.9867511491021599], "(3, 1, 3, 2)": [1.528669884852208, 1.5931431044034097, 1.5578335118619318, 1.1643574991151935, 1.5553064796476994, 1.3939600982741782, 1.6192173375346246, 1.5290869043492716, 1.608239681298749, 1.8095157837904792, 1.6263537708127747], "(3, 2, 3, 4)": [0.37754159486941186, 1.7346739064262753, 0.5376970595645403, 0.198516777546488, 0.0, 0.5379057400531735, 0.4514852356495479, 0.3360189604841014, 0.14465424113624614, 0.4384464717962892, 0.3704118537492902], "(2, 3, 3, 4)": [1.1818326186223003, 0.9373467524362726, 1.4327232919842612, 1.825440435691255, 1.370000351008866, 0.5961904006711848, 1.2388859056053834, 0.9647312583304112, 1.1804386331389713, 0.9537740922078851, 1.2854849074009134], "(3, 4, 3, 2)": [1.25846104018262, 1.0659836653425794, 0.5992866003712397, 0.8481484487454943, 1.8495100473832031, 1.1156799073744035, 0.8715853017773135, 0.9680820242920268, 0.563694759526089, 0.9426390109689826, 1.1029542855378058],