{"q_values": {"(2, 3, 2, 2)": [1.969443711309583, 1.9595580809480855, 1.9681396675207479, 1.9704183278600218, 1.9693746240403962, 1.970668774324217, 1.9640552086456513, 1.9710253877154902, 1.9671529042537386, 1.9669003598945756, 1.9637163633048444], "(2, 3, 3, 3)": [1.945488807802024, 1.9557398862359447, 1.9493430312341742, 1.9137248480638833, 1.936593280555725, 1.9097996258642964, 1.9482907497110893, 1.932573449525157, 1.909602923170643, 1.8612325113552737, 1.8597339773220716], "(2, 3, 2, 3)": [1.8753286093941952, 1.8636124233953877, 1.7789899911238505, 1.7765094823915475, 1.8491232599249872, 1.8430309595303813, 1.9224540451243173, 1.7355839288136805, 1.8981305865362887, 1.8728040670090529, 1.832345912915269], "(2, 4, 3, 3)": [0.9887354515176573, 1.0846382400071641, 1.3792761151428499, 1.0524189851436083, 0.7839758995317253, 1.1282848798649892, 0.9532483649365425, 0.8261606971076998, 1.0729763596891533, 0.7961793934557513, 0.6117612463959621], "(2, 4, 2, 3)": [0.8978898064794769, 0.9542507063664646, 0.7142131259388105, 1.1333221646010487, 0.7107339440908484, 1.2325662463994203, 0.8193225037483021, 1.046691578744452, 1.1534207374493124, 0.6232696700843661, 1.1159345110277816], "(2, 4, 2, 2)": [1.811073183553102, 1.5361118512440066, 1.6157306463610208, 1.7330295737186099, 1.5348888246959096, 1.5966450481444554, 1.4446783022557947, 1.6100681622736492, 1.305868189523507, 1.4069600273761198, 1.4746395119572155], "(2, 1, 3, 3)": [1.5926321977202866, 1.6264846944582474, 1.7338737355073455, 1.6497609626690652, 1.6519758907971394, 1.7599076709293706, 1.7944797121939087, 1.7847951374090045, 1.8240064327099992, 1.7861506935691174, 1.805940863773782], "(2, 1, 2, 2)": [0.9938174319628343, 0.6989586105539813, 0.4250210619337613, 1.1616897525772547, 1.0663941610590322, 1.1154324498306933, 0.9569210845908938, 1.1978205000866966, 1.1584424533145765, 1.1269125398785085, 1.4153134311946816], "(2, 1, 3, 2)": [1.2584411617411093, 0.6728122511711139, 0.9885784420997952, 0.7558672168128732, 0.5784793127754707, 1.1645981658108493, 0.46562705995324705, 0.33722214945396534, 1.3360906242728894, 1.130065919541621, 1.6755943254967633], "(2, 2, 3, 3)": [1.9574298861843316, 1.9684402748155392, 1.96270214785837, 1.9635936949069586, 1.9636532908449997, 1.9588337402404952, 1.9663841994329985, 1.964679960279073, 1.96300781215193, 1.9606913214947013, 1.9654394449112045], "(3, 2, 3, 3)": [1.962497669155343, 1.968709929766537, 1.9708007376235237, 1.9711985622903139, 1.9629168828460177, 1.9683651413021253, 1.9483957878177287, 1.968076021617672, 1.9598915243914732, 1.9774440994103695, 1.9734777371038872], "(3, 3, 3, 3)": [1.9540377865416803, 1.9671681315779506, 1.9408451339975175, 1.9453650032631116, 1.942858488682953, 1.9474653200154397, 1.9108630714530574, 1.946038890455722, 1.9092585359247631, 1.914683231912463, 1.919537787564284], "(3, 3, 2, 2)": [1.9642699333039946, 1.9418809124738594, 1.9743474693395835, 1.9809217225635416, 1.9684481544710062, 1.970671416281972, 1.9693498240559402, 1.9695578517518675, 1.959918237608135, 1.9679304060041223, 1.9537578992109768], "(3, 3, 3, 2)": [1.9665172582104191, 1.455648096523194, 1.6246239468359, 1.657514944009593, 1.3357442445548973, 1.1093808242782914, 1.2496384918153844, 1.5799740393689827, 1.459722870993905, 1.6449752293938116, 1.30463315215871], "(3, 2, 3, 2)": [1.8265057417749169, 1.8861079840290582, 1.8644204098491053, 1.885603232463163, 1.769680859301684, 1.8288674324768042, 1.924453461352043, 1.9596195869497597, 1.8903380586711183, 1.9369153174611138, 1.8880399341429976], "(3, 2, 2, 2)": [1.8190892747140148, 1.9491364583788224, 1.9396532992130338, 1.9134953739799034, 1.9430358232332938, 1.9417086084584805, 1.9533279215841022, 1.9332884014580622, 1.9574153375521126, 1.949449719630368, 1.9570422342443825], "(3, 1, 2, 2)": [0.8755809150181236, 1.0754464836200883, 1.144578679475535, 0.8417858363966872, 1.367550096394348, 1.255103450931113, 1.3572220074712664, 1.0205362575646146, 1.686197307739604, 1.2977365682527697, 0.8722033495966768], "(3, 3, 2, 3)": [1.4994453555993392, 1.5844222415099998, 1.5584559919258616, 0.9857606393648033, 1.2715309895238047, 1.4624756154464293, 1.2990893632723295, 1.7138851274154696, 1.3548497956204661, 1.8851274812505732, 1.3858747762963837], "(3, 2, 2, 1)": [0.7637049526595799, 0.30501187093492066, 0.20486698534979841, 0.12063566354287768, 0.22555574723159355, 0.2879359100704086, 0.35058100071758536, 0.26454101346228065, 0.35035802179331316, 0.12097215474194788, 0.11002505888477786], "(2, 1, 2, 1)": [-0.07021653314701935, -0.04087058751794399, 0.09654432843468742, -0.4057563123929753, 0.008085792037246409, 0.24297483457122335, -0.4078349002535905, -0.08560414108974262, 0.00040060509211684026, 0.6745998195620055, 0.1407319612078855], "(3, 2, 2, 3)": [1.1517429848835743, 0.6887895023108273, 1.1358755888558518, 1.7985133596779432, 0.8792778288473244, 1.3525260103375822, 1.0870805173316378, 1.1663698535208176, 1.1616436823557408, 1.4748948775297641, 1.1134193517418332], "(2, 2, 2, 2)": [1.8903571463461233, 1.8986197068023856, 1.8874471503611978, 1.9359958970390019, 1.9244676738053645, 1.9299807271121545, 1.9350237155762315, 1.935885054997264, 1.9462337379688521, 1.911496829729714, 1.9437260335803996], "(2, 2, 2, 3)": [1.273596567266836, 1.5683950068845038, 1.7105107696218194, 1.4887005874441506, 1.3098269364039294, 1.3981152036968183, 1.2652451601890098, 1.4433261870939864, 1.96183148277785, 1.5815046325379132, 1.3887418900039146], "(3, 1, 2, 1)": [-0.28794741332657164, 0.09075398564338684, 0.0, -0.17166861697783925, 0.21914786679152837, 0.1833319386345975, -0.19017795629980716, -0.15751463975905586, 0.24607992457679423, 0.1438931409855281, 0.6721450823098426], "(2, 2, 2, 1)": [0.42821705358776696, 0.4278372319458328, 0.2629905934876625, 0.3510908028696271, 1.3324607694370727, 0.2906480648147014, 0.32786566231490044, 0.4627971240985067, 0.32860442030167625, 0.8691166138878123, 0.33006183787550014], "(3, 1, 2, 3)": [0.16390098119556312, 0.7271076345072136, -0.041496289611510084, 0.164964614160651, 0.15843484971702268, 0.0, 0.08987497687339784, 0.3364827941014923, 0.4758856529763529, 0.14176583324801378, 0.37404924243123877], "(3, 1, 3, 3)": [1.6522369651206377, 1.6999325507736494, 1.7271045298225198, 1.7020269770527126, 1.4992425472059545, 1.7958301069708205, 1.8133707152355045, 1.8424547235058497, 1.8225567826680773, 1.826730466089537, 1.7091461338690404], "(3, 4, 3, 3)": [1.3283741795968638, 1.5173581683827848, 1.1920864281185874, 1.067351561835857, 1.2548168266857338, 1.0627568273080334, 1.19035491159867, 1.1199163530222498, 0.9802891708389785, 0.7523528313065028, 0.34786462757664915], "(2, 2, 3, 2)": [1.3023851845211147, 1.9178602548547665, 1.6720818067152425, 1.4851471513543657, 1.4165993887746924, 1.4896467549987022, 1.3593393522005157, 1.5663477910037291, 1.452453698695176, 1.682589576306433, 1.3422843884196438], "(3, 1, 3, 2)": [0.9020324311438559, 0.9911399656388225, 1.0470482968954307, 1.0734638728750996, 1.104467862994188, 1.1098328994189397, 0.9650341833028235, 1.7969289399207666, 1.5914063339023112, 1.35840398831203, 1.609067889911977], "(3, 2, 3, 4)": [0.0, 0.32927581513853277, 0.0, 0.0, 0.0, 0.0, 0.0, 0.1589044992747115, 0.0, 0.2712877846263392, 0.0], "(2, 3, 3, 4)": [0.19138896528002414, 0.31586143216533313, 0.18838114627230215, 0.988127233705062, 0.08925883769989014, 0.0, 0.12910138373752278, 0.0, 0.2186340486597535, 0.13869848344796246, 0.11932207432944862], "(3, 4, 3, 2)": [0.3275831445294936, 0.39538058552977284, 0.30877682244720533, 0.18874361500635417, 1.1782101166425862, 0.7907861727982202, 0.28095525916476394, 0.4137029279672722, 0.430326234472588, 0.5279139497560366, 0.43232759972453483], "(3, 4, 2, 2)": [1.8179475573850723, 1.8544673689949835, 1.7601748834819602, 1.8071801063585478, 1.8211371001403864, 1.813922779571387, 1.7008665711473356, 1.7019268682670146, 1.5796476578288206, 1.6795826312006155, 1.555353321724854],