{"q_values": {"(2, 3, 2, 2)": [1.9868757615184767, 1.9850847805631915, 1.9918843453369548, 1.9894418913632277, 1.988138399471689, 1.9886077015867698, 1.9870433030373151, 1.9843646051956891, 1.986786412711773, 1.9844831144787416, 1.9866589352379942], "(2, 3, 3, 3)": [1.990810587460842, 1.9772911790861953, 1.9440496011165331, 1.9764374491347652, 1.9723723221992957, 1.9799823926450493, 1.9735641628730074, 1.9619165193847976, 1.9304590154697496, 1.9755619536627052, 1.97383410270691], "(2, 3, 2, 3)": [1.983900707010052, 1.9731868655835838, 1.9808356694405536, 1.9792895933123034, 1.9739698599469981, 1.980233813198388, 1.9782134607015371, 1.9726909244678053, 1.9797616554405888, 1.9608554209386606, 1.973762175138235], "(2, 4, 3, 3)": [1.4028921620556676, 1.210725765536747, 1.0190904705866404, 1.0183843040544442, 1.114878991535795, 0.9616516148063737, 1.036141876909372, 1.0264640025965797, 0.9295255098421487, 0.9613808506254711, 1.063095246679746], "(2, 4, 2, 3)": [1.4573363501734597, 1.5296573267572136, 1.589537976494735, 1.2392551608813323, 1.5088627908976557, 1.4570601963450374, 1.3025251789822834, 1.5145057304788636, 1.0061659394847131, 1.2173847399623599, 1.3846371154825632], "(2, 4, 2, 2)": [1.830593663356483, 1.8749088981873232, 1.8598285369552352, 1.8604781780013195, 1.850274112418904, 1.8410957539728274, 1.7785059824998624, 1.7924552260437463, 1.8011170951855575, 1.78513527026792, 1.569136865664627], "(2, 1, 3, 3)": [1.8185160982657276, 1.7774519061570087, 1.8324663643362122, 1.8260038866713026, 1.8445307380771523, 1.844064315557674, 1.8433737449467171, 1.863078898398616, 1.8525795705203456, 1.8457268600074839, 1.8711261785671487], "(2, 1, 2, 2)": [1.3352714759276179, 0.8165359344952559, 1.4199819587342526, 1.144380129447563, 1.138545433361084, 1.092937486359385, 1.3335940698331248, 1.1143158389058199, 1.2320162300401811, 1.2141573439197653, 1.6522071188299474], "(2, 1, 3, 2)": [1.1245062380268631, 1.2356768871265795, 1.5854438935316317, 1.6367106252581003, 1.6018720694301618, 1.6790078639434243, 1.4276421878981145, 1.1598024012646624, 1.814548243888968, 1.721902106182872, 1.5441563352531293], "(2, 2, 3, 3)": [1.984889169698006, 1.9860250116198281, 1.9854557279933631, 1.9819622102237033, 1.9855369199263349, 1.9863563941081213, 1.9928341561948895, 1.98591127516484, 1.983861048328898, 1.986304252681257, 1.9864996534670127], "(3, 2, 3, 3)": [1.9880716368165137, 1.9862232734447296, 1.9867547734978257, 1.9853256575189386, 1.9856497882041175, 1.986376547114044, 1.9867707514105595, 1.9889136399960192, 1.98773262601646, 1.9858928176225688, 1.9880759037061233], "(3, 3, 3, 3)": [1.9872092648255766, 1.9440161960072726, 1.9588565420878352, 1.9713558790031533, 1.9612678977844191, 1.9529287327975673, 1.942474182999864, 1.9380688593905953, 1.9354375263988235, 1.9716086019501617, 1.9354839015973733], "(3, 3, 2, 2)": [1.9795361508215221, 1.9514623471758688, 1.9844445984418764, 1.9822523792776336, 1.9814398864180494, 1.9914759342916266, 1.9825344256401785, 1.9797887418869924, 1.9790091576455375, 1.9832845237128118, 1.9808316679060283], "(3, 3, 3, 2)": [1.9806968741722069, 1.9797253234748764, 1.9789393252958818, 1.9836716896244082, 1.9810933913702544, 1.9834895445208414, 1.9907605141517573, 1.9801606962117484, 1.9815529444264226, 1.9757909196175694, 1.975472692873734], "(3, 2, 3, 2)": [1.9701433568902307, 1.9766817889015147, 1.9683507961296205, 1.9763522221235093, 1.9782902925401638, 1.9783861613009612, 1.979151461823038, 1.98013293871815, 1.9783710893878659, 1.9827984142930488, 1.9796809460413063], "(3, 2, 2, 2)": [1.9581162283144213, 1.9702011025498922, 1.963013491610633, 1.9728344984528725, 1.9163138012397274, 1.946250749985809, 1.9756730017719422, 1.9785275572189187, 1.964689280464714, 1.9333153848359435, 1.974857039569681], "(3, 1, 2, 2)": [0.2438308506604352, 0.9550827368685303, 0.983450980644514, 1.0237070459435105, 0.9462850431722323, 1.1186087341881152, 1.124718869596791, 1.1325456085106345, 0.8441391528748063, 0.9485387121784774, 1.158294589702676], "(3, 3, 2, 3)": [1.9767091024605254, 1.9774108241499457, 1.970747742593466, 1.9838962603167003, 1.9759656042702676, 1.967267062605119, 1.9556168198855461, 1.961846423774655, 1.9694209486661391, 1.966064058478958, 1.9499865497596978], "(3, 2, 2, 1)": [1.3207981543979634, 0.6795024393199742, 1.0031300810260642, 1.1748581367631021, 0.8406834573121356, 1.2132031059202417, 1.0352353597912458, 0.8074652966947934, 1.092608411176783, 1.134017831422415, 1.2037442479957703], "(2, 1, 2, 1)": [-0.20342369577181563, 0.060590458267262864, -0.05141007875376087, -0.03057408249848423, 0.13269415096692247, -0.20364907456356485, 0.14331712392035822, 0.11079696764315519, 0.047427091894278045, 0.4718637098726475, -0.33162096447085343], "(3, 2, 2, 3)": [1.9310191299292914, 1.819802597775524, 1.940124748261043, 1.9859872000086012, 1.8966847071486994, 1.9283992442328508, 1.9241164445185677, 1.886220147785638, 1.8123017057489843, 1.9265307363126445, 1.6103597071613398], "(2, 2, 2, 2)": [1.9733508369239263, 1.9745362944809681, 1.97755507559177, 1.9789682208357682, 1.9724250647862547, 1.9760092268262546, 1.979595981595465, 1.977112054296012, 1.9785866349706691, 1.9754932146378694, 1.986873378052985], "(2, 2, 2, 3)": [1.9812671213141462, 1.980273731508618, 1.9808550360451767, 1.9813769712045768, 1.980789479444725, 1.9830970787634976, 1.9780585113748665, 1.982448496485842, 1.9886583336351977, 1.9833118306395683, 1.9814057134487948], "(3, 1, 2, 1)": [-0.28794741332657164, -0.3179775629963365, -0.14936710544941068, -0.2696392217202667, -0.07195542976340537, -0.34165380863113626, -0.1328163328411831, -0.13569374183059255, -0.1859598458010442, 0.16679406821701345, -0.17416973027644622], "(2, 2, 2, 1)": [1.1154939948617062, 1.4071572415457687, 1.1670048104560176, 1.3084414433756042, 1.4836906174988997, 1.1924113066166218, 1.289909629158067, 1.4049736222296911, 1.2371159629147794, 1.9350059200927834, 1.229044402415818], "(3, 1, 2, 3)": [0.5636435219126579, 0.9330992190076961, 0.11941644176142296, 0.4391245363227696, 0.3051955842708407, 0.27695289305734305, 0.5559896606835777, 1.512624719407629, 0.7270199552333523, 0.5993556675664157, 0.6578949784074801], "(3, 1, 3, 3)": [1.7361524346941226, 1.7897989280166238, 1.8223875497434057, 1.8110360454546894, 1.8312745266791954, 1.8298213094969036, 1.8515712714388055, 1.8532929749575267, 1.838332324124178, 1.8522687633039532, 1.8820920947564348], "(3, 4, 3, 3)": [1.6170118205948834, 1.2733989932878993, 1.243803507974119, 1.255799807187865, 1.1970457437339035, 1.259096128545443, 1.2146731731481717, 1.2433860688930356, 1.2517844736847679, 1.2035076618127067, 1.0322738075279323], "(2, 2, 3, 2)": [1.9576891352331314, 1.9684070169599042, 1.9258411547270247, 1.9718896914951956, 1.971400351991019, 1.9741208680357119, 1.9707894094784169, 1.9704228673886421, 1.9766854753446423, 1.9743743556669509, 1.986292976005151], "(3, 1, 3, 2)": [1.200409610819921, 1.630808093164758, 1.6042520222553285, 0.6502308259329725, 1.6372144591459743, 1.463399103233501, 1.447968598215829, 1.6838322077757075, 1.329356930011997, 1.5198112404606667, 1.4669194843651685], "(3, 2, 3, 4)": [0.37754159486941186, 1.8880019055136246, 0.6828613511581096, 0.3770243269739014, 0.19916765305285122, 0.5379057400531735, 0.4514852356495479, 0.4955235187686897, 0.14465424113624614, 0.4384464717962892, 0.3704118537492902], "(2, 3, 3, 4)": [1.1818326186223003, 0.9373467524362726, 1.4327232919842612, 1.8427297086381909, 1.4284326738749356, 0.7298782404689691, 1.4092793811184778, 1.2789257892862225, 1.2534141060510002, 1.12738800649044, 1.2982286179918971], "(3, 4, 3, 2)": [1.25846104018262, 1.0659836653425794, 0.7247065079733359, 0.9405958261969087, 1.8502007078282094, 1.188564132509858, 0.9774959452648573, 1.0473044603447188, 0.563694759526089, 0.9426390109689826, 1.1029542855378058],