{"q_values": {"(2, 3, 2, 2)": [0.0, 0.1990322897442803, 0.0, 0.0, 0.19480512859150767, 0.10379240423440934, 0.10245137704834342, 0.2807550229574068, 0.28179786242814864, 0.09918144941329957, 0.0993337631225586], "(2, 3, 3, 3)": [0.11197850139272214, 0.10157141418821217, 0.35814917710065847, 0.29634309600418063, 0.09900206327438354, 0.0, 0.11184361608159543, 0.1967988577617407, 0.11415991814267637, 0.0974904291331768, 0.20155917343497276], "(2, 3, 2, 3)": [0.10734792267088407, 0.0, 0.0, 0.0, 0.0, 0.0, 0.1147275629771948, 0.0, 0.10883198051154615, 0.1131983402503729, 0.11466494829785825], "(2, 4, 3, 3)": [0.0922507643699646, 0.09210241057351232, 0.0, 0.09554800882935524, 0.0, 0.09576795995235443, -0.22018465995788575, 0.0, 0.17718760527670385, 0.0, 0.0], "(2, 4, 2, 3)": [0.0, 0.09105188250541688, 0.0, 0.0, 0.0, 0.0, 0.0, 0.09644673168659211, 0.0, 0.0, 0.0], "(2, 4, 2, 2)": [0.0, 0.09224853515625, 0.0, 0.0990540062762797, 0.0, 0.0, 0.0, 0.0, 0.0, 0.0, 0.0]}}