{"q_values": {"(2, 3, 2, 2)": [1.9709304645007697, 1.96625444310027, 1.9747531643623049, 1.975127729570892, 1.9739355144361388, 1.9784231875062672, 1.9696670380591221, 1.9743862744987526, 1.9721228557529566, 1.9744811419285728, 1.972282401518165], "(2, 3, 3, 3)": [1.9730172332196827, 1.94025703683633, 1.945346051644857, 1.9333718519358933, 1.9433096918585095, 1.948700866937404, 1.93326146663106, 1.9464804940008875, 1.9171562374263746, 1.9252712201601232, 1.8971127710108047], "(2, 3, 2, 3)": [1.9812760935994944, 1.9660373869235, 1.9615795144977897, 1.961861535459063, 1.9587339229331469, 1.9435957021941246, 1.9617514853585767, 1.9567455617464784, 1.933435176158908, 1.9171461903543263, 1.9644600356288848], "(2, 4, 3, 3)": [1.5974658970430684, 1.3548747003738668, 1.370049479335218, 1.3588301491302013, 1.0224964636411804, 1.0170135901961748, 1.3338638935144338, 1.2194666991383547, 1.1579589562508588, 0.7753715438667004, 0.7700221921715023], "(2, 4, 2, 3)": [1.7906677558651583, 1.4770599295174998, 1.4372985797336342, 1.443709627183401, 1.3723757326642483, 1.367992720057807, 1.0652682087036123, 1.454172299295524, 0.8828424848872369, 1.0197565510925566, 1.279322040509617], "(2, 4, 2, 2)": [1.8277492813757417, 1.8387024378970958, 1.8218829809577097, 1.8401575306430917, 1.8059825962526401, 1.7979267567599126, 1.758542959075434, 1.7561010190673405, 1.7311273433388974, 1.6850626148390966, 1.6703512645501317], "(2, 1, 3, 3)": [1.7911882993583126, 1.5832305832715834, 1.8032284286330524, 1.812741107264698, 1.8051677139860536, 1.8361455204037167, 1.8512778183455276, 1.8649613380071557, 1.8463208066624979, 1.862568827145253, 1.8547508264903936], "(2, 1, 2, 2)": [0.7433041486879337, 0.9133916528306244, 1.1828963701452555, 1.3090832667548802, 0.7895485707618506, 1.2281745758072042, 1.2180435066591524, 1.332378507275015, 1.1169117612677082, 1.496943658340261, 1.6545708125474525], "(2, 1, 3, 2)": [1.0977263263588803, 0.9356038441076313, 1.2494596995794798, 1.3122689125454308, 1.213837871713503, 1.3282093273843285, 0.9348922105106718, 0.8392684514014154, 1.617770756412076, 1.3588339702261025, 1.836231952368387], "(2, 2, 3, 3)": [1.9699287808045651, 1.9685632936706925, 1.969725570633642, 1.966841958073082, 1.968179929954244, 1.969795757278077, 1.9722582640281363, 1.9724650534586743, 1.9706116946835932, 1.9690190707242403, 1.9639320515805916], "(3, 2, 3, 3)": [1.9685767891181336, 1.9721024640134306, 1.9719186314884296, 1.9730825252997743, 1.9378933679785828, 1.954856648995173, 1.9753627252978045, 1.9807566444352904, 1.975310705553515, 1.9757119342600478, 1.9667082648308427], "(3, 3, 3, 3)": [1.9357246461426993, 1.9419149553352266, 1.9022269097551607, 1.941634495616214, 1.9379608900491252, 1.9310720588136252, 1.9401106140652151, 1.9368348132215507, 1.925107831203752, 1.9438724420855291, 1.9441267607416992], "(3, 3, 2, 2)": [1.9360103628733472, 1.9703509622493485, 1.923277069903166, 1.9704734202790597, 1.9733587080922048, 1.9705084898561156, 1.9698998170527855, 1.9689047310871561, 1.9686589484475543, 1.9689850702795786, 1.9535332487106907], "(3, 3, 3, 2)": [1.9795142233746748, 1.7774837017883822, 1.9414922394936154, 1.9326429159878198, 1.7978330429603961, 1.8468661340874286, 1.839112851849732, 1.86144458660576, 1.8140127151023377, 1.87614414818878, 1.7443409640109209], "(3, 2, 3, 2)": [1.9412702734417033, 1.9525706522858233, 1.959364074782672, 1.9606967726189262, 1.9626103920362745, 1.9664340295632932, 1.9645505637419982, 1.969520656378933, 1.9460383769467096, 1.9438303081993067, 1.975281184095163], "(3, 2, 2, 2)": [1.9399530555683575, 1.9626393939497966, 1.963198417934656, 1.9679964923988116, 1.9634168440771125, 1.931979361905592, 1.9738007231062122, 1.96858159341129, 1.9652715735184578, 1.952373087914151, 1.9428648891994855], "(3, 1, 2, 2)": [0.5962469630105189, 0.9253311543951102, 0.6484495275500474, 1.27170420731774, 0.8292899617983056, 0.658528268210533, 1.4777861105073082, 1.331462986623901, 1.2312780346138845, 1.1079582295783557, 0.9793067759309152], "(3, 3, 2, 3)": [1.762065283705248, 1.7090149205280185, 1.880272456248912, 1.7787465392177302, 1.8128761382217287, 1.660699072848136, 1.7244253930252507, 1.8761668542869667, 1.780615752323556, 1.94485541432115, 1.6920902965673148], "(3, 2, 2, 1)": [1.2410021384994627, 0.40578811875241344, 0.4649502546242711, 0.2604909779217765, 0.3643615000793119, 0.6526775820989243, 0.5849069025452632, 0.37563384243955666, 0.35035802179331316, 0.6212585406793825, 0.6111594192955939], "(2, 1, 2, 1)": [0.05502063603858985, 0.05760293868790016, 0.4162305966242382, -0.26405406909276086, -0.22566706745871634, 0.09742352585113517, 0.15057355814631118, 0.15076709806495553, 0.00040060509211684026, -0.015998349169307674, -0.0003077995241745901], "(3, 2, 2, 3)": [1.5688937057330752, 1.0403949789672242, 1.480893758668652, 1.9677619300883062, 1.3210682063796615, 1.4717698421838101, 1.5009774936191662, 1.3785965517610344, 1.3107064236314958, 1.6821861230967652, 1.1994563739379616], "(2, 2, 2, 2)": [1.9491261882611777, 1.9273222894693012, 1.8807136159280862, 1.934210256385629, 1.925468732300269, 1.904100072951203, 1.920721207626686, 1.945679915486271, 1.9378405592763015, 1.9088072428449037, 1.9521326732297613], "(2, 2, 2, 3)": [1.855811699458424, 1.9157543731958666, 1.9498311154848755, 1.9549256682797573, 1.8858654189179158, 1.8769839892056173, 1.942868939849785, 1.9227922001014988, 1.980309797682763, 1.910925401456609, 1.9480082200190212], "(3, 1, 2, 1)": [-0.28794741332657164, 0.09075398564338684, 0.11896565470856733, -0.17166861697783925, 0.18547575103845454, 0.1833319386345975, -0.11557312730205879, -0.15751463975905586, 0.24607992457679423, 0.0055027456654895, 0.7630846465282064], "(2, 2, 2, 1)": [0.42821705358776696, 0.6062936966880154, 0.621806794421545, 0.9289139382656357, 1.5394148850488079, 0.4555959236992789, 0.8291986932119921, 0.6089805503668213, 0.48970159428381943, 1.2188987783478247, 0.7330641592552208], "(3, 1, 2, 3)": [0.3056891389918268, 1.1933659719795946, -0.041496289611510084, 0.2980151697417637, 0.15843484971702268, 0.1322832339797273, 0.08987497687339784, 0.6130893658400869, 0.4758856529763529, 0.3056297620244792, 0.6578949784074801], "(3, 1, 3, 3)": [1.7741134051854253, 1.672526461126992, 1.7596289213628422, 1.8112623409873048, 1.793362783391187, 1.848705929429663, 1.8108036299341281, 1.8358784867365738, 1.872934793947759, 1.8593935815009464, 1.8506153167524038], "(3, 4, 3, 3)": [1.7279782328077324, 1.3013800936787117, 0.836083112735836, 1.3082167984433513, 1.3119800051114694, 1.2293943296746916, 1.2705729304536033, 1.0309524638626637, 1.453688162580466, 1.0575428145689605, 0.9792092824319242], "(2, 2, 3, 2)": [1.7688189904636211, 1.9453731318155603, 1.8420922504247437, 1.7438486564208016, 1.8068832811596953, 1.797415542300829, 1.8199173655426786, 1.8701294755271296, 1.7629524209174874, 1.862246449114773, 1.7778548186682928], "(3, 1, 3, 2)": [1.4610117019824855, 1.045591108669342, 1.365698771649603, 1.2179963745467661, 0.7718235987434601, 1.5926615385608944, 1.2358486334947956, 1.5990589462857028, 1.7356723749085796, 1.3927741856985707, 1.8306346472261814], "(3, 2, 3, 4)": [0.0, 0.6436606741494633, 0.1977243676747394, 0.0, 0.0, 0.0, 0.2834851488193039, 0.1589044992747115, 0.0, 0.2712877846263392, 0.0], "(2, 3, 3, 4)": [0.36589423953114075, 0.31586143216533313, 0.7668284861366621, 1.4748849550312486, 0.4123258714663508, 0.0, 0.29837694331143594, 0.1476909876923332, 0.556289566012222, 0.4191089238264056, 0.33500042608191427], "(3, 4, 3, 2)": [0.3275831445294936, 0.6692724023152261, 0.46212316895212346, 0.4932993413585195, 1.64534670804265, 0.9373410487471298, 0.5614822728207285, 0.5351969340793045, 0.563694759526089, 0.7552548330573616, 0.7728931731740243], "(3, 4, 2, 2)": [1.8432023610344888, 1.8733686371131197, 1.8455921583875887, 1.847052010236365, 1.8405205705257761, 1.8440858630283903, 1.7884585072922663, 1.8029987379562846, 1.7501051781602213, 1.758421322981746, 1.7206941708516448],