{"q_values": {"(2, 3, 2, 2)": [1.9770946052388214, 1.9727166283817916, 1.9859434551508899, 1.9738118905800615, 1.9786789556756563, 1.9770431374124324, 1.9762471423484165, 1.9806282837878422, 1.9788025325680245, 1.9777371232401812, 1.9755743175028804], "(2, 3, 3, 3)": [1.9547238244953187, 1.9669637221683856, 1.9456171778326419, 1.9606303300221815, 1.9353384051197118, 1.9606387694875835, 1.9610323370839349, 1.9437171434285936, 1.9420516704444497, 1.9501605391342713, 1.9593978889155983], "(2, 3, 2, 3)": [1.9857539940879252, 1.9741482904608387, 1.9747819097961594, 1.9680684221010243, 1.974711886581082, 1.972432779835446, 1.9699754715789521, 1.9515794330239604, 1.9581229429838898, 1.9741741879900008, 1.9575148591220686], "(2, 4, 3, 3)": [1.4591004238629512, 1.352813456971288, 1.3893328341317046, 1.1823980131597738, 1.3808553463905768, 0.7622777686022861, 0.565063386099091, 1.0674296122241078, 1.1600551876633647, 0.8309702536865999, 1.2203813853632886], "(2, 4, 2, 3)": [1.554175115987634, 1.522390634162603, 1.4207916772717737, 1.2735560213527521, 1.40131645556527, 1.5436056404756269, 1.3687975718503946, 1.6091996338559817, 1.3669122796972288, 1.2099248177807156, 1.4131420691010714], "(2, 4, 2, 2)": [1.824465791938923, 1.8460503564840582, 1.841957171674184, 1.8346819814187687, 1.8607732753057413, 1.8202964289606203, 1.8166512049183396, 1.7849840800109154, 1.8103925422218865, 1.7678204847452799, 1.7620850381290116], "(2, 1, 3, 3)": [1.7710256839021934, 1.7820366595097246, 1.8391091876456636, 1.8480232697651828, 1.8355999286752107, 1.8475640198598184, 1.8451467379087811, 1.8619824818417212, 1.87732111875763, 1.8607144204102029, 1.8429415319513467], "(2, 1, 2, 2)": [1.153277491554843, 0.9673823239082631, 0.9165402620334068, 1.0236176366979755, 0.9973363413181799, 1.2928390216976444, 0.9348181251076918, 1.0931928759218537, 1.1776692515271936, 1.4994388389925475, 1.1384737743084785], "(2, 1, 3, 2)": [1.2514465538958448, 1.1043641288575312, 1.5114737788770773, 1.545349669083905, 1.5372825811845068, 1.5936051780239153, 1.3880955757813156, 1.3531428550140832, 1.7702503252262967, 1.7074256062257012, 1.8467218805834091], "(2, 2, 3, 3)": [1.9636891038745676, 1.9618399495581011, 1.970559087902108, 1.9675524687374109, 1.9708705225565097, 1.966839719380906, 1.9721015482603557, 1.9697324615941956, 1.9703714737801574, 1.9712443243914146, 1.9689035423513672], "(3, 2, 3, 3)": [1.9800312618404219, 1.9797272871290161, 1.9803824020149852, 1.9791432468056736, 1.978089803557791, 1.9799199072242653, 1.980307650495158, 1.979046591577458, 1.9792505297273641, 1.9809895147748091, 1.978911598159305], "(3, 3, 3, 3)": [1.9629717434637741, 1.9842782208459062, 1.9262593178663432, 1.95326855130832, 1.9476322284759053, 1.947102824077119, 1.9618245680215312, 1.9612444351979046, 1.967285071639321, 1.9461760963085122, 1.9671272808210827], "(3, 3, 2, 2)": [1.9656628026298066, 1.9596443238554901, 1.9834262277755221, 1.9715477061532638, 1.9727897887396888, 1.9696633061221769, 1.9708403616108632, 1.9706196794424544, 1.9752138265506862, 1.968533731618551, 1.9699707702711622], "(3, 3, 3, 2)": [1.9832199317489456, 1.979785949702993, 1.9816917902513445, 1.9828905433730322, 1.980589746325122, 1.9819612934149116, 1.9799791884660125, 1.9852910465867126, 1.9787159446936609, 1.9798293072932795, 1.9774174262073043], "(3, 2, 3, 2)": [1.9767760669949834, 1.958431426071494, 1.9625078226477228, 1.9756713098327838, 1.9764216468581919, 1.970606152048226, 1.9736153319690748, 1.9707032463108325, 1.9645918941990717, 1.976121418874522, 1.9758481798699123], "(3, 2, 2, 2)": [1.9591125901738764, 1.9563075387219853, 1.956738167535124, 1.9637293368830708, 1.932423513849374, 1.9652097462978806, 1.9483834263563227, 1.9660132841886377, 1.9706237556092276, 1.9695888164577418, 1.9702304797786065], "(3, 1, 2, 2)": [0.5939376238370611, 0.8118875897268849, 0.71148906206143, 0.9194689720355099, 1.0526462729210362, 1.1179004789497782, 1.1276156862750706, 1.1426834795254701, 0.9810931003641867, 0.8244776238463951, 1.7043664931524012], "(3, 3, 2, 3)": [1.952657853359037, 1.963525248489419, 1.9577851987346402, 1.9522847204466425, 1.9539886339721855, 1.9547586794051002, 1.9392561443060972, 1.9360216099274432, 1.9496228868684418, 1.959597077166214, 1.8944798985474962], "(3, 2, 2, 1)": [1.382769336145453, 0.6386166320195674, 0.905664530348169, 1.0712298030898795, 0.5493390853222684, 1.0860905603492501, 0.8213499825811511, 0.5782380106269589, 0.7893063330974912, 0.8707613496874692, 0.8689377328185834], "(2, 1, 2, 1)": [-0.08934457232404122, 0.25244511940280956, -0.16172833752049745, -0.03057408249848423, 0.03206408448492609, -0.046522859127827096, 0.14331712392035822, 0.11079696764315519, 0.7614512595327195, 0.014108310819225922, -0.23184917075216024], "(3, 2, 2, 3)": [1.837550581281494, 1.610635640899344, 1.783018520319711, 1.982461147582035, 1.7414351452806425, 1.7907921018647674, 1.8622980486777898, 1.7180464020515744, 1.6946171726453234, 1.8736295118650033, 1.4692503840223046], "(2, 2, 2, 2)": [1.8854043103048808, 1.932459372135066, 1.9176328987287758, 1.9461297516713294, 1.938726430485012, 1.9303394165356336, 1.943521534747291, 1.939561556706213, 1.9596825724273392, 1.9581074736225768, 1.9293302406514523], "(2, 2, 2, 3)": [1.985769253316691, 1.985934268036662, 1.9769748868938457, 1.97941657154619, 1.9844901680758087, 1.9864445732455072, 1.9746995102757707, 1.9877511281764133, 1.9838686151496374, 1.9861334755464903, 1.9838581031276883], "(3, 1, 2, 1)": [-0.28794741332657164, -0.05470452963747523, 0.11896565470856733, -0.27626406269896486, 0.018266373680164386, 0.08032332609114698, -0.007448926315854684, -0.00981228780563101, 0.0708732356011032, -0.11764556668142952, 0.06509248738040913], "(2, 2, 2, 1)": [0.9297012130849457, 0.9518450938868367, 1.0137748541427154, 1.1676698056329369, 1.4422681659585832, 0.9156974483490814, 1.2327554730755999, 1.2713453623064068, 0.771391238780497, 1.740137577679452, 1.1511380835225091], "(3, 1, 2, 3)": [0.5636435219126579, 0.9330992190076961, 0.11941644176142296, 0.4391245363227696, 0.3051955842708407, 0.1322832339797273, 0.41111123959443174, 1.028011368876866, 0.6088983910022427, 0.4596124542288059, 0.6578949784074801], "(3, 1, 3, 3)": [1.6927642954794326, 1.7468441957872458, 1.806966219035143, 1.8116170226663615, 1.8137914595979157, 1.8201981628867756, 1.7910644331436045, 1.8279044357729388, 1.8626913752094585, 1.8392109690952567, 1.8233531228643824], "(3, 4, 3, 3)": [1.64515739570197, 1.279913789206507, 1.3060413487118845, 1.3354234619165983, 1.3241745992827225, 1.3642444667879166, 1.0104670963056843, 1.3356754227861671, 0.7316268954113755, 1.0113871818401863, 1.016372952177726], "(2, 2, 3, 2)": [1.9261503997274703, 1.9517742924782588, 1.942414372014937, 1.9385211798275592, 1.95676791593984, 1.940544551070016, 1.9561655226903891, 1.9667675605291361, 1.9575864172693533, 1.9509352690322974, 1.9564761557148111], "(3, 1, 3, 2)": [1.4095513855475081, 1.4082739925660006, 1.3842890197761173, 1.3862145550453198, 1.4692072391115036, 1.473319543502868, 1.5117835006768057, 1.4035313862325522, 1.4783194293226647, 1.4301076480821764, 1.7288877910920284], "(3, 2, 3, 4)": [0.37754159486941186, 1.4628209340909717, 0.5376970595645403, 0.198516777546488, 0.0, 0.3762111141308283, 0.2834851488193039, 0.3360189604841014, 0.14465424113624614, 0.4384464717962892, 0.3704118537492902], "(2, 3, 3, 4)": [0.8852513419444948, 0.9373467524362726, 1.0898197733248516, 1.9042997585064207, 1.146940954437568, 0.5961904006711848, 1.085107492270674, 0.9647312583304112, 1.125233020878833, 0.7282716129574891, 1.2191215004664517], "(3, 4, 3, 2)": [0.9464932889321978, 1.0659836653425794, 0.5992866003712397, 0.7359246539814914, 1.8325009761244964, 1.0361013757751834, 0.6532231993048336, 0.6569554640036963, 0.563694759526089, 0.9426390109689826, 1.0347255080200242],