{"q_values": {"(2, 3, 2, 2)": [1.8252515253676413, 1.9293456880254238, 1.844035295609847, 1.7986108911441927, 1.8610517529686266, 1.8686206634391096, 1.732269451413199, 1.772568893287646, 1.7230025610310806, 1.6937990355835284, 1.802336367755296], "(2, 3, 3, 3)": [1.8107432624218958, 1.8037541623628883, 1.7168435373938484, 1.50366303515514, 1.7137120256595788, 1.7504987494278463, 1.7338327630491532, 1.6620144672470907, 1.722192287299125, 1.6387185887980154, 1.493076545288895], "(2, 3, 2, 3)": [0.6697280331980495, 0.6420536764514818, 0.48574988336675107, 1.0235513578104967, 0.5451302171243203, 0.5329953276258064, 1.3144842381140962, 0.8184019821702966, 0.8539329777769644, 0.6419600051906986, 1.0142873232047074], "(2, 4, 3, 3)": [0.7797941848280601, 0.6942553428802205, 0.18062382921472858, 0.9986536773737361, 0.5796986105247479, 0.6880601031689818, 0.22332672126189512, 0.35270077058216587, 0.0912174740256495, 0.32100382098662444, 0.13898643284047943], "(2, 4, 2, 3)": [0.2253052286541516, 0.17712274208660767, 0.19868831953969046, 0.2370423814244317, 0.0, 0.0, 0.1911640552878109, 0.41106891032258286, 0.3432074735495728, 0.0, 0.3171656204759052], "(2, 4, 2, 2)": [0.8500570916962815, 0.7013516363311142, 0.23969794225805202, 0.624542272805484, 0.5936496866350155, 0.5150936356841102, 0.23544950133817918, 0.3477785283001813, 0.2616451527014003, 0.3887771129139231, 0.2993106287087114], "(2, 1, 3, 3)": [0.4525432616150808, 0.715176682648417, 0.533694525767164, 0.8379424577723837, 0.5847331582614614, 0.8636263749149172, 0.9483145506210406, 0.7545221856617699, 1.3841110334511266, 1.0373570668692866, 0.7385582391461181], "(2, 1, 2, 2)": [0.46955027032193375, 0.30041434099649383, 0.9808777191050098, 0.7332206002726379, 0.9974589619934727, 1.1720631690054661, 0.6963402012621825, 0.9374986397214456, 0.7052214772229811, 0.7702516688789833, 1.0144728143070263], "(2, 1, 3, 2)": [0.6477814409763731, 0.7033478723840763, 0.22730707715530346, 0.23917627250051846, 0.0, 0.1905904889070953, 0.1744916451118092, 0.0, 0.14961530786473015, 0.24791508564556308, 0.49342177371884005], "(2, 2, 3, 3)": [1.8504315834183152, 1.7866215863731576, 1.7628217674050755, 1.7466988128810024, 1.839678261660316, 1.771212525898763, 1.8385129458169538, 1.820552278489986, 1.878372251506545, 1.8620948754854194, 1.7330431050207704], "(3, 2, 3, 3)": [1.6337320622597253, 1.4460319791202372, 1.5715284252822466, 1.428356264131293, 1.6872813578272086, 1.6814335402401397, 1.6481221113608089, 1.5555301135230664, 1.7047958839935795, 1.7841379276926446, 1.735426373134739], "(3, 3, 3, 3)": [1.7001848964999504, 1.7093809558881532, 1.751934434059221, 1.7162278836967744, 1.7550937232080355, 1.7589224907647047, 1.7581669146440184, 1.7240500387552713, 1.7763800303891988, 1.708063934544204, 1.6521683108097065], "(3, 3, 2, 2)": [1.820183746763225, 1.6020759811762504, 1.4528388362870532, 1.6141211269249047, 1.5090042480309618, 1.7083737367842882, 1.4614848811383199, 1.6062076738549813, 1.6065460207473232, 1.6197667650912386, 1.6047208293425053], "(3, 3, 3, 2)": [0.780300790811984, 0.17261160454929522, 0.13529564519044257, 0.13804761682603126, 0.17947026946488964, 0.13262874483039705, 0.0, 0.3045884316156342, 0.0, 0.3417813102265168, 0.0], "(3, 2, 3, 2)": [0.7673232842730764, 0.4182678704552766, 0.800408200165642, 0.7245652395052198, 0.8790492602443801, 0.5938857370289696, 0.34636141818440036, 1.4590491843427387, 0.6359472529369942, 0.9020567321424073, 0.8611317692478413], "(3, 2, 2, 2)": [1.4596255457559595, 1.3946293307312034, 1.373714473866667, 1.469408179422834, 1.5270327600404234, 1.5449404571305827, 1.5217226352385849, 1.431895352574304, 1.503192983880838, 1.5568814154188604, 1.4999996543529712], "(3, 1, 2, 2)": [0.28035486006388916, 0.7904801407429219, 0.645974982791393, 0.6783670428380277, 0.41825939025501024, 0.7202257545345349, 0.46097357076118217, 0.4266091145134838, 0.28315384169266816, 1.0021779320140516, 0.5351212200983192], "(3, 3, 2, 3)": [0.32995400036817724, 0.1652764415029258, 0.3907567343379698, 0.16621166899367076, 0.38736305231483237, 0.6125085029806093, 0.5905853976312345, 0.5988246791643419, 0.33648984106959523, 1.0974003352107315, 0.18830148889071588], "(3, 2, 2, 1)": [0.09295532703399659, 0.09003122448921204, 0.0, 0.0, 0.0, 0.09754292086280493, 0.0, 0.0, 0.0, 0.12097215474194788, 0.0], "(2, 1, 2, 1)": [0.09116587952293066, 0.0, 0.09654432843468742, -0.19250759718269675, -0.16640428762941706, 0.020883811983730766, -0.18514080181089587, -0.14166131907105575, 0.0, 0.0, -0.18961701099167125], "(3, 2, 2, 3)": [0.1652837241468094, 0.22344115783120452, 0.3181112204876202, 0.2954476927442171, 0.1623258794126175, 0.5980001536831132, 0.3177143812342944, 0.45408888613266785, 0.4698307422584791, 0.40702684255331895, 0.16774932299683987], "(2, 2, 2, 2)": [1.8017267727310267, 1.80695415198742, 1.8192234775854226, 1.8324953973140765, 1.7810661421309653, 1.8426704497832402, 1.8215676630941424, 1.8446632465961417, 1.802505432012711, 1.7799981184358225, 1.8173578949833302], "(2, 2, 2, 3)": [0.0, 0.43492473668716003, 0.5056849175252298, 0.2845366847507429, 0.5940464519022453, 0.18446463941036673, 0.0, 0.10560951021488196, 1.2237487543187666, 0.5803808557219672, 0.2962998189771937], "(3, 1, 2, 1)": [-0.17980627808294047, 0.09075398564338684, 0.0, 0.0, 0.0, 0.08744635581970216, -0.19017795629980716, 0.0, 0.0, 0.0, 0.13417968641469794], "(2, 2, 2, 1)": [0.0, 0.0, 0.0, 0.0, 0.27563084044432407, 0.0, 0.0, 0.11645820974796811, 0.0, 0.0, 0.1516883187112291], "(3, 1, 2, 3)": [0.0, 0.31772864250158417, -0.21776883602142336, 0.0, 0.0, 0.0, 0.08987497687339784, 0.0, 0.0, 0.14176583324801378, 0.2170738561195325], "(3, 1, 3, 3)": [0.9159427868856759, 0.6789913507431322, 0.4246464005753387, 0.9134850612393686, 1.2436385621094816, 0.8398567595731834, 1.0463327899931278, 1.0838213638158045, 0.8647240930483662, 0.936649880565344, 0.760085033937272], "(3, 4, 3, 3)": [0.7415761073553778, 1.053804375740783, 1.1541572904819284, 0.6524247664521915, 0.78288414960643, 1.0757045217477814, 0.933092914455559, 0.6389724383766723, 0.6526769438867774, 0.16770880058435014, 0.8050892845704679], "(2, 2, 3, 2)": [0.5286154957238082, 1.2496625940573276, 0.7257076624998148, 0.458071644124088, 0.42886914736749143, 0.3586700038661909, 0.7725573009550832, 0.43790314552611687, 0.773344274395475, 0.9759194066610078, 0.6850489398565618], "(3, 1, 3, 2)": [0.31068033783298843, -0.13396461673588064, 0.406674771054469, 0.12138058205950669, 0.12199282474798948, 0.2939341404732703, 0.2382047115666824, 0.7752663683826047, 0.5375135653120029, 0.6560721451082785, 0.16675098657386386], "(3, 2, 3, 4)": [0.0, 0.147930438385562, 0.0, 0.0, 0.0, 0.0, 0.0, 0.0, 0.0, 0.0, 0.0], "(2, 3, 3, 4)": [0.0, 0.13948940860958176, 0.0, 0.3809957123550583, 0.08925883769989014, 0.0, 0.0, 0.0, 0.2186340486597535, 0.0, 0.0], "(3, 4, 3, 2)": [0.15775398476643798, 0.2462077252630956, 0.14163177031586413, 0.0, 0.2354494683317685, 0.2986975593810327, 0.14652932930108922, 0.15005474138376135, 0.0, 0.1240016787837957, 0.0], "(3, 4, 2, 2)": [1.036091275323784, 1.2977975336161132, 0.4258552253937137, 0.9655903478032203, 0.9756339747987329, 0.9295504005441808, 1.0028145725880269, 0.7593113351201047, 0.795667484794444, 1.0228336821473478, 1.0529758548569406], "(3, 4, 2, 3)": [0.7244624974368074, 0.13289960044930224, 0.2413080711193758, 0.8724598382376003, 0.11357253811726464, 0.39733592313291954, 0.12712715401219657, 0.17796627907516108, 0.4899395547333325, 0.26105910047402603, 0.3264751922984639], "(3, 4, 3, 4)": [-0.17385370429612346, -0.16979179119377116, -0.29787754968716085, -0.0500227642992091, 0.09187598614394665, 0.0, 0.161893444955349, -0.4761380804175327, -0.18920644766650177, 0.0, 0.0], "(2, 3, 3, 2)": [0.5179073914990981, 0.18188554902093698, 0.8476476765469808, 0.34386498938281973, 0.16469379149189328, 0.12759350195998, 0.34317421816952376, 0.13639041507614674, 0.3441233205939739, 0.0, 0.0],