{"q_values": {"(2, 3, 2, 2)": [1.9363118582240932, 1.96910597919012, 1.9707928013693177, 1.978066215856361, 1.972331308647134, 1.9695946230941523, 1.9533219087168647, 1.9625641597668413, 1.9461232840602924, 1.9501067934660543, 1.9340598787096264], "(2, 3, 3, 3)": [1.937996540604754, 1.8883773910316846, 1.9178453348844628, 1.910115281975534, 1.9109182236606281, 1.9396047158429255, 1.9305346558757635, 1.8552351448078546, 1.9245921920448128, 1.906290651694369, 1.929809088636625], "(2, 3, 2, 3)": [1.6982066154049587, 1.595798163511813, 1.4950019708454958, 1.7351407274494186, 1.672633460271099, 1.5903870840230543, 1.8916221167718432, 1.625634680443189, 1.8186978649923329, 1.674694821744393, 1.6872408144940017], "(2, 4, 3, 3)": [1.316918645682791, 1.324649064019092, 0.603715391580521, 0.4943083333789131, 1.3618375307237103, 0.9474016444338471, 0.8320800365054934, 1.0308348632447848, 0.8807520016634843, -0.03282005404663302, 1.0422303323753574], "(2, 4, 2, 3)": [0.7955857689130488, 0.8652628277651864, 0.7142131259388105, 0.8762449151480003, 0.6210454541162546, 1.1713748420805348, 0.6512961827682276, 1.1092221633786243, 0.9739705336165014, 0.6570384999780381, 1.4544981639596963], "(2, 4, 2, 2)": [1.7675707089478263, 1.4375900938838888, 1.472186974378749, 1.485169184473993, 1.2943825515853766, 1.3920756818014959, 1.2057131203316673, 1.57604088418763, 1.1929796756829312, 1.4260711771581327, 1.1662992373319057], "(2, 1, 3, 3)": [1.5197927858723328, 1.5108451883578955, 1.5378688259207707, 1.4212360760779315, 1.4477448662436108, 1.6254302281736899, 1.6408707974537957, 1.6946340533609172, 1.8199124622724359, 1.670955989504527, 1.6727182777822562], "(2, 1, 2, 2)": [0.5153693703762227, 0.7636755046769733, 1.1355733456954806, 1.101741576170261, 1.1579653647475736, 0.9158713205165443, 0.832083019072551, 1.015578421862987, 1.2255496978324913, 1.21640792551619, 0.7525460326998483], "(2, 1, 3, 2)": [1.348266690883343, 0.9241481983990003, 0.8407870739173888, 0.5777627446560232, 0.1974617265982832, 0.8583287280350528, 0.5523921502835436, 0.18314962408209526, 1.1061371785577574, 0.6527848889000879, 1.140413104910975], "(2, 2, 3, 3)": [1.9617050795257431, 1.9684043988905084, 1.955384676502131, 1.9748379165687615, 1.9680742987690807, 1.9711761529380867, 1.9795029741448846, 1.9721857169675225, 1.9663757782357776, 1.9727458557748225, 1.9468788705088147], "(3, 2, 3, 3)": [1.9624764798207397, 1.9347348839017093, 1.9695016533944323, 1.9744632301991984, 1.9733735122940956, 1.97652940297052, 1.9812902105061934, 1.975185640837405, 1.974637909361944, 1.9728906111109834, 1.9691972625296845], "(3, 3, 3, 3)": [1.906577200644625, 1.9595647201208215, 1.9048552408859956, 1.924989226137181, 1.9205306213346656, 1.900837274345157, 1.9035252539085432, 1.8772932782122707, 1.9092156484982494, 1.8976923989938672, 1.9231408414489675], "(3, 3, 2, 2)": [1.9581430485381295, 1.9654987310287602, 1.9690594931770355, 1.9740057716828763, 1.970766973713513, 1.9825887585062647, 1.9704596226938844, 1.9555199648108519, 1.9501486590966495, 1.9439347754974696, 1.9387179325183508], "(3, 3, 3, 2)": [1.7659168492791208, 1.011060505966767, 1.4474203162288137, 1.0858767306114465, 0.5020308637746888, 0.6732163567029199, 0.5230075403195283, 0.976358557848315, 0.7916235174088875, 1.2411736767819623, 0.7914864234945107], "(3, 2, 3, 2)": [1.5091874521666133, 1.5079857195921125, 1.6426279637493275, 1.7311593986878981, 1.5618158983568051, 1.4252031434480694, 1.4365463185036913, 1.958850568779798, 1.6239713449147721, 1.6673936357935413, 1.759454985928519], "(3, 2, 2, 2)": [1.9136702776204328, 1.9207110647747905, 1.9124705091327339, 1.9030012863437344, 1.9265968452799438, 1.914606498857459, 1.9004481695064543, 1.9191522243589338, 1.9295030032687492, 1.9339837556000268, 1.9038374223670145], "(3, 1, 2, 2)": [0.6442509366999002, 0.5220083180573781, 1.0618505132033802, 1.4932524705517218, 1.3793688196781735, 0.8081529056370732, 1.026984554144102, 1.0906767671939301, 0.9359088477050981, 1.0518799254303997, 1.339945492454266], "(3, 3, 2, 3)": [1.3255335255537397, 1.1776493985270988, 1.0321722320087283, 0.879233562111696, 0.918358741944, 1.0351099209855956, 1.226148721445998, 1.2080625123312125, 1.0414714618127119, 1.8025745173872294, 1.0013739687727372], "(3, 2, 2, 1)": [0.508041840269785, 0.09003122448921204, 0.20486698534979841, 0.0, 0.10642462216280196, 0.19753622207940835, 0.10751308549124357, 0.15636008006874158, 0.175130539826493, 0.12097215474194788, 0.11002505888477786], "(2, 1, 2, 1)": [-0.07021653314701935, -0.04087058751794399, 0.09654432843468742, -0.4057563123929753, 0.008085792037246409, 0.11573630267122526, -0.4078349002535905, -0.25307303805253667, -0.1573395883724511, 0.6995215090345317, -0.18961701099167125], "(3, 2, 2, 3)": [1.060729362679636, 0.5456648799560987, 1.0421049367972057, 1.35919569345176, 0.645030252951552, 0.9289019629292896, 0.4845906442567487, 0.9757190837843511, 0.8584168377415832, 1.0414394263310465, 0.6562793253283148], "(2, 2, 2, 2)": [1.875195861863594, 1.901479941545562, 1.8785964860912956, 1.9039660555294564, 1.9237604515006657, 1.9540959659510118, 1.9326449662279461, 1.9466723764980451, 1.9428957481076918, 1.9398058686727104, 1.976406878466367], "(2, 2, 2, 3)": [0.9114713331984067, 1.140882337439691, 1.3899720733574759, 1.1533912370240818, 0.9629717616655116, 1.102877675617337, 0.8988011680038931, 1.1685192022329334, 1.94327694120085, 1.1472679446649314, 0.981557038344449], "(3, 1, 2, 1)": [-0.28794741332657164, 0.09075398564338684, 0.0, -0.05375483721251151, 0.09809846489872379, 0.05806146452543243, -0.19017795629980716, -0.2703065244355968, 0.24607992457679423, 0.1438931409855281, 0.39497980871514926], "(2, 2, 2, 1)": [0.20355578865711368, 0.30517884076056695, 0.12672751723236794, 0.21773159644349818, 0.7773849567030313, 0.15305001531857598, 0.32786566231490044, 0.4627971240985067, 0.0, 0.6643113611671674, 0.33006183787550014], "(3, 1, 2, 3)": [0.0, 0.6153646198805588, -0.21776883602142336, 0.0, 0.15843484971702268, 0.0, 0.08987497687339784, 0.17063636302810747, 0.4758856529763529, 0.14176583324801378, 0.2170738561195325], "(3, 1, 3, 3)": [1.632278841105651, 1.6154194163928959, 1.5527340627224986, 1.6466186967357275, 1.7745166856133763, 1.6861406200358195, 1.7317879505157805, 1.7570363955630763, 1.7247761308404224, 1.7146067267684737, 1.5746865589309287], "(3, 4, 3, 3)": [1.3521622417271018, 1.6325623518563617, 1.3034680925111717, 0.8946760307895986, 1.2911227787328021, 1.1816410286358647, 0.9857534388515397, 1.0422045930199015, 1.016059411631171, 1.0487074803955487, 0.26909324984473876], "(2, 2, 3, 2)": [0.8496535184053482, 1.8267658136940326, 1.4176399063754825, 1.2300558100170909, 1.298378464709609, 1.1923065238390327, 1.052086669539289, 1.301009692301586, 1.1811563214017826, 1.3778985426056969, 1.1134072512533935], "(3, 1, 3, 2)": [0.8931677721116011, 0.8323731241130308, 1.1047162548760951, 0.6448267368579259, 0.9687650535027312, 1.1208448436226233, 0.9650341833028235, 1.7557880628262967, 1.2550517929594072, 1.1753220164265399, 1.475563830357468], "(3, 2, 3, 4)": [0.0, 0.147930438385562, 0.0, 0.0, 0.0, 0.0, 0.0, 0.0, 0.0, 0.12491211978156654, 0.0], "(2, 3, 3, 4)": [0.19138896528002414, 0.31586143216533313, 0.18838114627230215, 0.6769642201275456, 0.08925883769989014, 0.0, 0.12910138373752278, 0.0, 0.2186340486597535, 0.0, 0.11932207432944862], "(3, 4, 3, 2)": [0.15775398476643798, 0.39538058552977284, 0.14163177031586413, 0.18874361500635417, 0.8923828828353431, 0.5901223365436818, 0.28095525916476394, 0.27916377053891467, 0.2837050124371177, 0.3915493750693394, 0.14413077725915738], "(3, 4, 2, 2)": [1.703480103282529, 1.8417326484076353, 1.5106760792890628, 1.6851185111796583, 1.6858660101704988, 1.7477827394280907, 1.5688060683634584, 1.4336549810228225, 1.420121196267523, 1.56167648823812, 1.045704196948373],