{"q_values": {"(2, 3, 2, 2)": [1.9230469508161518, 1.9741638502593855, 1.9702159351777762, 1.9706205180704552, 1.9767768680836262, 1.9733800797446472, 1.9846679158280265, 1.9751996237718796, 1.9718059943051007, 1.971507696807799, 1.977739306175832], "(2, 3, 3, 3)": [1.945305450561192, 1.9806597558251875, 1.9517695366552967, 1.9576467849728962, 1.9279836777432935, 1.9380444566452382, 1.9198709838772627, 1.9342939940004575, 1.9047099791957478, 1.9490752666799314, 1.9489175404539298], "(2, 3, 2, 3)": [1.9826298252741945, 1.9669726029121293, 1.9651962464598753, 1.9772821215709016, 1.9704864920158698, 1.9692298855490482, 1.969450807895372, 1.960828300873448, 1.9504412994755396, 1.9675564904852199, 1.9714352785498783], "(2, 4, 3, 3)": [1.1414277865677243, 1.2026930758907741, 1.4917753573114174, 0.7435917904398743, 1.0516516608206925, 1.001886999263964, 0.72816190587721, 1.0495115491411868, 0.6875331006433715, 1.0564724127066774, 1.1426213094429787], "(2, 4, 2, 3)": [1.6403433441203241, 1.8203222430997281, 1.598681790911694, 1.627906402370379, 1.466504825239602, 1.5950327570386706, 1.3959219878668425, 1.4101583949524998, 1.3269336825928686, 1.3121749466968615, 1.0239223115466445], "(2, 4, 2, 2)": [1.8562749113459975, 1.8694811571695942, 1.8366811772577054, 1.8429142324122283, 1.855772660658462, 1.8574063522761142, 1.829933713009656, 1.7930617607967474, 1.7979648394526058, 1.785257572079197, 1.8011456146259288], "(2, 1, 3, 3)": [1.7625536443133154, 1.7878683106551359, 1.8413240301399176, 1.8538624375296342, 1.8466306992571737, 1.8448732131497532, 1.8473552997563014, 1.858501325755821, 1.8700322799837157, 1.8539294595977613, 1.8547264317152585], "(2, 1, 2, 2)": [1.1817671417015652, 1.366143617577555, 1.0103827223062847, 0.9519716483361447, 1.2653562598645989, 0.667078469247875, 1.2669378876535153, 1.312145519507693, 1.3866890456800691, 1.2195963325823769, 1.6573520522297558], "(2, 1, 3, 2)": [1.2062478274420814, 1.1546442621897208, 1.4941787314239687, 1.496712981506328, 1.4954035846145666, 1.5212945100013624, 1.1700163125042253, 1.1696276913543828, 1.7256802544039593, 1.6702625792518901, 1.825711319008923], "(2, 2, 3, 3)": [1.9720403000277422, 1.9688995107594942, 1.96730544491734, 1.9690339529577798, 1.970308129283339, 1.9722630550498057, 1.971756916163591, 1.9797832122748864, 1.9713343334279254, 1.9664401522679824, 1.9704325622831473], "(3, 2, 3, 3)": [1.9448506313455505, 1.9726134394948633, 1.9742283126226274, 1.9714241579109588, 1.9749204432988883, 1.9747807915485713, 1.9770086773839937, 1.9758863886964422, 1.9724467258045606, 1.9704503362809074, 1.9752506277219266], "(3, 3, 3, 3)": [1.9324132527049882, 1.9454319886170794, 1.9395791701384089, 1.934107891331647, 1.9385155032587573, 1.9165962739492595, 1.9337678546834518, 1.949051989505956, 1.9343880314058015, 1.9320350705502052, 1.911009697171849], "(3, 3, 2, 2)": [1.9516952246375008, 1.944718429400881, 1.9338447029738755, 1.9673640784139577, 1.9618638909365589, 1.9641757943172817, 1.962947787435249, 1.9667116748642062, 1.962363187101113, 1.9597358111658028, 1.967315731323989], "(3, 3, 3, 2)": [1.9811900603904906, 1.9850673567915949, 1.985292771693368, 1.9843225327353378, 1.9835646003854401, 1.9846842743840418, 1.9723078458976553, 1.9832536678775006, 1.9780567027286233, 1.9813176132804775, 1.9714830883979355], "(3, 2, 3, 2)": [1.9500214033072691, 1.9386737131337752, 1.9332196899489942, 1.9519741382318783, 1.9527634204679427, 1.9715205103884061, 1.965579267152277, 1.961746705362668, 1.964855779781962, 1.9663654668554067, 1.96762128352031], "(3, 2, 2, 2)": [1.948537259113852, 1.9366050816060567, 1.950144489090995, 1.947027677677469, 1.946732709255145, 1.967445119409493, 1.948905562925422, 1.9529592936453017, 1.9599039525841886, 1.951083360489148, 1.9697069117513455], "(3, 1, 2, 2)": [0.856409077716037, 0.988127735210393, 0.9141293916610569, 0.7700610887843585, 0.6812751487669323, 0.9404304527626506, 0.939087327215736, 1.2337616227850323, 1.2146232084976796, 1.2650177960951032, 1.5705478039581204], "(3, 3, 2, 3)": [1.9241424965146905, 1.9408222416514982, 1.9637799743564341, 1.9104181792446011, 1.935290395573455, 1.9086927088068508, 1.8898196497050643, 1.921472208056295, 1.9025735683306975, 1.9451645390779801, 1.8582517134312886], "(3, 2, 2, 1)": [1.3249794303571754, 0.6386166320195674, 0.5787233960834717, 0.707759236843424, 0.48882419907775826, 0.9190012370090699, 0.723072686651013, 0.37563384243955666, 0.5134429385938947, 0.7533812824110093, 0.7445312677610165], "(2, 1, 2, 1)": [0.0922672702627366, -0.06990616878525661, -0.01726950804951405, 0.10078193998602358, -0.03089048831611657, -0.16102962785816466, 0.01040857610792692, 0.47336554655058266, 0.17372094817862765, 0.15480762535204134, -0.23184917075216024], "(3, 2, 2, 3)": [1.6440179866210662, 1.4699667918440136, 1.7072657549551615, 1.9689144875968463, 1.5407263095837356, 1.6981633564992142, 1.795003627732269, 1.490065686108886, 1.4340830636935757, 1.7803741598306593, 1.277439825600534], "(2, 2, 2, 2)": [1.9487576820845636, 1.9426142608102879, 1.958164831554798, 1.9498262353843632, 1.9603868660592814, 1.9380076753012856, 1.9447590772352523, 1.9540243151740633, 1.9785668033834372, 1.9527631879222718, 1.9597420421092087], "(2, 2, 2, 3)": [1.9785882953140763, 1.9734219215196347, 1.9775746097099405, 1.9727812045193263, 1.9828203749395683, 1.979770101837886, 1.9821653995445594, 1.9847121207096583, 1.977447131189967, 1.981490021051162, 1.980142717651375], "(3, 1, 2, 1)": [-0.28794741332657164, -0.05470452963747523, 0.11896565470856733, -0.27626406269896486, -0.10047394779257958, 0.23415776834875532, -0.11557312730205879, 0.2802890169462374, 0.0708732356011032, 0.0055027456654895, 0.5323656329006897], "(2, 2, 2, 1)": [0.817001285957505, 0.7805241902911617, 0.9340400759046815, 1.098767128825982, 1.5252802610846217, 0.8221283915593609, 1.1047748601013758, 1.043933286670789, 0.6366308825888344, 1.4190596690082127, 1.0609206576951102], "(3, 1, 2, 3)": [0.4384264531339485, 1.377059285551847, 0.11941644176142296, 0.4391245363227696, 0.3051955842708407, 0.1322832339797273, 0.41111123959443174, 0.7321692012870621, 0.6088983910022427, 0.4596124542288059, 0.6578949784074801], "(3, 1, 3, 3)": [1.7401676946569353, 1.7828359696223237, 1.7814273928124216, 1.8300634307486905, 1.8451022164183066, 1.8348217828309048, 1.8321540732407733, 1.8555250593859947, 1.87521740280455, 1.8524766221062623, 1.8438510953700715], "(3, 4, 3, 3)": [1.449739010689987, 1.4354044889431394, 1.2162638224700828, 1.1275445539866822, 0.9230035664145948, 0.9996340419964064, 1.4217927853626635, 1.1821688869398612, 1.040503436175401, 1.0594822578249716, 1.0441401898315394], "(2, 2, 3, 2)": [1.8984335555511114, 1.9410420719897168, 1.9022246458037262, 1.8597727109274609, 1.937344396147602, 1.8899093448828177, 1.9366053934999858, 1.9504285551991971, 1.9086578634836702, 1.9638461443008866, 1.9340558646592725], "(3, 1, 3, 2)": [1.4470072693792408, 1.4221479106406438, 1.346166036088138, 1.4849853343783563, 1.3624811111163664, 1.395033219365918, 1.344951547417189, 1.1285143018029662, 1.5020059118697637, 1.487138204344652, 1.5635734504320833], "(3, 2, 3, 4)": [0.19839403263448985, 1.2722861346051606, 0.1977243676747394, 0.0, 0.0, 0.3762111141308283, 0.2834851488193039, 0.3360189604841014, 0.14465424113624614, 0.2712877846263392, 0.0], "(2, 3, 3, 4)": [0.7660172903645039, 0.733774378013792, 0.9932593988690506, 1.80984593308003, 1.065869810930632, 0.3646443665702408, 0.7924322684830831, 0.6185991083122675, 0.9128057720909216, 0.7282716129574891, 0.7505015624765254], "(3, 4, 3, 2)": [0.9464932889321978, 0.8818073586832391, 0.5992866003712397, 0.7359246539814914, 1.784515390433274, 0.9373410487471298, 0.5614822728207285, 0.6569554640036963, 0.563694759526089, 0.8485625828487864, 1.0347255080200242],