{"q_values": {"(2, 3, 2, 2)": [1.981172030996156, 1.9830974994717914, 1.9844017448372289, 1.9893926176404864, 1.985244885885432, 1.9841644912631131, 1.981626171815301, 1.9847858863607957, 1.9837576694549448, 1.982501180133393, 1.9850971164962194], "(2, 3, 3, 3)": [1.944059400290323, 1.9383772362671743, 1.9368718239820528, 1.9453158616098771, 1.9676462208433765, 1.9601444137865873, 1.922610184714612, 1.9237988973453897, 1.9499982354406433, 1.9324850821926032, 1.962000959128403], "(2, 3, 2, 3)": [1.9805826236717026, 1.984139202897482, 1.9807746573742946, 1.9811824081518088, 1.9707597437225286, 1.975271791230263, 1.975431248736781, 1.9809168474469592, 1.9812124370785589, 1.9809739414988814, 1.976695793823543], "(2, 4, 3, 3)": [1.0976621989090123, 1.066163348151205, 1.1753298471658629, 0.963492748146021, 1.0544783813913747, 1.0621786653211989, 0.9075977130791602, 0.9720974959943733, 0.7189861878977855, 0.871911025642117, 1.0888687237789125], "(2, 4, 2, 3)": [1.5694359698985747, 1.5119768917605405, 1.8138110695604643, 1.4913517049030431, 1.4702201518507256, 1.3796484543366727, 1.5609164902421355, 1.5020112930698604, 1.271599304766075, 1.4923077799697384, 1.362323088849797], "(2, 4, 2, 2)": [1.830593663356483, 1.8716273659601714, 1.8566170633847459, 1.862670055060875, 1.8513685709668042, 1.8428363328911068, 1.8204762013733773, 1.7928953793916032, 1.8092217211157373, 1.7771371643504916, 1.5201016236965488], "(2, 1, 3, 3)": [1.8185160982657276, 1.779411544584599, 1.8525967806952257, 1.820704834552379, 1.851427635783535, 1.8464180875543599, 1.8440915212380389, 1.849275570656661, 1.854123460149989, 1.8889288188046927, 1.864382813682181], "(2, 1, 2, 2)": [1.4465472578582204, 0.9300585220523206, 1.21762288489412, 1.3020113094605557, 0.6177331305943667, 1.2734964273440326, 1.1975919727784219, 0.9872900722581667, 1.4302931181996685, 1.209373497565283, 1.6459316131456498], "(2, 1, 3, 2)": [1.339451817308312, 1.2356768871265795, 1.5854438935316317, 1.604067923052542, 1.6018720694301618, 1.6305538341069263, 1.4276421878981145, 1.1598024012646624, 1.8093086375084515, 1.721902106182872, 1.5441563352531293], "(2, 2, 3, 3)": [1.9820448255629781, 1.9906477873124764, 1.9783202848228298, 1.9811401964847544, 1.9799815976547468, 1.9798448347406072, 1.9821067080181818, 1.9810206405761328, 1.9813661054892706, 1.982445397134957, 1.9809094851511786], "(3, 2, 3, 3)": [1.973747933073829, 1.985210648283842, 1.9827044608025384, 1.9877425642787696, 1.9865301601753742, 1.985696697480411, 1.9871438460925477, 1.9859412642378653, 1.9865340187766851, 1.9893275330205487, 1.9874051603479708], "(3, 3, 3, 3)": [1.9948173877590527, 1.9876223266868602, 1.9902409631785998, 1.980131541523236, 1.9854245463428437, 1.9754812958966348, 1.9843381446491448, 1.9823585842501301, 1.947194032421781, 1.949871138154772, 1.9866273708860565], "(3, 3, 2, 2)": [1.9882484367441284, 1.9934078097735126, 1.9925842612522147, 1.9965598318138178, 1.9931516777481664, 1.9927413885648604, 1.9909804102147346, 1.9906021830124003, 1.9892780875567884, 1.9903398901888054, 1.9875446064455806], "(3, 3, 3, 2)": [1.982649887152196, 1.9940141867338643, 1.9864464174273098, 1.9812899608962244, 1.9819245607508822, 1.9793393525827416, 1.9815797424922095, 1.9819462077565093, 1.9817131131851702, 1.9804635227683505, 1.958365421776713], "(3, 2, 3, 2)": [1.9606800412961056, 1.9616499173413675, 1.9527925386451235, 1.954305036934426, 1.962100447476099, 1.9660323200024865, 1.9723923641502412, 1.9673896140546883, 1.983062047195409, 1.970438820595284, 1.9682300302531732], "(3, 2, 2, 2)": [1.9771864880725512, 1.9538477439303676, 1.9759898629312973, 1.9678553182970404, 1.9768303390012543, 1.9791496295702156, 1.9797846103794745, 1.9792353886519098, 1.958287391874109, 1.981230187999079, 1.961499923899383], "(3, 1, 2, 2)": [0.5855494900445409, 1.1365530118872351, 1.1182022511361573, 1.0596408905621884, 1.341221866865687, 1.2335588796743753, 1.3767396668808398, 1.2780949845876473, 0.7485211344157585, 1.1861892279196495, 1.6260299771309792], "(3, 3, 2, 3)": [1.9733516975448362, 1.9923075992794466, 1.967042688624873, 1.9748906881346002, 1.9727021021107518, 1.9565883126563273, 1.951497053295075, 1.9601817423235133, 1.9683689385708085, 1.967858853931383, 1.9432165366277345], "(3, 2, 2, 1)": [1.2694881233309205, 0.6386166320195674, 1.0031300810260642, 1.2383898320562161, 0.7550641053056629, 1.2132031059202417, 1.0352353597912458, 0.8074652966947934, 1.092608411176783, 1.044051435416777, 1.2037442479957703], "(2, 1, 2, 1)": [-0.20342369577181563, 0.060590458267262864, -0.16172833752049745, -0.03057408249848423, 0.13269415096692247, -0.20364907456356485, 0.14331712392035822, 0.11079696764315519, 0.19160953865433245, 0.014108310819225922, -0.23184917075216024], "(3, 2, 2, 3)": [1.9103181533062137, 1.7850596276420787, 1.9214924871667407, 1.9929312149812257, 1.8560115615905268, 1.9214088185468852, 1.9241164445185677, 1.886220147785638, 1.792953332086259, 1.9265307363126445, 1.6103597071613398], "(2, 2, 2, 2)": [1.972438299494584, 1.9651739619199147, 1.9657689270206484, 1.9557590069523556, 1.9747712374227497, 1.9716488460874322, 1.972458098022041, 1.927466711754022, 1.9669996303454618, 1.974126862132906, 1.9906167188876787], "(2, 2, 2, 3)": [1.983899884603638, 1.988445762311649, 1.985888099836454, 1.9793109679255056, 1.9894557261622288, 1.9851782736012331, 1.989510602155661, 1.9868394045792983, 1.9900096915352352, 1.9869934209665767, 1.9825572701203558], "(3, 1, 2, 1)": [-0.28794741332657164, -0.18347263743240572, -0.033070008411051954, -0.1638240046049792, -0.07195542976340537, -0.34165380863113626, -0.1328163328411831, -0.13569374183059255, -0.1859598458010442, 0.08140804145499096, -0.17416973027644622], "(2, 2, 2, 1)": [1.1154939948617062, 1.39817544877589, 1.1852019924042265, 1.2386034309819642, 1.385151327652554, 1.1097380482015193, 1.289909629158067, 1.4049736222296911, 1.1553768070793151, 1.9119933019485924, 1.229044402415818], "(3, 1, 2, 3)": [0.5636435219126579, 0.9330992190076961, 0.11941644176142296, 0.4391245363227696, 0.3051955842708407, 0.27695289305734305, 0.41111123959443174, 1.4472430383113641, 0.7270199552333523, 0.5993556675664157, 0.6578949784074801], "(3, 1, 3, 3)": [1.7283110488090294, 1.7910620256028031, 1.8188606627934045, 1.8240607429864444, 1.8300964536979842, 1.8279026609682207, 1.8484073384195268, 1.8474195080267617, 1.8359192928322652, 1.8794947280455279, 1.836312847141137], "(3, 4, 3, 3)": [1.4514203398740455, 1.0357634657168227, 1.2061130113644376, 1.1594452841849987, 1.2729892698997343, 1.1884434578426597, 1.0985270285755053, 1.193160637233956, 1.0824383035011265, 1.2269594661257917, 1.036238994533019], "(2, 2, 3, 2)": [1.9564518212813875, 1.9674237110944235, 1.957886545228984, 1.9671498927971411, 1.970320251130998, 1.9707419253418688, 1.9790496175015115, 1.9804616726581528, 1.97415707545992, 1.9735977202518336, 1.9767352258054312], "(3, 1, 3, 2)": [1.4057447744991807, 1.6167419762465534, 1.6006676079237259, 0.8880895419922651, 1.6389774974994198, 1.3939600982741782, 1.6712109305616847, 1.5554800715297061, 1.608239681298749, 1.8099411061699133, 1.6263537708127747], "(3, 2, 3, 4)": [0.37754159486941186, 1.8527042888237015, 0.5376970595645403, 0.3770243269739014, 0.0, 0.5379057400531735, 0.4514852356495479, 0.4955235187686897, 0.14465424113624614, 0.4384464717962892, 0.3704118537492902], "(2, 3, 3, 4)": [1.1818326186223003, 0.9373467524362726, 1.4327232919842612, 1.7576593236222138, 1.4284326738749356, 0.5961904006711848, 1.4092793811184778, 1.0551771108797543, 1.1804386331389713, 1.12738800649044, 1.2982286179918971], "(3, 4, 3, 2)": [1.25846104018262, 1.0659836653425794, 0.7247065079733359, 0.9405958261969087, 1.8482814539171648, 1.1156799073744035, 0.9774959452648573, 1.0473044603447188, 0.563694759526089, 0.9426390109689826, 1.1029542855378058],