{"q_values": {"(2, 3, 2, 2)": [1.9774309258859315, 1.9777708439807504, 1.984065703149483, 1.9769689352761168, 1.9783653976491928, 1.9742092676727987, 1.9772235648453709, 1.9778004864708207, 1.9771465481988413, 1.9748465669304456, 1.9739904265180332], "(2, 3, 3, 3)": [1.9495570950761507, 1.9523052578947526, 1.9520662322397682, 1.951085978477609, 1.960047424740179, 1.9656401686365454, 1.9584856559215968, 1.9617556453617844, 1.9617104745720442, 1.8709161376498995, 1.9611523630327783], "(2, 3, 2, 3)": [1.9753794822742448, 1.9809483494411415, 1.9699349869715634, 1.9703967813249734, 1.9597381700187715, 1.9591176272408621, 1.969621122293059, 1.9696755462078923, 1.9339003254777076, 1.9664457345777364, 1.9617464018204114], "(2, 4, 3, 3)": [0.9265458500146999, 1.728090568207888, 1.2625810355393856, 1.1661039440646115, 1.1695945916573354, 1.1756767634166012, 1.2002575820739307, 0.9353073964607379, 0.5493436992949675, 1.0582164280719468, 0.8462463133539067], "(2, 4, 2, 3)": [1.5088186359462965, 1.5748139264036363, 1.7326306691687259, 1.5430602201161403, 1.2129015920612978, 1.5355266856663374, 1.330895229037524, 1.2923290291572367, 1.1738495031209737, 1.1719016864664649, 1.4771961334664379], "(2, 4, 2, 2)": [1.850371703615604, 1.861215822035336, 1.8428821446144759, 1.8509901910591666, 1.806289559101483, 1.8325170817832037, 1.7747820099604086, 1.7889126935911601, 1.7531012001672408, 1.7350404166976128, 1.7741740169145714], "(2, 1, 3, 3)": [1.7524181030833028, 1.7790462597983885, 1.8231991633638265, 1.8490726357393372, 1.8185512030616708, 1.8426101289376589, 1.8453520367667418, 1.8463020276437923, 1.8420585270705765, 1.8589915700848132, 1.8472415966795195], "(2, 1, 2, 2)": [1.2046195807343805, 1.2706498200871947, 1.0505256391788658, 1.2358703077469437, 0.895099246528783, 1.2574888638692059, 1.234912035681965, 1.1757229194946845, 1.1976133141856427, 1.1454018731448727, 1.7777322847036665], "(2, 1, 3, 2)": [1.1648680661527524, 1.1546442621897208, 1.4790386468607881, 1.4803128634055325, 1.4067407397148937, 1.5212945100013624, 1.1700163125042253, 1.1008618861109112, 1.7110810610468337, 1.6702625792518901, 1.8161522346972745], "(2, 2, 3, 3)": [1.9512516077753426, 1.9724911802740706, 1.9758094393434997, 1.975987530718624, 1.9758099197654286, 1.9742580452555307, 1.977531753083681, 1.9750317073461852, 1.9773884018348662, 1.9768062757268845, 1.9227261284671489], "(3, 2, 3, 3)": [1.9810681195971582, 1.9820523542883535, 1.9800589585592188, 1.9800989023922355, 1.979291138282754, 1.9806389143873009, 1.980642750033505, 1.9815779157427753, 1.9830657436700543, 1.978183221781622, 1.953792974672244], "(3, 3, 3, 3)": [1.949548263158378, 1.9348037245137728, 1.9408714573082133, 1.9642647655636905, 1.9478059250025528, 1.9560561265184369, 1.9307904678114725, 1.9367042036901043, 1.9487241160962883, 1.9353564589525782, 1.876862379646658], "(3, 3, 2, 2)": [1.946571153754158, 1.9014541196808206, 1.9743504680118116, 1.9702746413017413, 1.9733328731948925, 1.9728191191024056, 1.971478535371308, 1.970783696747221, 1.9707883804498099, 1.9725685578279175, 1.9730501427839815], "(3, 3, 3, 2)": [1.9790037441690167, 1.949698816662908, 1.9653217935625573, 1.963864746653826, 1.9589702491767673, 1.970067329073783, 1.9439266619732654, 1.954531823014042, 1.90834123483811, 1.936699929828578, 1.8979169958295798], "(3, 2, 3, 2)": [1.9541842399835452, 1.948138613126458, 1.9438396339069643, 1.966495712220085, 1.9560834982614692, 1.9691420025639623, 1.9642072017903198, 1.9642728716228322, 1.9497358398923088, 1.9718563419524795, 1.9779428118411224], "(3, 2, 2, 2)": [1.9337091450354946, 1.9244532171089686, 1.9214265122459484, 1.9648039302920872, 1.9610584522979595, 1.9470174723952758, 1.9577194343891928, 1.9276162213849346, 1.9319941856961034, 1.962054146571295, 1.9637399951224621], "(3, 1, 2, 2)": [0.6420227550043975, 1.3061166383049643, 0.8386413137738111, 1.1326029607275334, 1.132277927150105, 1.1724665129064546, 0.8784637762650881, 1.383960615658204, 0.9812064486486882, 0.853827268621901, 1.1943337135556973], "(3, 3, 2, 3)": [1.8347561040637244, 1.8210481645773702, 1.9110596654387906, 1.8434443272297971, 1.8746678165077961, 1.789506142715497, 1.7695701552011875, 1.8919770574146757, 1.841834569473407, 1.9422306618022256, 1.7773678464030898], "(3, 2, 2, 1)": [1.3245350718764477, 0.5266161409783253, 0.5787233960834717, 0.4060131785583817, 0.48882419907775826, 0.8023126765146771, 0.723072686651013, 0.37563384243955666, 0.35035802179331316, 0.7533812824110093, 0.7445312677610165], "(2, 1, 2, 1)": [0.05502063603858985, -0.06990616878525661, 0.12049600883462899, 0.10078193998602358, -0.22566706745871634, -0.04219963797349657, 0.01040857610792692, 0.43703565195654515, 0.00040060509211684026, 0.15480762535204134, -0.23184917075216024], "(3, 2, 2, 3)": [1.6440179866210662, 1.2884030658672787, 1.5745452509847002, 1.960893121033315, 1.4442402315259293, 1.600681887820658, 1.629552426003398, 1.4402793306652992, 1.3741607744147437, 1.762741721046428, 1.1994563739379616], "(2, 2, 2, 2)": [1.9534101240174306, 1.9457541186650376, 1.9511747767248178, 1.963873263521828, 1.9562623758924036, 1.9464923474365239, 1.9637132177282655, 1.9624582447487868, 1.9658213802281561, 1.962714881894449, 1.9629084592458323], "(2, 2, 2, 3)": [1.9685168910942759, 1.9627033696639473, 1.9739753357883654, 1.9736283277031743, 1.9628937328496547, 1.9692569642718336, 1.9780399880711257, 1.985372547978488, 1.9584656171182908, 1.9741902826966464, 1.9739351121430393], "(3, 1, 2, 1)": [-0.28794741332657164, 0.09075398564338684, 0.11896565470856733, -0.27626406269896486, -0.08583241797253016, 0.29124793874076704, -0.11557312730205879, 0.12235456920417342, 0.24607992457679423, 0.0055027456654895, 0.45596037209775575], "(2, 2, 2, 1)": [0.6791009283131507, 0.6530764630351179, 0.7346523620138589, 1.098767128825982, 1.587357225616735, 0.8221283915593609, 1.028788243169314, 0.9403563514810114, 0.48970159428381943, 1.2188987783478247, 1.0609206576951102], "(3, 1, 2, 3)": [0.3056891389918268, 1.377059285551847, 0.11941644176142296, 0.4391245363227696, 0.15843484971702268, 0.1322832339797273, 0.2582849595015276, 0.7321692012870621, 0.4758856529763529, 0.4596124542288059, 0.6578949784074801], "(3, 1, 3, 3)": [1.7553376017624822, 1.7558142103049297, 1.7647450405629939, 1.823726469520253, 1.8277205507368302, 1.8299150225192748, 1.8420994212648636, 1.8504709465069842, 1.8406171394169377, 1.8620195259045011, 1.850822706249375], "(3, 4, 3, 3)": [1.2860612236327915, 1.0428985719077803, 1.2682704533520117, 1.349363389036967, 1.1746685011345848, 1.4784128214651013, 1.067100292019191, 1.229506961291541, 1.0554717840595207, 0.8591826140189222, 0.9738239839538892], "(2, 2, 3, 2)": [1.827692533153685, 1.9331408378200707, 1.8940070142357635, 1.8330474370726155, 1.9169439810870146, 1.867974426440405, 1.9298233826827618, 1.945843664830802, 1.8748115078307577, 1.9636880267304642, 1.9079633220254997], "(3, 1, 3, 2)": [1.2692156027024977, 1.5114288501527249, 1.242574755298007, 1.3682946930152737, 1.3815178030566462, 1.19535600969642, 1.391009937195863, 1.3137155969946597, 1.4748329878036268, 1.1908175015549867, 1.4449406819378694], "(3, 2, 3, 4)": [0.19839403263448985, 1.0068312973691969, 0.1977243676747394, 0.0, 0.0, 0.0, 0.2834851488193039, 0.1589044992747115, 0.14465424113624614, 0.2712877846263392, 0.0], "(2, 3, 3, 4)": [0.48920317452769946, 0.6276146259735326, 0.8880691967466068, 1.8120285476280331, 0.8134691567125444, 0.1945839782386687, 0.45333741815881945, 0.31749457239517326, 0.6778447464690303, 0.5488696073291406, 0.6262913370422192], "(3, 4, 3, 2)": [0.6045009565025224, 0.7758028713833885, 0.5992866003712397, 0.7359246539814914, 1.7503058816119148, 0.9373410487471298, 0.5614822728207285, 0.5351969340793045, 0.563694759526089, 0.7552548330573616, 0.9663116223177778],