{"q_values": {"(2, 3, 2, 2)": [1.3222141537811325, 1.654109952670229, 1.4548227256851858, 1.4664178886796397, 1.407995658462645, 1.4519036611040523, 1.3768027533234204, 1.304227428472636, 1.2918297175854403, 1.3757057357539653, 1.3003902744413691], "(2, 3, 3, 3)": [1.416605790105864, 1.277992249051512, 1.3280466323224882, 1.1075004905074168, 1.07036568651072, 1.27293299925944, 1.3742326867151498, 1.2937504158924131, 1.2795983535642013, 1.3983601241011034, 1.2939953784567522], "(2, 3, 2, 3)": [0.535089658061382, 0.6420536764514818, 0.1507422032287624, 0.32094074725047617, 0.4359996886729691, 0.42276760024704263, 0.5586518587410928, 0.504331607187326, 0.6797748725401729, 0.20722774435424754, 0.5899128451045614], "(2, 4, 3, 3)": [0.5092221570766533, 0.5326298220771396, 0.15523211235230394, 0.6853672508551557, 0.21900881057220792, 0.5387403796346156, 0.10999101236725234, 0.3928502329616752, 0.36793953075519525, 0.14065623596572593, -0.21550052721641438], "(2, 4, 2, 3)": [0.1174355806460687, 0.17712274208660767, 0.19868831953969046, 0.11645891681817258, 0.0, 0.0, 0.09993932983423419, 0.3092073252891122, 0.10547403641337971, 0.0, 0.20929951444359896], "(2, 4, 2, 2)": [0.4006472901803566, 0.6407890630195361, 0.0, 0.38981899753514404, 0.45354651268364327, 0.36896703073780124, 0.12262231210914604, 0.18875542886910107, 0.13805624388731594, 0.2879408111005949, 0.190438822928748], "(2, 1, 3, 3)": [-0.05290281259779944, 0.5267976322372008, 0.4692704697450817, 0.45420479147562687, 0.49518859779367486, 0.6040224174756963, 0.5273284215649335, 0.37798716701418755, 0.7560500102277029, 0.5277364084141637, 0.3214133806771007], "(2, 1, 2, 2)": [0.4362055856241079, 0.03236273971129827, 0.29929462548043595, 1.106181742429022, 0.47769957698179727, 1.0444077049833813, 0.7348100581866847, 0.567793958348449, 0.3336432257728494, 0.2587831554561769, 0.924510172927443], "(2, 1, 3, 2)": [0.2503312655220856, 0.31472827351604243, 0.22730707715530346, 0.10820274337067973, 0.0, 0.08945630486949907, 0.08600918650627137, 0.0, 0.0, 0.10609569146791827, 0.27712985756715147], "(2, 2, 3, 3)": [1.5248189088308073, 1.3087008267800604, 1.581936340960412, 1.400234683589523, 1.3007334853590768, 1.2965465979264152, 1.5505265046568786, 1.4317937391621427, 1.551945355914961, 1.3891513864378173, 1.5419854286522583], "(3, 2, 3, 3)": [1.1933042603815955, 0.8249134781283559, 1.1527484318909205, 1.1493336035754198, 1.2921929326000576, 1.2670457660237862, 1.3115654922825108, 1.229474827870922, 1.3557417699953906, 1.1878207057394867, 1.1286331543666872], "(3, 3, 3, 3)": [1.482070198204767, 1.5017816572270148, 1.4145911375583853, 1.3097789177589427, 1.3558546788292398, 1.533858176108299, 1.4804454975582249, 1.5252047563263558, 1.6323270296225165, 1.5322767397809993, 1.3593918281428599], "(3, 3, 2, 2)": [1.3645076423016986, 1.3010555547041252, 1.0210165710049008, 1.1156569852383729, 1.0131818666943009, 1.3398605438095021, 0.9991816414888564, 1.100382563686016, 1.2417579110544759, 1.0221980193391589, 1.2554217041357776], "(3, 3, 3, 2)": [0.37449059563986414, 0.0, 0.13529564519044257, 0.13804761682603126, 0.0, 0.0, 0.0, 0.0, 0.0, 0.17368618647503775, 0.0], "(3, 2, 3, 2)": [0.0, 0.11800476134366296, 0.3574074370316009, 0.6099838309571085, 0.6285119043487346, 0.3052500036143514, 0.21562180196783576, 0.47588301965207863, 0.24764907899011473, 0.37340480659889314, 0.3838508464356163], "(3, 2, 2, 2)": [0.8464541429786426, 0.7797627477417337, 1.1112258367433758, 1.0340600176549395, 0.9478873639557391, 1.0139348405985216, 0.9684094058809006, 0.7067601403011992, 1.187699774340413, 1.199046572386349, 0.8108436234679856], "(3, 1, 2, 2)": [-0.18494559666947982, 0.42000671538451767, 0.3861667396225003, 0.5309619261555452, 0.21477592392735242, 0.31182007913320436, 0.5793984320232899, 0.47494494794009545, 0.37577417992811496, 0.3757611031946134, 0.20306188047816312], "(3, 3, 2, 3)": [0.16455222674349296, 0.0, 0.23295107889248706, 0.0, 0.2585264362222685, 0.3005698243957223, 0.16655767239159272, 0.4573131736878586, 0.17573082364264478, 0.5755520985381715, 0.0], "(3, 2, 2, 1)": [0.09295532703399659, 0.09003122448921204, 0.0, 0.0, 0.0, 0.0, 0.0, 0.0, 0.0, 0.12097215474194788, 0.0], "(2, 1, 2, 1)": [0.0, 0.0, 0.0, -0.19250759718269675, 0.0, 0.19717818704091633, -0.18514080181089587, -0.09819532938239062, 0.0, 0.0, -0.18961701099167125], "(3, 2, 2, 3)": [0.0, 0.22344115783120452, 0.0, 0.14833883870597628, 0.0, 0.2086027098075593, 0.14855035249136742, 0.14573442312440177, 0.16759824906419216, 0.2612254203041208, 0.16774932299683987], "(2, 2, 2, 2)": [1.6101228764385955, 1.5504284459931497, 1.689244103555611, 1.6227702365498426, 1.5025082571061956, 1.7330908096423587, 1.6448970863367083, 1.6495033841275817, 1.6822505739301583, 1.5256288743558792, 1.533822525392889], "(2, 2, 2, 3)": [0.0, 0.2809521500979376, 0.1818651868444055, 0.10562686112697608, 0.11261208597335948, 0.0, 0.0, 0.10560951021488196, 0.6775836677615754, 0.10475040884602392, 0.1317844325520864], "(3, 1, 2, 1)": [-0.17980627808294047, 0.09075398564338684, 0.0, 0.0, 0.0, 0.08744635581970216, -0.19017795629980716, 0.0, 0.0, 0.0, 0.0], "(2, 2, 2, 1)": [0.0, 0.0, 0.0, 0.0, 0.0971583515405655, 0.0, 0.0, 0.11645820974796811, 0.0, 0.0, 0.0], "(3, 1, 2, 3)": [0.0, 0.09701273485649378, 0.0, 0.0, 0.0, 0.0, 0.08987497687339784, 0.0, 0.0, 0.0, 0.2170738561195325], "(3, 1, 3, 3)": [0.3132687332094352, 0.6351420051098651, 0.1034003993990198, 0.41588698034537475, 0.8942338606483364, 0.6904925609164655, 0.5922533080582649, 0.41250230603084165, 0.5794300259334492, 0.43629262899834875, 0.4067775445847222], "(3, 4, 3, 3)": [0.9639910911979827, 0.49816216548824305, 0.481418268192283, 0.601325523230304, 0.4624161741958287, 0.271574288953226, 0.14669075913007473, 0.5773915531131785, 0.39535985051468414, 0.44088970165619057, 0.6079561669032794], "(2, 2, 3, 2)": [0.37581174904087267, 0.8739374838794598, 0.7257076624998148, 0.29828098282894855, 0.1283698836494623, 0.22832399140000048, 0.3760834517285015, 0.2725672182158912, 0.5099561041880045, 0.7601424156043405, 0.4090617884432435], "(3, 1, 3, 2)": [0.21270364501771288, 0.0, 0.3160220192364088, 0.0, 0.0, 0.2939341404732703, 0.12843229073642762, 0.3862780700077323, 0.10923685434580006, 0.19862233840209542, 0.1018394824139475], "(3, 2, 3, 4)": [0.0, 0.147930438385562, 0.0, 0.0, 0.0, 0.0, 0.0, 0.0, 0.0, 0.0, 0.0], "(2, 3, 3, 4)": [0.0, 0.0, 0.0, 0.3809957123550583, 0.0, 0.0, 0.0, 0.0, 0.0, 0.0, 0.0], "(3, 4, 3, 2)": [0.0, 0.1084377443091472, 0.0, 0.0, 0.08681237101554871, 0.22096638129939608, 0.0, 0.0, 0.0, 0.1240016787837957, 0.0], "(3, 4, 2, 2)": [0.6038339151735226, 0.6918691181075465, 0.20063318675525005, 0.5510739751938496, 0.541135577639346, 0.596030035229555, 0.4926473041099944, 0.2162168427667688, 0.48702351861368254, 0.29474366229306215, 0.5987140092623083], "(3, 4, 2, 3)": [0.2887453963345322, 0.0, 0.11638679100136118, 0.37332640950998724, 0.0, 0.0970418265264425, 0.12712715401219657, 0.1132952772646873, 0.12727220666277747, 0.0, 0.22177160050097833], "(3, 4, 3, 4)": [-0.17385370429612346, 0.0, 0.0, 0.0, 0.0, 0.0, 0.0, 0.0, 0.0, 0.0, 0.0], "(2, 3, 3, 2)": [0.0, 0.0, 0.4515447110293608, 0.17282249769238517, 0.16469379149189328, 0.0, 0.0, 0.13639041507614674, 0.0, 0.0, 0.0], "(3, 3, 3, 4)": [0.17267820040631218, 0.0, 0.0, 0.0, 0.0, 0.0, 0.0, 0.0, 0.0, 0.0, 0.0], "(2, 1, 2, 3)": [0.0, 0.0, 0.0, 0.0, 0.12752364362168744, 0.0, 0.0, 0.0, 0.0, 0.0, 0.0]}}