{"q_values": {"(2, 3, 2, 2)": [1.9627493901800015, 1.965579371039221, 1.9641348736251008, 1.9773508402909779, 1.97274091710721, 1.9750810589189536, 1.9704975119790387, 1.9721517206318606, 1.9510809289792657, 1.9476928087132541, 1.96332662132996], "(2, 3, 3, 3)": [1.953079905180637, 1.9373196557523156, 1.899967028024606, 1.9190968549081737, 1.931046789666314, 1.9338961705915678, 1.9220460613358257, 1.9225974331767683, 1.8950061559158253, 1.8933761586910913, 1.761642195327883], "(2, 3, 2, 3)": [1.7746177468163729, 1.724298235854364, 1.6266884252510505, 1.7999088311858231, 1.7646260811660133, 1.6567452411646006, 1.9335228419037178, 1.703141900734448, 1.8421978466006488, 1.7928171057420317, 1.7616869846987233], "(2, 4, 3, 3)": [1.1110967434519796, 1.0003128252510165, 0.934830067695263, 0.8804736244457524, 0.6704733854590581, 1.1331596338903087, 0.6211615458917816, 1.5043135081452128, 1.082088119546624, 0.6778650198066926, 0.8616443759330132], "(2, 4, 2, 3)": [0.7955857689130488, 0.8652628277651864, 0.7142131259388105, 0.9543996266225963, 0.6210454541162546, 1.1713748420805348, 0.6512961827682276, 1.150118054280175, 1.0760140449194628, 0.8273499830153299, 1.482494340666116], "(2, 4, 2, 2)": [1.8082600878142694, 1.4710706060486585, 1.5479389434284465, 1.7006572064268555, 1.463840124325365, 1.4705666680842064, 1.363217193592658, 1.581362574483946, 1.2509073881688446, 1.402536170710734, 1.3325863909305207], "(2, 1, 3, 3)": [1.5203604402433055, 1.5731071931697174, 1.573645575052504, 1.536753038343122, 1.6106754307953741, 1.6657912688055305, 1.7488719236187413, 1.7099569998204727, 1.8279567327424349, 1.7311290306832015, 1.7595509252423847], "(2, 1, 2, 2)": [0.6723577500814854, 0.8149348104363003, 0.985300760363789, 0.9330899169358082, 1.1330883329679347, 0.6544645812306149, 0.6073735167296951, 1.1327227923627419, 1.1788953767397858, 1.0278620594504064, 1.127931008208621], "(2, 1, 3, 2)": [1.1600663311704982, 0.6728122511711139, 0.8407870739173888, 0.6683859834922075, 0.1974617265982832, 1.0513110481953603, 0.46562705995324705, 0.18314962408209526, 1.1728720585164363, 0.8807314866704375, 1.4609249358931478], "(2, 2, 3, 3)": [1.9573523012637448, 1.9639555701893014, 1.9658240083346887, 1.9569598570007387, 1.9663270415685168, 1.964494173189582, 1.963335580659254, 1.962812244762211, 1.9655277720444284, 1.8600531338038189, 1.9678899254031348], "(3, 2, 3, 3)": [1.9263316244523785, 1.9315727095954789, 1.9591819017750314, 1.9539096210400373, 1.9533599814824838, 1.9562498256233996, 1.9640509472742642, 1.9654503319122836, 1.9624324742367716, 1.8824216459795107, 1.9723348534904988], "(3, 3, 3, 3)": [1.9395637001251458, 1.9166044880118827, 1.9129969178417388, 1.878140571116174, 1.8699024271553057, 1.9094193544067692, 1.8575179216610938, 1.8425881404223334, 1.9196925416662354, 1.8243756876670858, 1.894708741189814], "(3, 3, 2, 2)": [1.9226225131671555, 1.9637933139784467, 1.9763030935638441, 1.9682867504452444, 1.966908188826468, 1.9670610456248088, 1.9575201119267893, 1.9540161855368559, 1.9467473167722973, 1.961824759914475, 1.9367445506035148], "(3, 3, 3, 2)": [1.8955779264233361, 1.1029295734250313, 1.4957034138901946, 1.3181900676446672, 0.6487380354719787, 0.6732163567029199, 0.7646247194437951, 1.155205432584298, 1.0073744631531343, 1.4285992929114537, 0.7914864234945107], "(3, 2, 3, 2)": [1.6254313832431484, 1.7437183200588398, 1.7608439621616665, 1.7937620074710114, 1.6348342644418021, 1.520918146026584, 1.6498857527549942, 1.9436205240022904, 1.7087339939253163, 1.8087531961793377, 1.8011728784236842], "(3, 2, 2, 2)": [1.8100197455511453, 1.8796586024451043, 1.94575801742025, 1.9187769640396515, 1.8404170923060825, 1.9315928141584449, 1.8959887558054695, 1.9211274888004153, 1.9162871537051398, 1.895881403706711, 1.9347553887836875], "(3, 1, 2, 2)": [0.6741481014300248, 0.9521716441063575, 0.9476471928148915, 0.527834509014308, 1.1669518166958606, 0.7839110265742528, 1.1156327782639603, 1.2202441945104658, 1.1499448102288186, 1.5149070466286538, 1.213019443987758], "(3, 3, 2, 3)": [1.3897666380417395, 1.3257285240321635, 1.0321722320087283, 0.9857606393648033, 1.0128546797077784, 1.0351099209855956, 1.226148721445998, 1.3500053701399102, 1.1330392889340517, 1.8693245262928655, 1.2542016373210547], "(3, 2, 2, 1)": [0.5807402972389161, 0.19688169631065336, 0.20486698534979841, 0.12063566354287768, 0.10642462216280196, 0.2879359100704086, 0.23804838782027443, 0.26454101346228065, 0.175130539826493, 0.12097215474194788, 0.11002505888477786], "(2, 1, 2, 1)": [-0.07021653314701935, -0.04087058751794399, 0.09654432843468742, -0.4057563123929753, 0.008085792037246409, 0.24297483457122335, -0.4078349002535905, -0.25307303805253667, 0.00040060509211684026, 0.6995215090345317, -0.18961701099167125], "(3, 2, 2, 3)": [1.060729362679636, 0.5456648799560987, 1.1358755888558518, 1.5917405886219618, 0.7594878957174083, 1.0912667813500425, 0.6351215605224474, 0.9757190837843511, 0.8584168377415832, 1.4748948775297641, 0.7883904634639133], "(2, 2, 2, 2)": [1.9024739241208921, 1.9278031010269145, 1.9103116703105694, 1.8877015392682188, 1.9342023159718895, 1.9022924489254673, 1.930910157186695, 1.9436785260511904, 1.9230874156560298, 1.8705847003944054, 1.8974311146483622], "(2, 2, 2, 3)": [0.9114713331984067, 1.22094451396491, 1.540515572201251, 1.3740154969270875, 1.0644812737915315, 1.2686666846172459, 1.1036796883888076, 1.3212497976716815, 1.9523376104354453, 1.372709242599068, 1.171116940898858], "(3, 1, 2, 1)": [-0.28794741332657164, 0.09075398564338684, 0.0, -0.05375483721251151, 0.09809846489872379, 0.05806146452543243, -0.19017795629980716, -0.2703065244355968, 0.24607992457679423, 0.1438931409855281, 0.7061837823828369], "(2, 2, 2, 1)": [0.20355578865711368, 0.30517884076056695, 0.12672751723236794, 0.21773159644349818, 1.108566351097422, 0.15305001531857598, 0.32786566231490044, 0.4627971240985067, 0.0, 0.6643113611671674, 0.33006183787550014], "(3, 1, 2, 3)": [0.0, 0.6153646198805588, -0.041496289611510084, 0.0, 0.15843484971702268, 0.0, 0.08987497687339784, 0.3364827941014923, 0.4758856529763529, 0.14176583324801378, 0.37404924243123877], "(3, 1, 3, 3)": [1.62860018395908, 1.6631703603310595, 1.677718339500274, 1.6864470626515398, 1.73613103157208, 1.7483400198757966, 1.7754572342185857, 1.8256740537234724, 1.8008155887806288, 1.7582207234316165, 1.66808550576941], "(3, 4, 3, 3)": [1.3816854497151771, 0.9566018033783644, 0.9516359694184221, 1.2319423174359607, 1.1955497226758887, 1.1686018688663076, 1.0313060766114914, 1.3260129474684195, 0.7679098632177332, 0.9084071759333348, 0.04042584101075883], "(2, 2, 3, 2)": [1.1514697280440314, 1.8959285519249396, 1.6014514623826843, 1.431174639502263, 1.298378464709609, 1.2637409694003443, 1.1445169829165454, 1.52458639871671, 1.452453698695176, 1.5801321574932377, 1.1967020249484717], "(3, 1, 3, 2)": [1.0366059156350502, 0.9911399656388225, 1.1598039639555608, 0.8425338227741354, 1.043947118813799, 1.2918768517732355, 0.9650341833028235, 1.771545589997225, 1.4387677308397773, 1.2498391779042253, 1.5566086056348534], "(3, 2, 3, 4)": [0.0, 0.32927581513853277, 0.0, 0.0, 0.0, 0.0, 0.0, 0.0, 0.0, 0.12491211978156654, 0.0], "(2, 3, 3, 4)": [0.19138896528002414, 0.31586143216533313, 0.18838114627230215, 0.8034478612886559, 0.08925883769989014, 0.0, 0.12910138373752278, 0.0, 0.2186340486597535, 0.0, 0.11932207432944862], "(3, 4, 3, 2)": [0.3275831445294936, 0.39538058552977284, 0.14163177031586413, 0.18874361500635417, 1.063090037061704, 0.7907861727982202, 0.28095525916476394, 0.4137029279672722, 0.430326234472588, 0.5279139497560366, 0.30592942430850734], "(3, 4, 2, 2)": [1.7274251673477787, 1.846418972984484, 1.672883161436085, 1.7376249620359652, 1.7816047729503355, 1.771229168041037, 1.6338735404508857, 1.5160870612613562, 1.4745476948202723, 1.6432790000288149, 1.4611081042542078],