{"q_values": {"(2, 3, 2, 2)": [1.9223584090973127, 1.9388121871757584, 1.9730283613429462, 1.9739960869231652, 1.9724865260123887, 1.981228237523816, 1.9732179764065183, 1.945503156929129, 1.9735692925761361, 1.970953753173967, 1.972750378917682], "(2, 3, 3, 3)": [1.9524232349287223, 1.939379386370414, 1.9157555650173668, 1.944221841737029, 1.8955993488634604, 1.9159645347363499, 1.9193160300137504, 1.8983979099406425, 1.8938042471273344, 1.8853680733951939, 1.8706746853447338], "(2, 3, 2, 3)": [1.9753868046012906, 1.942330771211385, 1.9394649201570853, 1.910273729388786, 1.9276276549545224, 1.9323302378147955, 1.9543733482729244, 1.8760314769110291, 1.9395193835894033, 1.9003921761897082, 1.9195817133840096], "(2, 4, 3, 3)": [1.292500681243345, 1.2244668518081439, 1.1107191023503487, 1.178265645212944, 0.9148277600375706, 1.0110281312441782, 0.8844799119094174, 1.1862437128930434, 0.6943455785353285, 0.9940432505021621, 1.0322384108866012], "(2, 4, 2, 3)": [1.0725135278756632, 1.0925113769510226, 0.8886988662488005, 1.4984418603401355, 0.7969722120355623, 1.1778759850502085, 0.739927268439871, 1.0994332201027925, 1.1989577774289468, 0.7951418099051544, 1.0573707391072922], "(2, 4, 2, 2)": [1.885089334076614, 1.6620971939592226, 1.6602328557547257, 1.7820379965624191, 1.6190554599475262, 1.6906103658291665, 1.4546970213783081, 1.3816908467184268, 1.4942644460117007, 1.4839174117501372, 1.50575089818367], "(2, 1, 3, 3)": [1.7213404088541944, 1.5137462866114315, 1.776440737492011, 1.7860553564557071, 1.768487049294549, 1.801504034787409, 1.8402585111279732, 1.8485708776559027, 1.833994090857558, 1.8417591703005305, 1.8402214356979052], "(2, 1, 2, 2)": [0.6556781254436314, 0.6714645598968646, 0.908514814967923, 0.9268033732235368, 1.3273169469376944, 1.298946786094412, 1.3703766171873129, 1.4504111610774544, 1.6889155596065464, 1.4562058240395992, 1.1286978758572581], "(2, 1, 3, 2)": [1.0977263263588803, 0.9356038441076313, 1.1632412128385863, 1.280927247087779, 0.9363153099411321, 1.2768877430556917, 0.7228769828700541, 0.47852531887964106, 1.5795208975045951, 1.250259799643522, 1.8142947420026376], "(2, 2, 3, 3)": [1.9597380893064742, 1.9651692678811254, 1.965691034699205, 1.9648139767992392, 1.9679517711925372, 1.9710448014909134, 1.9686813908495648, 1.974843879085206, 1.9645322598872337, 1.9653986840496471, 1.967782470378165], "(3, 2, 3, 3)": [1.9657008612163736, 1.9700771506547725, 1.9699589385496639, 1.9715551055602654, 1.9699615110742072, 1.9691723542006179, 1.9758187942070733, 1.976757481831516, 1.971599330231758, 1.9716573399881798, 1.975364769242437], "(3, 3, 3, 3)": [1.9170427554281346, 1.9391074828216326, 1.941143853369479, 1.895867133812107, 1.9174225394753721, 1.932838645791508, 1.903151347152683, 1.9187450755764428, 1.898888328842835, 1.910242866234232, 1.9207088939587988], "(3, 3, 2, 2)": [1.969483577480972, 1.956936148868587, 1.96957359747717, 1.968552561327058, 1.9673982229826736, 1.968720019407684, 1.9591727359924331, 1.9685375383794126, 1.9652034536977097, 1.9659468089063086, 1.9558153525216122], "(3, 3, 3, 2)": [1.9744947046723853, 1.5979900746883131, 1.8487820923692146, 1.8694850659775433, 1.6290046163612435, 1.726050845514456, 1.683780136137811, 1.7103716928538346, 1.697812669642379, 1.775091984681215, 1.5792226885309246], "(3, 2, 3, 2)": [1.8790866470536176, 1.9622765421750734, 1.9354507730162214, 1.954901243962252, 1.9325729098768198, 1.9452750977511615, 1.959529076825021, 1.953007757284017, 1.9523638467759719, 1.9710191553108625, 1.959792443811805], "(3, 2, 2, 2)": [1.9161431916055134, 1.94641988698818, 1.9252345284791577, 1.8954893872266312, 1.9274095795197559, 1.935262704716572, 1.956550219272085, 1.9121668620239873, 1.9274088577605628, 1.9401173118270332, 1.974442166865297], "(3, 1, 2, 2)": [0.7614019461364561, 1.1137191266872284, 0.9460508533427356, 1.0748719377967262, 1.0044205052715336, 1.0389626954547784, 0.9992514484129309, 1.187592004835768, 0.8909293845418694, 1.148513125160434, 1.355617987364719], "(3, 3, 2, 3)": [1.662925656974651, 1.6544585709006072, 1.7218839069632053, 1.6441582233924716, 1.5914535277032298, 1.5898787460199064, 1.5631551124065741, 1.7986329976166517, 1.6952124048684312, 1.9168885004050138, 1.4949450237882111], "(3, 2, 2, 1)": [1.1121217924820301, 0.40578811875241344, 0.4649502546242711, 0.12063566354287768, 0.22555574723159355, 0.6526775820989243, 0.431607088422865, 0.37563384243955666, 0.35035802179331316, 0.30367100908238803, 0.2965473014140773], "(2, 1, 2, 1)": [0.05502063603858985, -0.04087058751794399, 0.19635516637988404, -0.4057563123929753, 0.008085792037246409, 0.24297483457122335, 0.1367157222976428, -0.08560414108974262, 0.00040060509211684026, 0.15994754719323123, -0.0003077995241745901], "(3, 2, 2, 3)": [1.4257847743118006, 0.8183275983150728, 1.3623509264097884, 1.9243445011079587, 1.1662456632182685, 1.3525260103375822, 1.3298227267049967, 1.3785965517610344, 1.235086654348942, 1.6113728576483297, 1.1994563739379616], "(2, 2, 2, 2)": [1.9100758497156587, 1.9441855650484419, 1.9157084474636332, 1.9422809284281246, 1.9470505932241666, 1.948601704954688, 1.9435180781835513, 1.9336859259008983, 1.9529168849244287, 1.950569787978818, 1.9660136325378121], "(2, 2, 2, 3)": [1.6021889131049958, 1.676525929484181, 1.8348804462744046, 1.8199326553274193, 1.6854873966214983, 1.671956350289335, 1.7557423832130692, 1.7487797697280465, 1.9781997259540378, 1.7448893321565613, 1.7216090352663502], "(3, 1, 2, 1)": [-0.28794741332657164, 0.09075398564338684, -0.017583530823389357, -0.17166861697783925, 0.18547575103845454, 0.1833319386345975, -0.16523236748089765, -0.15751463975905586, 0.24607992457679423, 0.0055027456654895, 0.9279358409681461], "(2, 2, 2, 1)": [0.42821705358776696, 0.6062936966880154, 0.5269058929230023, 0.5952779465490199, 1.396998400844129, 0.2906480648147014, 0.7116928588884883, 0.4627971240985067, 0.48970159428381943, 1.0507033451481398, 0.4927781575180733], "(3, 1, 2, 3)": [0.3056891389918268, 1.0148101103680771, -0.041496289611510084, 0.2980151697417637, 0.15843484971702268, 0.1322832339797273, 0.08987497687339784, 0.4793392077119365, 0.4758856529763529, 0.3056297620244792, 0.6578949784074801], "(3, 1, 3, 3)": [1.7035127263608052, 1.576300420395508, 1.7567070861620597, 1.7873475360976938, 1.723402170577331, 1.8429277816043421, 1.8267088890833845, 1.8401283629799479, 1.8440621040950713, 1.846708043108586, 1.8016968589478966], "(3, 4, 3, 3)": [0.706801859075615, 1.2703902964976082, 1.0887170208235275, 1.4905670148308898, 1.107398401818913, 1.0666791572962975, 1.1623134002854685, 1.1852736839273375, 0.8489471955279456, 0.8063939470469429, 0.5231920601051582], "(2, 2, 3, 2)": [1.574935068576976, 1.9083024132786468, 1.8275979950042902, 1.612082749425139, 1.6704582889849307, 1.6760339774863389, 1.6368414654870163, 1.7031434219530825, 1.6850045110002154, 1.7954419812839018, 1.5940439439402938], "(3, 1, 3, 2)": [1.1997511258857751, 1.271525792433093, 1.1525896948664776, 0.8098395358024759, 0.7355180789377659, 1.4045691569636038, 1.2356977550902988, 1.5560857804756665, 1.6920693623987018, 1.5095096441014408, 1.7740114386619195], "(3, 2, 3, 4)": [0.0, 0.32927581513853277, 0.1977243676747394, 0.0, 0.0, 0.0, 0.0, 0.1589044992747115, 0.0, 0.2712877846263392, 0.0], "(2, 3, 3, 4)": [0.19138896528002414, 0.31586143216533313, 0.36365811526445935, 1.1711693056166406, 0.08925883769989014, 0.0, 0.12910138373752278, 0.1476909876923332, 0.3587516061082501, 0.13869848344796246, 0.33500042608191427], "(3, 4, 3, 2)": [0.3275831445294936, 0.39538058552977284, 0.46212316895212346, 0.18874361500635417, 1.4509264855228285, 0.863443331490042, 0.42608042072686475, 0.4137029279672722, 0.563694759526089, 0.6446796125761589, 0.7728931731740243], "(3, 4, 2, 2)": [1.8381359751761543, 1.8386472348061682, 1.8255917716231023, 1.8232649514872599, 1.8404055776727581, 1.8292931123258913, 1.7806547459137279, 1.766650024490776, 1.700175188915338, 1.7463002488080122, 1.7281927959928522],