{"q_values": {"(2, 3, 2, 2)": [1.9724244157118553, 1.9753378662210241, 1.9744519140071204, 1.9792802216880918, 1.9690383132157607, 1.9747473000398539, 1.9739853262904123, 1.9726056707867103, 1.9723131884743885, 1.971342376398485, 1.972537944877161], "(2, 3, 3, 3)": [1.9434681947307806, 1.9617822063988386, 1.9558052195083149, 1.9439646656791592, 1.9401998996671415, 1.941778749158892, 1.9402218096181616, 1.9627492015903836, 1.9402027721050095, 1.9538077087413654, 1.9327755248211695], "(2, 3, 2, 3)": [1.9645409475100273, 1.9662980811208288, 1.965251114027306, 1.967161961938524, 1.9673000538424317, 1.9471587776824315, 1.9576217089474266, 1.9485294584875223, 1.9525692498883922, 1.9404961166340755, 1.9635156420578275], "(2, 4, 3, 3)": [1.1414277865677243, 1.6434985566386535, 1.3633282653802075, 1.2605154795425562, 1.3670751396509437, 1.2524131709340631, 1.0993756343232972, 1.3376496833833134, 0.6930637319172244, 1.171397157920632, 0.9757608481863678], "(2, 4, 2, 3)": [1.6172717084656127, 1.779077717376215, 1.575686320847532, 1.6132295128475571, 1.434063376883601, 1.5996326966211416, 1.3225111635106122, 1.3349615007875235, 1.2351680984585816, 1.2171590629514593, 1.498827025248034], "(2, 4, 2, 2)": [1.8414116149912132, 1.8644376596105825, 1.838116106178087, 1.8395827672242309, 1.8281099341276135, 1.8428220181511277, 1.8214637976550936, 1.7739869347085693, 1.815896484176168, 1.7627531083138834, 1.78553567591398], "(2, 1, 3, 3)": [1.783857982612574, 1.7839160672812657, 1.8430723687008563, 1.8534420038526815, 1.8266073297442629, 1.850734262489714, 1.8500348120321937, 1.86358424446684, 1.8405426266481095, 1.8484073522534266, 1.8837541348887306], "(2, 1, 2, 2)": [1.249621187107096, 1.2270290415141238, 1.1517516249910653, 1.0593083011339575, 1.095719231872861, 0.7791750699074784, 1.2172641995911913, 1.312145519507693, 1.4200287596817507, 1.4543412618268081, 1.5611594580613106], "(2, 1, 3, 2)": [1.1648680661527524, 1.1546442621897208, 1.4790386468607881, 1.4803128634055325, 1.4685325541653742, 1.5212945100013624, 1.1700163125042253, 1.1696276913543828, 1.7256802544039593, 1.6702625792518901, 1.83541740605978], "(2, 2, 3, 3)": [1.9707012279895675, 1.9626472734340674, 1.9699212326611666, 1.9714140452039175, 1.9705314943690895, 1.971002052900006, 1.9717039100960088, 1.968459075447831, 1.9723270710322223, 1.9537013616251568, 1.9746172025985718], "(3, 2, 3, 3)": [1.974426171376307, 1.970395350326675, 1.969984697086567, 1.9736868772124052, 1.9747876081934597, 1.9652856168853077, 1.9727727664061758, 1.973450083336018, 1.9733051777303836, 1.9816290667769378, 1.9741741713111558], "(3, 3, 3, 3)": [1.929040960074359, 1.955027130954549, 1.939369054780781, 1.9205950818136093, 1.9425774124035076, 1.9513086227825573, 1.9090043550790288, 1.9282732290812945, 1.9090641947707165, 1.9261968728122258, 1.909395672593906], "(3, 3, 2, 2)": [1.969609085675931, 1.9626092052919648, 1.967690045075965, 1.9638722833158486, 1.9660275811411756, 1.9726905533394838, 1.968541829437754, 1.9622118061449616, 1.966261268880902, 1.9621962555643917, 1.9631983129557913], "(3, 3, 3, 2)": [1.9847813319235448, 1.978413544319541, 1.9744180960194992, 1.973607082793248, 1.9828034667018875, 1.9823212352103714, 1.9671399685890272, 1.973129833267225, 1.952515694529537, 1.9675701332070146, 1.951403181037886], "(3, 2, 3, 2)": [1.9407132109414367, 1.938529369271173, 1.9475820795887329, 1.924052488352324, 1.9592455486564928, 1.9630421878823618, 1.9350772620962584, 1.9617317068057445, 1.9631913548313733, 1.963992569672841, 1.9807645460828884], "(3, 2, 2, 2)": [1.8719248597873077, 1.9238523106037757, 1.9433786427956279, 1.9539380116368772, 1.9574406479250999, 1.956333237754849, 1.9578276444628961, 1.9394351912012415, 1.9743239064585798, 1.9575586909799574, 1.9278008166487557], "(3, 1, 2, 2)": [1.059601288683972, 1.228984930083927, 0.7198330563218145, 1.1680116182342883, 0.9224851462468384, 1.432680677006912, 1.1807257867329994, 1.3021943383679355, 1.1090063086966444, 1.1484416353963876, 1.1879643984960002], "(3, 3, 2, 3)": [1.9131123774268635, 1.9238293322637583, 1.9501338263707144, 1.8783192653228507, 1.913653363180977, 1.8988323684032922, 1.8612549876577271, 1.8854465862424283, 1.8687883426893743, 1.9431326362659531, 1.8197781189056483], "(3, 2, 2, 1)": [1.3245350718764477, 0.5266161409783253, 0.5787233960834717, 0.47745658746210967, 0.48882419907775826, 0.9190012370090699, 0.723072686651013, 0.37563384243955666, 0.5134429385938947, 0.7533812824110093, 0.7445312677610165], "(2, 1, 2, 1)": [0.15963931688879215, -0.06990616878525661, 0.12049600883462899, 0.10078193998602358, -0.03089048831611657, -0.16102962785816466, 0.01040857610792692, 0.45358919359222, 0.00040060509211684026, 0.15480762535204134, -0.23184917075216024], "(3, 2, 2, 3)": [1.6440179866210662, 1.4699667918440136, 1.6134060580385354, 1.9718421499062837, 1.4988901026395633, 1.6386809809647824, 1.750371687274883, 1.490065686108886, 1.3741607744147437, 1.7803741598306593, 1.277439825600534], "(2, 2, 2, 2)": [1.954775726105138, 1.9584664083244285, 1.8821987543711312, 1.9600961693947456, 1.9565999953925288, 1.927934230789841, 1.9606133698772177, 1.9281182273614395, 1.938638209741762, 1.965720358362872, 1.9518128037449298], "(2, 2, 2, 3)": [1.9754080208918883, 1.9801186143591876, 1.9719457675237555, 1.9771950110383645, 1.9789565016938062, 1.9784188765781847, 1.9822328084961298, 1.9887397208315454, 1.9744218872068942, 1.9774914931938974, 1.9793203709575002], "(3, 1, 2, 1)": [-0.28794741332657164, -0.05470452963747523, 0.11896565470856733, -0.27626406269896486, 0.03206319618174687, 0.4195686689528162, -0.11557312730205879, 0.2802890169462374, 0.24607992457679423, 0.0055027456654895, 0.2841684499709226], "(2, 2, 2, 1)": [0.7893207857699793, 0.7622134464651121, 0.8360852622853292, 1.098767128825982, 1.654338612434045, 0.8221283915593609, 1.1047748601013758, 0.9403563514810114, 0.6366308825888344, 1.4190596690082127, 1.0609206576951102], "(3, 1, 2, 3)": [0.4384264531339485, 1.377059285551847, 0.11941644176142296, 0.4391245363227696, 0.3051955842708407, 0.1322832339797273, 0.2582849595015276, 0.7321692012870621, 0.6088983910022427, 0.4596124542288059, 0.6578949784074801], "(3, 1, 3, 3)": [1.7416925164183368, 1.7649389068764951, 1.7682286410893948, 1.8247606455797143, 1.8451022164183066, 1.824248327809146, 1.840623453780011, 1.853323419956872, 1.876691105706532, 1.8567696941733463, 1.851480279092185], "(3, 4, 3, 3)": [1.3910087628529888, 1.719659884448701, 1.1669299478685398, 1.3863752901569995, 0.7831745685836664, 0.9209656414733297, 1.0541167931534956, 1.2871856853762116, 0.7056887398185162, 1.4202947447768908, 0.830069315817498], "(2, 2, 3, 2)": [1.860503327335905, 1.936601273750876, 1.8843058726422262, 1.8597727109274609, 1.9357100667143872, 1.8728012209466975, 1.9366053934999858, 1.945843664830802, 1.9019638460595694, 1.968503159171335, 1.9274700564988505], "(3, 1, 3, 2)": [1.3031565145850659, 1.3662413948625451, 1.1130569795452232, 1.4781024970090113, 1.5612995980077495, 1.3128140367220442, 1.5504128938966024, 0.9588573972515677, 1.810475968150026, 1.3584178890264675, 1.4969566541857848], "(3, 2, 3, 4)": [0.19839403263448985, 1.1925546952008423, 0.1977243676747394, 0.0, 0.0, 0.19875293714248293, 0.2834851488193039, 0.1589044992747115, 0.14465424113624614, 0.2712877846263392, 0.0], "(2, 3, 3, 4)": [0.48920317452769946, 0.733774378013792, 0.8880691967466068, 1.8734644605455835, 0.9278278498878685, 0.3646443665702408, 0.6731004268464722, 0.6185991083122675, 0.6778447464690303, 0.6853936760285627, 0.7505015624765254], "(3, 4, 3, 2)": [0.8373348241538999, 0.7758028713833885, 0.5992866003712397, 0.7359246539814914, 1.7714455329179941, 0.9373410487471298, 0.5614822728207285, 0.6569554640036963, 0.563694759526089, 0.7552548330573616, 1.0347255080200242],