{"q_values": {"(2, 3, 2, 2)": [1.9255449481881908, 1.9195112073454517, 1.9253720311999056, 1.9100049712442118, 1.9558301713615704, 1.9277335450338837, 1.8592861778411236, 1.829383501466708, 1.8521233870301543, 1.8108729290615504, 1.8783811643872435], "(2, 3, 3, 3)": [1.88180946665217, 1.900462086893024, 1.853917164590482, 1.8046083852166557, 1.8291206026061018, 1.8471323557985269, 1.8157144820066546, 1.7773872633010106, 1.8368196986470877, 1.7323253247274857, 1.5848835213542292], "(2, 3, 2, 3)": [1.1141826007051394, 0.7724806436052898, 0.48574988336675107, 1.0235513578104967, 0.8969123812966617, 0.8400819485348329, 1.4773919461537008, 0.9220163338446101, 0.9599082789397012, 0.768662342770726, 1.1801916257375267], "(2, 4, 3, 3)": [0.5517014860085774, 0.7592292615639773, 0.582205771605952, 0.8213485585255077, 1.034001854626542, 0.8095961570415755, 0.15926515784261822, 0.6685615429073588, 0.3141380487882675, 0.3538577362623623, 0.13898643284047943], "(2, 4, 2, 3)": [0.2253052286541516, 0.17712274208660767, 0.19868831953969046, 0.2370423814244317, 0.0, 0.0, 0.1911640552878109, 0.41106891032258286, 0.3432074735495728, 0.004142814072766343, 0.5115762970829528], "(2, 4, 2, 2)": [0.9417505558936352, 0.8220673934135979, 0.23969794225805202, 0.754147790159827, 0.5936496866350155, 0.5999426031633959, 0.44779666378610705, 0.6321546835744895, 0.5630741737742849, 0.48233634007076165, 0.4091323405139564], "(2, 1, 3, 3)": [1.0040961020105905, 1.0164821337238221, 1.0364333607423946, 1.1478616091140448, 1.0436066759448253, 1.154999012142712, 1.1802363640543292, 1.3955050092342713, 1.5829580454182015, 1.2037326185749158, 1.1500719637676067], "(2, 1, 2, 2)": [-0.037425113591762704, 0.7593390338053088, 1.157523852578587, 0.7247739119409673, 1.0067905840523168, 1.2359938744122316, 0.4952539873876373, 1.1732105083864688, 0.439299450145918, 1.0284827361096651, 1.1778118532421074], "(2, 1, 3, 2)": [0.6509674467602208, 0.5843921593680744, 0.5871553206799119, 0.3695790432163238, -0.12407213586956792, 0.5786530583600551, 0.1744916451118092, 0.0, 0.5474529035095276, 0.3882366478280216, 0.7077247079148767], "(2, 2, 3, 3)": [1.8608009877629819, 1.8668309149522984, 1.9118398264398924, 1.8985441765209663, 1.8987139141053049, 1.899772115078301, 1.9395217481603988, 1.9352620660733877, 1.9478754079818619, 1.9334726885058546, 1.910485413748587], "(3, 2, 3, 3)": [1.8955071419482865, 1.8240813267124896, 1.8824181097933907, 1.841973869749268, 1.9120930419152058, 1.8837691937174295, 1.892750444619719, 1.868337812905308, 1.945375584974729, 1.925224273351686, 1.869421708869143], "(3, 3, 3, 3)": [1.7957740831353255, 1.8487462254924765, 1.7724893946561526, 1.8166981277899894, 1.7764453985681863, 1.8477463450674112, 1.8130604854531829, 1.85645181642388, 1.8720546857815228, 1.80561899254043, 1.679542980574905], "(3, 3, 2, 2)": [1.9083960311720032, 1.8129047938878204, 1.6711607880077342, 1.8120347413506042, 1.8132048798227753, 1.8489022384619738, 1.7080931304929796, 1.6443942839714378, 1.7985651077937321, 1.7597395827032636, 1.8225240218511962], "(3, 3, 3, 2)": [1.174847295589581, 0.34818213616168353, 0.6183276595040061, 0.31544447241108653, 0.17947026946488964, 0.2679613420761435, 0.0, 0.4701068212880562, 0.36417869164324934, 0.4944341730306071, 0.18815360907671558], "(3, 2, 3, 2)": [1.1371825654164498, 0.816209691898601, 1.0016720338384058, 1.1034858851903864, 1.0661658720640925, 0.9896246161835234, 0.8754929715587045, 1.7576649112649605, 0.7635712933413457, 1.0916028382242324, 0.9679374152016564], "(3, 2, 2, 2)": [1.7422677944916534, 1.7834941297068696, 1.764040101111154, 1.755796911635571, 1.8222534941338109, 1.8293688782302555, 1.8030350569843305, 1.8115776402744386, 1.8897502025464779, 1.8465255905368554, 1.7198903200033842], "(3, 1, 2, 2)": [0.4755975515882586, 0.9286286288941537, 0.5539653955885456, 0.9180865932564886, 1.0884339511354577, 1.3983195691358727, 0.8670623825160573, 0.4955964075398451, 0.19671750531069832, 1.2275748583438326, 0.8356309615749066], "(3, 3, 2, 3)": [0.49161534492643993, 0.49712088913138, 0.540259195535237, 0.3422094551747843, 0.38736305231483237, 0.6125085029806093, 0.6895803488495662, 0.8475632200660541, 0.33648984106959523, 1.246671158423227, 0.35947676913258786], "(3, 2, 2, 1)": [0.09295532703399659, 0.09003122448921204, 0.0, 0.0, 0.0, 0.09754292086280493, 0.0, 0.0, 0.175130539826493, 0.12097215474194788, 0.0], "(2, 1, 2, 1)": [0.09116587952293066, 0.09428308504120893, 0.09654432843468742, -0.19250759718269675, -0.11731335918312216, -0.0015542317711620957, -0.30981141613776586, -0.25307303805253667, 0.0, 0.2845599966599021, -0.18961701099167125], "(3, 2, 2, 3)": [0.6299887974176746, 0.22344115783120452, 0.6137746064098003, 0.5795185359642874, 0.1623258794126175, 0.8534195777021769, 0.3177143812342944, 0.45408888613266785, 0.7391138984321268, 0.6994670687382889, 0.16774932299683987], "(2, 2, 2, 2)": [1.6216953225852138, 1.8366455252213623, 1.8723254661193964, 1.893962948534662, 1.940048800599805, 1.888800510012357, 1.9203005156319486, 1.8580024821490895, 1.883849858821604, 1.8438901898242077, 1.8278715047921463], "(2, 2, 2, 3)": [0.19063354896885232, 0.8421152167586167, 0.9940330326347867, 0.44845514037511913, 0.5940464519022453, 0.5648627827009307, 0.3694675164722331, 0.45383712362309875, 1.2237487543187666, 0.7152018180838515, 0.2962998189771937], "(3, 1, 2, 1)": [-0.17980627808294047, 0.09075398564338684, 0.0, 0.0, 0.0, 0.08744635581970216, -0.19017795629980716, 0.0, 0.0, 0.1438931409855281, 0.2717905460289801], "(2, 2, 2, 1)": [0.0, 0.09304838493980078, 0.0, 0.1076446179938196, 0.48256482716749005, 0.0, 0.14966498942508327, 0.11645820974796811, 0.0, 0.36417401310634323, 0.1516883187112291], "(3, 1, 2, 3)": [0.0, 0.6153646198805588, -0.21776883602142336, 0.0, 0.0, 0.0, 0.08987497687339784, 0.0, 0.0, 0.14176583324801378, 0.2170738561195325], "(3, 1, 3, 3)": [1.2733700446453082, 1.0051165204219505, 0.9462587050608378, 1.282116494803403, 1.5846637237391445, 1.2646439783720727, 1.398844313912433, 1.4527422085960389, 1.129408772972603, 1.4339909979397678, 1.1182750995500998], "(3, 4, 3, 3)": [0.6857890776381645, 1.0750465784901233, 1.2818532981440431, 0.8637433621030396, 1.0900553564149482, 0.5799150500424419, 0.8590850645473066, 0.8703896828943752, 0.42561129935649156, 0.6458051184843936, 0.3376501893305507], "(2, 2, 3, 2)": [0.5286154957238082, 1.3839896575486943, 1.056960228136439, 0.9619038521434011, 0.799822709061576, 0.48504862655440173, 0.8571774305600762, 0.9534275866421678, 0.9964838813576927, 1.1560733275847275, 0.809251569247085], "(3, 1, 3, 2)": [0.7717890857521992, 0.4384583420236897, 0.7054889026484445, 0.12138058205950669, 0.36517550507467106, 0.5175690724286048, 0.6513039371007484, 1.238494691211323, 0.7367616913243508, 0.6560721451082785, 0.6742375248049505], "(3, 2, 3, 4)": [0.0, 0.147930438385562, 0.0, 0.0, 0.0, 0.0, 0.0, 0.0, 0.0, 0.0, 0.0], "(2, 3, 3, 4)": [0.0, 0.31586143216533313, 0.0, 0.3809957123550583, 0.08925883769989014, 0.0, 0.0, 0.0, 0.2186340486597535, 0.0, 0.0], "(3, 4, 3, 2)": [0.15775398476643798, 0.2462077252630956, 0.14163177031586413, 0.18874361500635417, 0.2354494683317685, 0.45099812441161824, 0.14652932930108922, 0.15005474138376135, 0.0, 0.1240016787837957, 0.0], "(3, 4, 2, 2)": [1.1682597434941366, 1.4124756305294324, 0.4258552253937137, 0.9991136682829137, 1.0373114602176003, 1.1279228817484217, 1.1062794984331015, 0.9123546147202181, 0.9274426224497587, 1.068812070915696, 1.1817087925390255], "(3, 4, 2, 3)": [0.8050829870030785, 0.4066232005307156, 0.2413080711193758, 1.0067067897909217, 0.364666745483876, 0.39733592313291954, 0.12712715401219657, 0.4310465059784371, 0.5821513892052939, 0.26105910047402603, 0.3264751922984639], "(3, 4, 3, 4)": [-0.17385370429612346, -0.16979179119377116, -0.29787754968716085, -0.0500227642992091, 0.09187598614394665, 0.0, 0.161893444955349, -0.4761380804175327, -0.18920644766650177, 0.0, -0.17597351026139607],