{"q_values": {"(2, 3, 2, 2)": [0.0, 31.50855542794027, 0.0, 0.0, 30.150082980313382, 30.83492380576461, 25.18904646934717, 14.026267879786218, 13.207814662928257, 29.4543430407024, 35.43586329233299], "(2, 3, 3, 3)": [4.385550299538411, 23.000187885210554, 34.14182760401082, 32.83126424320352, 34.79042996071455, 0.0, 20.788742993708745, 20.04988022367992, 23.73271059923488, 3.479636236526787, 33.488209822397764], "(2, 3, 2, 3)": [8.921351710295559, 0.0, 0.0, 0.0, 0.0, 0.0, 24.46358453446415, 0.0, 28.75002883491859, 22.26448234830003, 6.209313192582228], "(2, 4, 3, 3)": [19.31421836739877, 0.8324303030967712, 0.0, 17.096933955359606, 0.0, 17.83751883314457, 0.0, 0.0, 2.5783999244153497, 0.0, 0.0], "(2, 4, 2, 3)": [0.0, 16.35320932617106, 0.0, 0.0, 0.0, 0.0, 0.0, 18.577485579494063, 0.0, 0.0, 0.0], "(2, 4, 2, 2)": [0.0, 15.598677273855447, 0.0, 14.824436285144392, 0.0, 0.0, 0.0, 0.0, 0.0, 0.0, 0.0]}, "n_values": {"(2, 3, 2, 2)": [0.0, 1.0, 0.0, 0.0, 1.0, 1.0, 1.0, 1.0, 1.0, 1.0, 1.0], "(2, 3, 3, 3)": [1.0, 1.0, 1.0, 1.0, 1.0, 0.0, 1.0, 1.0, 1.0, 1.0, 1.0], "(2, 3, 2, 3)": [1.0, 0.0, 0.0, 0.0, 0.0, 0.0, 1.0, 0.0, 1.0, 1.0, 1.0], "(2, 4, 3, 3)": [1.0, 1.0, 0.0, 1.0, 0.0, 1.0, 0.0, 0.0, 1.0, 0.0, 0.0], "(2, 4, 2, 3)": [0.0, 1.0, 0.0, 0.0, 0.0, 0.0, 0.0, 1.0, 0.0, 0.0, 0.0], "(2, 4, 2, 2)": [0.0, 1.0, 0.0, 1.0, 0.0, 0.0, 0.0, 0.0, 0.0, 0.0, 0.0]}}