{"q_values": {"(2, 3, 2, 2)": [19.86431017550347, 23.017120772943404, 22.042091332774334, 21.936108195082614, 23.171460020679078, 22.235135595098498, 18.34485667680984, 22.010586104820316, 26.01673850841097, 19.46549127600717, 22.030461782502154], "(2, 3, 3, 3)": [19.87103453810528, 22.70703366545446, 21.426268305012286, 16.091548098596157, 20.918097368867503, 15.962079971229707, 19.770999756732955, 13.95100180724929, 14.968474475880019, 5.118643771500382, 15.77629967933477], "(2, 3, 2, 3)": [13.221249044143804, 0.0, 24.31523055455165, 0.0, 16.40483827695329, 5.281646827591256, 27.271399356939654, 0.0, 14.628722021678698, 13.35974553853961, 7.005574587438682], "(2, 4, 3, 3)": [11.874014335622215, 4.886803439070329, 5.992389173164262, 7.191937110872461, 5.470124589465369, 10.629682385441434, 3.168378054120206, 3.1541162249818733, 1.8923560600030687, 2.230116592156649, 2.131315529189835], "(2, 4, 2, 3)": [15.913957046306834, 15.190769880459635, 12.945917277038065, 19.036913077292965, 21.814434526014445, 14.656569741853282, 0.0, 18.577485579494063, 7.1479218191436535, 21.119668023803136, 0.0], "(2, 4, 2, 2)": [26.00160010970907, 13.625031593380914, 12.549916942898795, 16.580658838265254, 10.49549666979096, 9.548840632335589, 0.0, 0.0, 6.894402844587097, 17.626598379206502, 8.458595391695386], "(2, 1, 3, 3)": [7.787106207562818, 7.245548955674094, 12.716726850188579, 22.756456686321226, 20.275495609026574, 17.43039598473312, 25.243063664026394, 17.694004811014203, 19.616727630314465, 20.28634332897459, 13.146958405360715], "(2, 1, 2, 2)": [2.413370537615201, 2.1509979268229737, 7.32929559234621, 6.950830302681111, 4.943625644957076, 4.81665654002364, 5.953365323083286, 8.572372462560017, 7.3645506209330795, 9.60873192442909, 9.312063835450315], "(2, 1, 3, 2)": [5.836712200843703, 0.0, 16.341568652280394, 13.657476482304746, 6.993268780710199, 4.235687690332971, 25.51513446361735, 8.636132755225017, 19.84632872871093, 20.388018649661092, 23.513501265763704], "(2, 2, 3, 3)": [14.528779328844704, 12.558657873576655, 10.278971815698954, 15.745318190184921, 17.667433190576535, 16.440960391594714, 17.862720348099312, 16.37351626546801, 22.32331726483166, 15.429940404663514, 30.02343629058212], "(3, 2, 3, 3)": [26.145789426166406, 22.41166597141035, 19.795652203149693, 23.27828086861489, 21.96359711400968, 20.266193013761644, 22.55259457271998, 23.174914252514597, 25.391056553065226, 22.16152870919585, 22.88320290844884], "(3, 3, 3, 3)": [14.835143232753376, 18.303596420196577, 16.705137782056806, 15.009823843503431, 16.42337168173266, 16.256318475973124, 16.021056075053252, 15.254365009043202, 13.147077699809254, 11.96087882733103, 7.422325784840356], "(3, 3, 2, 2)": [15.98621524507521, 19.873042423467144, 15.137851186497965, 18.03562494952944, 12.303821010985825, 17.907831875669842, 17.268556895744204, 16.286570516684307, 14.933318740692702, 18.983440264166894, 19.557522582653533], "(3, 3, 3, 2)": [21.136058683964347, 31.419774165490917, 26.475492708493764, 23.524126883243216, 27.204114215258162, 0.0, 24.036038315060082, 8.792697438944643, 28.637026232631406, 37.27794480362783, 9.732557155202121], "(3, 2, 3, 2)": [14.391613480213461, 15.669266930279203, 28.701873265723165, 8.75172852083784, 20.62782837425446, 15.6079797017101, 23.054069472390356, 12.972574934485621, 10.987710609842988, 16.537095680390138, 15.629927896679089], "(3, 2, 2, 2)": [13.002309368361137, 13.142130420654375, 16.754767646871862, 12.75794576947047, 16.539671693990858, 19.004725327686312, 10.293479463027218, 10.636046879431248, 25.554515103841048, 23.54825767507758, 25.608520653548243], "(3, 1, 2, 2)": [1.7028978564739228, 2.1003037175031007, 13.089009545012491, 16.009048794416206, 8.864985373081652, 11.767538039753656, 6.3139112693613795, 11.010963836367937, 24.109734535923145, 21.29229562955973, 23.192837835874506], "(3, 3, 2, 3)": [0.0, 0.0, 12.47519621014951, 14.729065804661186, 16.810568129349107, 12.914031481459265, 0.0, 9.695401843529488, 16.151907582180314, 10.867561956941255, 8.467813340030705], "(3, 2, 2, 1)": [1.795272192955017, 1.7298639714717865, 0.0, 0.0, 0.0, 0.0, 0.0, 0.0, 0.0, 3.6600956946647765, 0.0], "(2, 1, 2, 1)": [0.0, 0.8683925271034241, 0.0, 0.0, 0.0, 0.8379310369491577, 0.0, 0.0, 0.0, 0.0, 0.0], "(3, 2, 2, 3)": [0.0, 14.614531958714263, 0.0, 0.0, 0.0, 21.68194149463367, 0.0, 20.207181434353117, 11.119209081400813, 18.82602148112187, 20.89688734302809], "(2, 2, 2, 2)": [7.543036867162582, 8.61805263586555, 10.50283551241543, 11.709279304748879, 13.504691532514004, 13.930459522666872, 12.926371159487328, 12.42216018193424, 17.17279083720857, 16.686762242928395, 14.78161652482081], "(2, 2, 2, 3)": [0.0, 13.159296096082562, 0.0, 0.0, 30.96783210214626, 14.397303151187995, 8.007276122395961, 19.631973694643257, 0.0, 21.56052475895088, 0.0], "(3, 1, 2, 1)": [0.0, 0.8638166785240173, 0.0, 0.0, 0.0, 0.8744635581970215, 0.0, 0.0, 0.0, 0.0, 0.0], "(2, 3, 3, 2)": [30.479253068102132, 0.0, 38.986141985068976, 0.0, 0.0, 16.449079803042466, 0.0, 0.0, 17.02522858840809, 33.464090251329885, 13.965474167301164], "(3, 1, 2, 3)": [0.0, 0.0, 0.0, 2.5461481807231903, 0.0, 0.0, 0.0, 0.0, 0.0, 0.0, 22.016702085175645], "(3, 1, 3, 3)": [19.25485109160181, 22.576035371313314, 18.773069929956634, 30.492129725390335, 23.178430595518535, 22.32339862619757, 25.065234480024166, 18.91473010277468, 27.901890942381428, 24.31319481096795, 27.449109508968224], "(3, 4, 3, 3)": [6.096817429049673, 2.8712213653493257, 5.045796713036294, 3.960782475253974, 2.726063280237925, 2.8456485955465, 2.26119971116257, 2.0623707593629477, 3.0446980175642144, 1.8579005463409526, 1.331244445265983], "(3, 4, 2, 2)": [18.76177802703205, 10.510799318462915, 10.216873553211475, 5.1560900021383125, 10.4794877476584, 4.246819516858302, 7.882777395205461, 5.087175530325347, 8.619330000250727, 12.439243418315264, 8.417573739669011], "(3, 1, 3, 2)": [2.554161949199438, 26.457328512024624, 30.285466539487214, 20.454960195694156, 22.935975987558383, 19.08933662337836, 0.0, 30.356943683984053, 24.10556314081537, 23.979157455761445, 33.03372729872354], "(2, 2, 2, 1)": [0.0, 0.0, 0.0, 0.0, 0.0, 0.0, 0.0, 1.7345644944906233, 0.0, 0.0, 0.0], "(3, 3, 3, 4)": [0.0, 0.0, 6.916686993788548, 5.231622607284466, 0.0, 0.0, 0.0, 0.0, 0.0, 1.7841467350721358, 0.0], "(3, 4, 3, 4)": [1.6896872806549073, 0.8722236752510071, 0.0, 0.0, 0.0, 0.0, 0.0, 0.0, 0.0, 0.0, 0.861049234867096], "(3, 4, 3, 2)": [0.0, 0.0, 0.0, 0.0, 0.0, 0.0, 0.0, 0.0, 14.851650100285152, 2.5706885271161792, 0.0], "(3, 4, 2, 3)": [0.0, 0.0, 7.761019599196039, 6.965223192212984, 5.108415920753957, 6.024081435432536, 1.6901881986856462, 0.0, 5.143667530650113, 2.099101849806309, 2.5662606476656995], "(2, 2, 3, 2)": [12.201240393849199, 17.772563101316038, 7.953917238512356, 12.095817272634854, 27.77126707795903, 11.42886763109994, 10.17801483147028, 9.513927722803897, 14.22783348324116, 8.037451589409656, 7.410207302112569]}, "n_values": {"(2, 3, 2, 2)": [10.0, 14.0, 8.0, 12.0, 9.0, 10.0, 7.0, 11.0, 11.0, 10.0, 10.0], "(2, 3, 3, 3)": [14.0, 9.0, 11.0, 12.0, 10.0, 12.0, 12.0, 12.0, 8.0, 5.0, 14.0], "(2, 3, 2, 3)": [2.0, 0.0, 2.0, 0.0, 2.0, 1.0, 2.0, 0.0, 3.0, 2.0, 2.0], "(2, 4, 3, 3)": [4.0, 9.0, 3.0, 7.0, 5.0, 2.0, 4.0, 3.0, 9.0, 5.0, 6.0], "(2, 4, 2, 3)": [2.0, 2.0, 2.0, 1.0, 1.0, 2.0, 0.0, 1.0, 3.0, 1.0, 0.0], "(2, 4, 2, 2)": [1.0, 3.0, 1.0, 2.0, 2.0, 1.0, 0.0, 0.0, 3.0, 1.0, 2.0], "(2, 1, 3, 3)": [7.0, 5.0, 7.0, 5.0, 7.0, 7.0, 3.0, 7.0, 6.0, 4.0, 3.0], "(2, 1, 2, 2)": [14.0, 18.0, 17.0, 10.0, 17.0, 12.0, 9.0, 14.0, 14.0, 16.0, 11.0], "(2, 1, 3, 2)": [2.0, 0.0, 3.0, 2.0, 4.0, 3.0, 3.0, 5.0, 2.0, 2.0, 3.0], "(2, 2, 3, 3)": [17.0, 13.0, 9.0, 12.0, 11.0, 13.0, 9.0, 8.0, 8.0, 12.0, 5.0], "(3, 2, 3, 3)": [9.0, 12.0, 12.0, 13.0, 9.0, 12.0, 14.0, 10.0, 12.0, 9.0, 12.0], "(3, 3, 3, 3)": [17.0, 14.0, 6.0, 8.0, 14.0, 13.0, 13.0, 11.0, 15.0, 17.0, 14.0], "(3, 3, 2, 2)": [9.0, 9.0, 8.0, 10.0, 6.0, 10.0, 7.0, 4.0, 7.0, 5.0, 8.0],