{"q_values": {"(2, 3, 2, 2)": [23.2485194409886, 23.780016247687414, 23.567652969701626, 22.693598780729747, 25.606346982231855, 24.461337380262748, 24.200241744613507, 21.482197990415123, 21.403798568811705, 23.57071534169561, 21.280235425872608], "(2, 3, 3, 3)": [18.58628849226931, 23.688516972137634, 23.74651506017258, 19.71661031499224, 21.13677394581091, 19.14732690894707, 17.228020631410214, 17.026629356701726, 19.83992525621152, 15.493835176077217, 17.362127881082973], "(2, 3, 2, 3)": [23.174312215109918, 19.817581218106582, 17.26134185574999, 17.781079079710928, 16.12915666261314, 18.214656787555494, 19.593321768092917, 12.042652703790413, 21.29608691802906, 12.905637811087958, 14.844542853565128], "(2, 4, 3, 3)": [13.839309706330223, 9.177566893764164, 7.6945380184652175, 9.651272963739663, 8.796675505193491, 4.991926414463981, 2.7279786362721077, 7.593328899651335, 3.6424538813058733, 5.54573881123086, 2.2424080061156477], "(2, 4, 2, 3)": [20.08885913219171, 23.668757976968195, 10.050991528348597, 20.232979599838856, 24.65337497223954, 22.756151612462364, 18.156091971605903, 7.212141111622032, 18.062733316471977, 8.701918347629881, 19.18468424650342], "(2, 4, 2, 2)": [26.176812243201397, 21.23924017317819, 20.745863304794746, 18.45803847209113, 19.14444673712706, 17.530375717272232, 19.35881407565776, 28.832961645995557, 16.908817151960527, 16.653556362168068, 17.291617657159833], "(2, 1, 3, 3)": [8.582806750416253, 11.991340597051401, 12.255095307029569, 20.166664881564408, 19.267034098895586, 13.775755735975334, 21.49307710251759, 15.794051822632266, 19.07295194681472, 21.89022270495019, 19.372365484587483], "(2, 1, 2, 2)": [2.3644876282931024, 2.0635084570080053, 6.903574832608276, 6.082092238682331, 4.342648519314498, 5.097377934449456, 7.538775070122215, 11.748545975959335, 8.985747269103381, 11.668042378300393, 10.666891771986192], "(2, 1, 3, 2)": [3.5434653467950286, 14.115767049202262, 13.710259533532117, 14.056077468048873, 12.520654748063773, 11.80708090657906, 18.920015924589958, 8.311085287803404, 21.26419625724269, 17.824109227494546, 19.250495473502536], "(2, 2, 3, 3)": [17.039149526956976, 16.947952365028158, 15.292958188909619, 18.672055336816403, 18.43298760568558, 18.357839471619517, 21.338919903902575, 20.069104330025624, 22.59223737442721, 20.391711524438183, 24.6224284930496], "(3, 2, 3, 3)": [25.728394740098437, 21.15670505002277, 20.14530536246487, 23.089475758688412, 22.00080856331102, 19.87117281903115, 23.7021502019949, 24.385188634926365, 21.947608906407734, 22.25207993098048, 21.87274536111465], "(3, 3, 3, 3)": [17.557779230079337, 19.152014565413936, 18.77791736111404, 16.493292149749863, 18.06301619791949, 15.633210996983491, 15.867456282468938, 13.691554433144239, 14.66904643278408, 15.667737298257476, 9.288494805826502], "(3, 3, 2, 2)": [17.47478538174858, 21.965793742296984, 19.396358487634433, 20.280026576611125, 18.09693135930876, 19.261877566625962, 22.604137594429737, 23.530848244016717, 20.50114080342295, 18.062910807219037, 24.034139500306757], "(3, 3, 3, 2)": [21.8957213752187, 20.176334645130822, 22.93838770744689, 19.240408899736618, 23.73468625247456, 16.84960231732802, 19.71827942234784, 9.668409117532265, 17.864393689511736, 18.38171501612233, 9.732557155202121], "(3, 2, 3, 2)": [14.273135683859968, 23.955135352718848, 20.069077795595035, 17.03649260326236, 22.687510053091483, 12.686717124445032, 28.037136996666405, 13.879525749606607, 14.401585912747917, 16.934626577198348, 24.582629812992018], "(3, 2, 2, 2)": [14.492943737489359, 13.004795963271581, 14.47249158120147, 15.034363868812806, 19.94989156046833, 15.839203355546003, 16.191803367535456, 16.49352932972712, 21.721967556630165, 24.855841964007702, 25.02432498458193], "(3, 1, 2, 2)": [2.2760143934280572, 1.8257178147568278, 8.027367035489489, 9.652719034832725, 6.564365632354758, 8.002755125576321, 8.81134011005559, 10.091762622256955, 19.14520315016159, 15.674920824673977, 18.787970416281187], "(3, 3, 2, 3)": [27.368002500619376, 39.91221991073046, 19.075027600035614, 23.066230865326737, 19.39822946784261, 16.162595726809055, 15.81543251242125, 20.92883954717101, 15.70413179540414, 21.569712352065583, 9.35990009071446], "(3, 2, 2, 1)": [1.795272192955017, 1.7298639714717865, 0.0, 0.0, 0.0, 0.0, 0.0, 0.0, 0.0, 3.6600956946647765, 0.0], "(2, 1, 2, 1)": [0.0, 0.8683925271034241, 0.0, 0.0, 0.0, 0.8379310369491577, 0.0, 0.8681128025054932, 0.0, 0.0, 0.0], "(3, 2, 2, 3)": [46.52597136611528, 14.085496645047593, 0.0, 0.0, 22.401925066367134, 21.68194149463367, 23.61024107505165, 17.222635904362573, 11.119209081400813, 22.64615879728752, 20.89688734302809], "(2, 2, 2, 2)": [11.570002358527478, 11.703683294236546, 11.7408889376726, 14.319583353932478, 15.551261147904224, 16.172919473761343, 17.044394898047287, 14.344913178701272, 19.633872175671474, 18.724595247033065, 18.198379322686517], "(2, 2, 2, 3)": [0.0, 13.034975059387916, 21.153484642665966, 24.34719285698947, 24.02523996024365, 12.072796320407766, 19.27180617728429, 19.631973694643257, 15.879841815382488, 18.94392921937773, 24.7723363988287], "(3, 1, 2, 1)": [0.0, 0.8638166785240173, 0.0, 0.0, 0.0, 0.8744635581970215, 0.0, 0.0, 0.0, 0.0, 0.0], "(2, 3, 3, 2)": [26.091226616742475, 14.578282341361628, 38.986141985068976, 0.0, 0.0, 16.449079803042466, 27.68166523501045, 25.115338994405377, 14.968704889191276, 33.464090251329885, 13.965474167301164], "(3, 1, 2, 3)": [0.0, 0.0, 8.961554043334681, 5.1018704802989125, 7.392801425777088, 0.0, 0.8297041654586792, 0.0, 49.946579370432254, 0.0, 17.737094943050526], "(3, 1, 3, 3)": [18.795085689697945, 20.11083134513081, 16.03262479558304, 26.3763574690358, 27.4198084873199, 24.013267928383787, 22.625925968216148, 20.838503268929397, 26.275050732237972, 21.531745125577057, 28.641930871072187], "(3, 4, 3, 3)": [10.744626792320558, 12.745763076512215, 6.436456925136231, 13.762900674235533, 6.219533651833355, 4.407171346889491, 5.724489321281106, 5.2894107681530915, 4.472862841144737, 5.051479203934608, 2.935637078905277], "(3, 4, 2, 2)": [18.771456511549495, 25.22612760884957, 34.627710339715925, 19.998357579503615, 18.234710219939693, 18.01535488900096, 16.819884307220583, 17.23694851696434, 16.710832105523593, 7.745658696293161, 16.18828755596941], "(3, 1, 3, 2)": [2.5532166482940313, 26.457328512024624, 21.10843834634018, 20.454960195694156, 24.010923743039292, 16.341449574572597, 0.0, 25.556873118677622, 20.171486090431053, 21.32859801628017, 27.28510923561098], "(2, 2, 2, 1)": [1.7974754428863524, 0.0, 0.0, 0.872565746307373, 0.0, 1.7564185273647308, 0.0, 1.7345644944906233, 0.0, 0.0, 0.0], "(3, 3, 3, 4)": [19.37622406679793, 0.0, 6.916686993788548, 5.231622607284466, 3.4322466030942795, 1.7676729625463485, 5.298688681550857, 0.0, 0.0, 2.247286765244603, 0.0], "(3, 4, 3, 4)": [1.6896872806549073, 0.8722236752510071, 0.0, 0.0, 0.0, 1.6945413899421693, 0.0, 0.0, 0.0, 0.0, 0.8593111634254456], "(3, 4, 3, 2)": [24.02857530812575, 0.0, 0.0, 0.0, 0.0, 25.919497159309888, 0.0, 0.0, 21.304598162984064, 2.5706885271161792, 5.136986293528467], "(3, 4, 2, 3)": [27.10926461651865, 6.355722060452576, 6.845641964881435, 13.17441603014675, 6.164489519074737, 12.0158413788558, 4.644839268758188, 23.16154077894616, 22.819889463845364, 2.0263988612786297, 3.1971739602595353], "(2, 2, 3, 2)": [19.15474544036588, 13.823958556718063, 11.156852433058965, 12.095817272634854, 27.77126707795903, 22.324021124741062, 13.475495627576064, 9.513927722803897, 14.699612769056007, 28.560717558136005, 10.136604288972869], "(2, 1, 2, 3)": [2.581008516269922, 4.192496104280561, 18.384502982219207, 0.0, 10.961004292279366, 5.027871346084282, 4.309183408709259, 7.4802180325661425, 25.54203132524547, 0.0, 0.0], "(2, 4, 3, 2)": [0.0, 0.0, 0.0, 20.568929327224385, 32.51488714563087, 0.0, 0.0, 9.182972993646928, 0.0, 0.0, 31.938184683845055], "(3, 3, 2, 1)": [0.0, 0.0, 0.0, 0.0, 0.0, 0.0, 9.838284300538007, 0.0, 0.0, 0.0, 0.0],