{"q_values": {"(2, 3, 2, 2)": [21.95035622388057, 26.535235789357873, 24.66343427510216, 23.227030324421587, 27.35159915286986, 27.493752846166604, 24.065753405103553, 22.740832123325273, 23.30285238410522, 25.028014257069138, 21.725393139243366], "(2, 3, 3, 3)": [20.379893466399466, 24.049859335053977, 24.875503601435746, 24.058531404562487, 23.860501148386653, 22.628784230531757, 19.95467448913935, 19.733762432890007, 21.743166176877633, 17.330521551359364, 19.049062025672143], "(2, 3, 2, 3)": [25.635751694592592, 26.396188025509307, 19.241563335896043, 17.39745885975963, 17.47080569377129, 21.58282930012088, 20.243699013194842, 14.533979098445723, 19.295345264216586, 15.614954744604377, 21.41684346324897], "(2, 4, 3, 3)": [17.345452401510137, 11.142658266880108, 8.557633495334228, 9.014940401719086, 10.469853025159232, 5.662637035249366, 4.23288210982378, 5.52817880538534, 4.086567015813625, 5.172306318880665, 2.383203886127309], "(2, 4, 2, 3)": [17.818893358936506, 21.71639887246981, 15.529433861541744, 17.421444110252853, 18.18467588535215, 19.358865629995897, 15.80132652394105, 10.810037700471256, 12.878192674846092, 10.028785614145354, 12.528136121605103], "(2, 4, 2, 2)": [23.232799338022737, 24.042153701990653, 23.130899777189317, 17.72423124854684, 19.566407117987353, 18.62246188184277, 21.2373156007941, 19.727907613744254, 19.450213685319397, 14.754152534918596, 19.223062960165], "(2, 1, 3, 3)": [9.681716616688577, 12.968332582479873, 12.301530869195432, 19.178285898751845, 19.17877984537975, 15.519471167001669, 21.171169959338954, 16.502877025147733, 19.71724014954526, 18.842881986174007, 18.170287580312337], "(2, 1, 2, 2)": [2.078594580378843, 1.8766750948103772, 6.339124757429498, 5.30361849379826, 4.605894195298133, 6.0571835176098014, 7.85522555748308, 10.481373203199713, 9.399332084844426, 11.64235134452889, 12.679938183336347], "(2, 1, 3, 2)": [3.3565267051262397, 14.115767049202262, 13.710259533532117, 14.056077468048873, 13.418074867771253, 10.123796997536036, 18.920015924589958, 8.311085287803404, 18.746017991440024, 17.824109227494546, 19.250495473502536], "(2, 2, 3, 3)": [20.409245320684786, 18.708641320653523, 21.668013739388527, 23.0216898731476, 22.244902690940375, 20.94496845456213, 24.217619182254982, 24.64476135540394, 22.45451903704846, 26.18039034626355, 24.554715486562902], "(3, 2, 3, 3)": [27.83616404910007, 24.620657576063575, 25.13109276692249, 25.782547762181608, 25.12211571246082, 22.662635986741975, 25.00296745771649, 26.869528020524793, 24.226837709939304, 25.143873392957556, 24.94612905741384], "(3, 3, 3, 3)": [21.62191124959538, 23.4409738906176, 21.342950339186725, 20.35324672585155, 20.804245604777122, 21.35895643485699, 19.383763037074417, 13.855224801548415, 20.357308421998397, 20.306279690047667, 12.326274648082956], "(3, 3, 2, 2)": [23.15778457016109, 25.028855320446326, 25.778752194267955, 22.31419705062413, 25.058905788818983, 24.955035618616666, 23.900473435432396, 27.869896370101007, 27.261344148695198, 22.94040515087151, 24.143346195495397], "(3, 3, 3, 2)": [32.258414443230436, 19.740692947727165, 26.30753907498296, 32.34906678963382, 25.97161664663136, 18.585527790286733, 30.895564921039586, 12.349406204160491, 17.864393689511736, 15.888318261875513, 14.629283658818196], "(3, 2, 3, 2)": [16.27422775526654, 25.945154271879, 20.019612694937717, 24.30856888120882, 26.04012016820068, 19.873199878863506, 26.519234828600325, 15.939072164908772, 28.051418790426506, 22.170171898836966, 33.825466326343225], "(3, 2, 2, 2)": [17.65807728081172, 16.420914452042172, 17.301398739013838, 19.001509525017312, 20.170946795515125, 19.416835932455715, 21.08153000699787, 23.690782096773816, 24.633316816843237, 23.466002347561083, 27.2210476017187], "(3, 1, 2, 2)": [1.9809569512205136, 2.17835928634705, 7.0886605739499355, 7.571968343659345, 5.300095513071749, 6.0823619016467925, 6.307069787962513, 8.264939088729045, 15.683938864107677, 12.509180979534726, 17.940577236141618], "(3, 3, 2, 3)": [29.384189001566888, 43.68974386358756, 19.075027600035614, 22.092961652730004, 23.009661294542294, 16.162595726809055, 26.060272957939585, 23.339935957466693, 22.05590415575076, 23.65810633433373, 14.450601838841468], "(3, 2, 2, 1)": [1.795272192955017, 1.7298639714717865, 0.0, 0.0, 0.0, 0.0, 0.0, 0.0, 0.0, 3.6600956946647765, 0.0], "(2, 1, 2, 1)": [0.0, 0.8683925271034241, 0.0, 0.0, 0.0, 0.8379310369491577, 0.8586075305938721, 0.8681128025054932, 0.0, 0.0, 0.0], "(3, 2, 2, 3)": [40.814453932380744, 18.408881341095203, 32.539493489740394, 31.46243458048168, 22.401925066367134, 26.89587511579232, 29.258660480472805, 28.404686493151452, 32.007322339160524, 28.68740104219591, 20.89688734302809], "(2, 2, 2, 2)": [14.270535382018346, 15.84090005230167, 14.987266637927982, 16.453925923472493, 17.28115837850268, 17.53368828816484, 20.872882184026093, 18.830640405817967, 21.373709783744676, 22.0491567968215, 22.58861800063755], "(2, 2, 2, 3)": [32.14711075471423, 19.623292259785273, 29.22821632481213, 34.123358576326794, 27.810169103649798, 23.36543643141291, 20.039484033377015, 34.28883857431296, 14.970460731146122, 22.05039358840439, 36.00036145833926], "(3, 1, 2, 1)": [0.0, 0.8638166785240173, 0.0, 0.0, 0.0, 0.8744635581970215, 0.0, 0.0, 0.8393478989601135, 0.0, 0.0], "(2, 3, 3, 2)": [26.091226616742475, 12.264245279829709, 26.508619813625984, 12.69715650852628, 10.192381759221815, 16.0571724902397, 21.24434331855676, 21.128181089049136, 17.6960881251946, 25.928902464235847, 11.791764563730414], "(3, 1, 2, 3)": [0.0, 4.131005221556574, 8.961554043334681, 5.1018704802989125, 7.392801425777088, 0.0, 0.8297041654586792, 0.0, 49.946579370432254, 0.0, 17.737094943050526], "(3, 1, 3, 3)": [16.811387147388427, 18.521075328300903, 14.918055512071064, 23.12492195091258, 21.45490429882063, 25.39428257142951, 19.912700927935614, 21.38929845844653, 26.713088039421326, 21.970236191296713, 27.839871314385043], "(3, 4, 3, 3)": [13.62261270368803, 14.77855835845591, 9.815562517066281, 14.715660148388148, 7.280419100587622, 7.555651220559828, 8.863627234706284, 9.859511903271702, 4.139847907043687, 5.49219377585628, 2.6123254618230956], "(3, 4, 2, 2)": [20.682383388996872, 28.12147308760497, 32.72231231797589, 28.229768190125817, 23.895313497429967, 19.639883937255615, 16.32562950052898, 19.28029235141485, 17.442234915576112, 7.352323760068564, 20.0596477947163], "(3, 1, 3, 2)": [3.1015141113652334, 19.098699332805456, 18.094927969194934, 14.388712559553014, 21.29870498504826, 16.921427586723087, 1.6478564232587813, 19.35192585803701, 24.603529773202926, 18.891024197089937, 30.680764537097172], "(2, 2, 2, 1)": [2.2946435824543236, 0.0, 0.0, 0.872565746307373, 1.8274339336156844, 1.462764622370402, 0.0, 2.669625173247039, 0.0, 0.0, 0.0], "(3, 3, 3, 4)": [8.225507398901716, 0.0, 6.916686993788548, 5.231622607284466, 3.4322466030942795, 1.7676729625463485, 5.296777269080259, 3.56852834039247, 0.0, 2.247286765244603, 0.0], "(3, 4, 3, 4)": [1.6896872806549073, 0.8722236752510071, 0.0, 0.0, 0.8364328145980835, 1.6945413899421693, 0.0, 0.0, 0.0, 0.0, 0.8593111634254456], "(3, 4, 3, 2)": [24.02857530812575, 0.0, 30.849942523963005, 0.0, 54.06602536133008, 25.919497159309888, 33.34498734886723, 35.581193215890906, 21.304598162984064, 2.5706885271161792, 5.136986293528467], "(3, 4, 2, 3)": [28.939902266603813, 19.15877773820978, 6.845641964881435, 11.363565130039792, 6.794474927616351, 12.0158413788558, 6.716419347562385, 26.39392472708938, 18.193050890644436, 4.116850712140389, 3.06652182506798], "(2, 2, 3, 2)": [19.15474544036588, 13.823958556718063, 16.019994329642426, 12.095817272634854, 27.77126707795903, 22.324021124741062, 13.475495627576064, 9.513927722803897, 21.85183553602039, 25.86263555855425, 10.136604288972869], "(2, 1, 2, 3)": [2.581008516269922, 2.5150374388895482, 18.384502982219207, 0.0, 10.961004292279366, 3.3500278649767266, 4.309183408709259, 7.4802180325661425, 25.54203132524547, 0.0, 24.371875489944692],