{"q_values": {"(2, 3, 2, 2)": [27.410670944140524, 29.310265127894986, 28.217581939504655, 27.878207489076694, 30.197759608958744, 31.03427176667684, 26.555039617395543, 28.291166866904497, 28.91188926740979, 27.628896339932105, 25.801043966424313], "(2, 3, 3, 3)": [25.08751115351048, 30.191085865528024, 26.453646432647925, 26.923559805603663, 26.214223394880243, 26.383556749967383, 21.97363566124856, 24.438670633077066, 22.976539191779192, 22.62356903301749, 20.466807488763244], "(2, 3, 2, 3)": [29.574008606193324, 25.237637593590513, 23.47352146479001, 24.464633107378287, 20.447442761585336, 20.64652267015678, 18.63771757644937, 17.826250462275848, 22.053838763986974, 17.71098057409481, 20.800013511971052], "(2, 4, 3, 3)": [17.827093987100533, 13.372723174049034, 14.341981048413611, 16.232744143560037, 17.78919354089792, 11.927352498855429, 5.84847311559538, 4.663601856738719, 8.545572760962166, 4.892536287038329, 2.3125381903139117], "(2, 4, 2, 3)": [14.906439577392337, 30.99181665550886, 17.56333730677235, 18.556040665419623, 19.203493028529454, 21.141316785386827, 16.883638436156197, 9.278227093416636, 15.528534617716712, 10.028785614145354, 14.95926077181926], "(2, 4, 2, 2)": [27.2722836031562, 30.310719089250902, 27.87295600194786, 23.00209333102308, 22.35348070035995, 19.899910578931642, 22.6223252222924, 22.652403817101238, 18.860837131680437, 15.42277383784879, 16.494746794842452], "(2, 1, 3, 3)": [11.535426637919107, 13.010876595744508, 14.444302092258425, 22.253919845664356, 21.654610711139917, 18.070371597874797, 24.010084689254885, 20.421684974138685, 22.154116163216234, 20.923375218812144, 22.34916059736354], "(2, 1, 2, 2)": [4.1150077513934, 3.514304687796318, 6.425001874597678, 9.028578347380238, 5.5667099858585765, 7.504215444085696, 9.260861274866718, 13.732258495197021, 11.813739586288, 11.487647245024919, 16.188627606496762], "(2, 1, 3, 2)": [3.470611148407481, 19.433865894846825, 11.304806960231188, 11.496831148192719, 12.815006075807288, 8.192706102672771, 20.715098936444864, 8.623386438204706, 20.678747614424637, 17.824109227494546, 19.250495473502536], "(2, 2, 3, 3)": [26.421747264900954, 25.6262812951628, 25.9992232968806, 26.699798562921764, 25.152684823843725, 25.615272215049714, 25.554297738370657, 26.060383200632657, 25.080284965920853, 30.469758555547042, 26.641814846631775], "(3, 2, 3, 3)": [30.603630078275696, 27.01877245683934, 26.655817355768797, 26.884551910598134, 27.81493126739042, 26.08731560845837, 26.590624164412876, 29.467508899054586, 25.782012150060204, 28.35612746421484, 26.79786484515498], "(3, 3, 3, 3)": [24.513776907759024, 25.157863734462886, 24.181432430280697, 21.54136654030555, 23.02576267649332, 20.786185055230494, 20.75168765370991, 18.615903332604155, 21.786353375715823, 20.266069018473896, 15.550692974209241], "(3, 3, 2, 2)": [24.366018682822723, 26.24413937159576, 27.18380625188529, 24.82668010755747, 24.428548760055396, 26.600169478007466, 24.906043222681987, 28.540073968423975, 26.703515849850252, 24.332878953929615, 24.933248890002915], "(3, 3, 3, 2)": [34.431363543380144, 19.237228805599266, 27.530767799904133, 30.459858413205556, 27.07038712847574, 18.4285409799995, 34.06673146416952, 25.35923296043725, 32.475739949008116, 17.519035353964934, 35.47801451671703], "(3, 2, 3, 2)": [16.877583247810378, 23.772825527185415, 20.25803898622272, 22.024852198888322, 25.125835061949992, 27.937677766661057, 25.769845904540794, 19.837297105887316, 29.192646243377006, 28.123887698035432, 33.98262515385885], "(3, 2, 2, 2)": [18.725383766807216, 20.171900703532916, 20.364731108025293, 22.5868414643797, 23.373625616672722, 21.388461473731034, 23.27925462201413, 25.956414801657314, 27.753935969460027, 25.162184480318103, 29.835272073030417], "(3, 1, 2, 2)": [1.8400607681199919, 5.799074785354268, 8.420993922818994, 9.392096987979027, 8.652003915205103, 8.144687997740819, 10.169260736699627, 8.944128384625213, 17.745185873929195, 15.630048801421076, 19.301198354153076], "(3, 3, 2, 3)": [27.394488996562, 39.893176010854354, 20.640943235079654, 21.629618746838027, 25.366348185773756, 20.326777136136386, 23.903362187751345, 20.0792356880228, 24.255790709311842, 25.771707427314098, 14.46225629704262], "(3, 2, 2, 1)": [1.795272192955017, 1.7298639714717865, 0.0, 0.0, 0.0, 5.3214853270920495, 0.0, 0.0, 0.0, 3.5575788675005136, 0.0], "(2, 1, 2, 1)": [0.0, 0.847993403673172, 0.0, 0.0, 0.0, 0.8379310369491577, 0.8586075305938721, 0.8681128025054932, 0.0, 0.0, 0.0], "(3, 2, 2, 3)": [33.61647212143846, 18.021197452844124, 43.2022434220699, 25.809366266502753, 22.401925066367134, 26.840748132205505, 28.292705676519688, 28.099109260035867, 32.007322339160524, 28.68740104219591, 20.89688734302809], "(2, 2, 2, 2)": [18.247631619048217, 18.285779424391958, 17.097991589674912, 19.810833403607685, 21.13703559210566, 20.293151160161102, 21.973468659438204, 23.016567537302485, 24.841171702079407, 26.345424708788475, 27.202186399692014], "(2, 2, 2, 3)": [24.45459271958834, 26.08996075008572, 32.307672002408275, 30.186681081668006, 29.696591338802882, 28.638136150802076, 20.965991893257662, 27.245237905711576, 15.84864140960293, 24.16848196273393, 32.92334240894715], "(3, 1, 2, 1)": [0.0, 0.8638166785240173, 0.0, 0.0, 0.0, 0.8744635581970215, 0.0, 0.0, 0.8393478989601135, 0.0, 0.0], "(2, 3, 3, 2)": [38.07794624876749, 12.264245279829709, 42.006658113085095, 12.69715650852628, 10.192381759221815, 35.74703869663321, 21.24434331855676, 20.70757782138221, 17.6960881251946, 39.56673937887285, 28.96006719767753], "(3, 1, 2, 3)": [0.0, 4.131005221556574, 8.961554043334681, 5.1018704802989125, 5.377364040140783, 0.0, 0.8297041654586792, 0.0, 42.80397298059383, 0.0, 34.25778980909009], "(3, 1, 3, 3)": [19.312945867018847, 23.154932662228667, 21.08838917308523, 24.803193437737963, 21.02925510566836, 29.775897344714465, 22.835180746083466, 23.794682975907744, 28.235867935159927, 26.15252727745124, 31.575304516442024], "(3, 4, 3, 3)": [15.476753489096977, 13.292328953398828, 11.541805219376176, 14.05267042414226, 7.029145089462303, 9.461582956999006, 7.664333775126569, 8.72956350030211, 6.25273581891819, 6.791971522567622, 2.9276611511590005], "(3, 4, 2, 2)": [23.543561015453598, 27.570462730106314, 30.413617971629975, 27.846919098263307, 22.918961065074765, 19.854028751292677, 16.0708946144352, 20.4478627039088, 17.271898201787238, 8.613435732121594, 18.411561329134255], "(3, 1, 3, 2)": [2.642317772511657, 17.682949283739447, 22.89886196411239, 12.947387687617795, 17.407057284729856, 14.661737330836662, 15.563165912782637, 24.43603602891117, 22.82610898145873, 21.53076727197947, 29.33209868621418], "(2, 2, 2, 1)": [2.2946435824543236, 0.0, 1.7137831878662109, 0.872565746307373, 1.8274339336156844, 1.7564349277734757, 0.0, 2.669625173247039, 0.0, 0.0, 0.0], "(3, 3, 3, 4)": [8.225507398901716, 0.0, 6.916686993788548, 5.231622607284466, 3.4322466030942795, 1.7676729625463485, 5.296777269080259, 3.56852834039247, 0.0, 2.247286765244603, 0.0], "(3, 4, 3, 4)": [1.6896872806549073, 0.8722236752510071, 0.0, 0.0, 0.8448725044727325, 1.6945413899421693, 0.0, 0.0, 0.8475340604782104, 0.0, 0.8593111634254456], "(3, 4, 3, 2)": [24.02857530812575, 0.0, 30.849942523963005, 5.970599164283705, 30.834816097132286, 19.403132012372787, 21.266414802537795, 35.581193215890906, 14.480549421850318, 2.5706885271161792, 5.136986293528467], "(3, 4, 2, 3)": [30.944195114933372, 19.803945470024058, 6.845641964881435, 16.780237560800693, 8.589428595318527, 14.997091281119353, 6.716419347562385, 19.571065265501947, 16.123541435891493, 8.456778012436171, 3.06652182506798], "(2, 2, 3, 2)": [16.790848116662534, 13.02710600073509, 25.20548727593073, 12.095817272634854, 24.529452852484685, 23.558874470777823, 15.976435288352603, 32.29688583304209, 20.426715684072352, 22.11196715598357, 14.522896712337388],