{"q_values": {"(2, 3, 2, 2)": [29.579580132543718, 31.719677088224515, 31.283974542569982, 30.51475087786332, 31.523671374348098, 34.70746863733621, 29.93943761925945, 30.652369639442743, 31.887026617361855, 31.291945911546392, 28.284846274185593], "(2, 3, 3, 3)": [28.35329585806043, 31.77595726487742, 29.05222275971697, 30.68366742681625, 26.49522103194762, 27.051912979927717, 23.102206613308546, 27.50053161346005, 23.723144176492795, 22.478472052812293, 23.07305360631669], "(2, 3, 2, 3)": [33.112821897310496, 29.54052051116946, 23.93175951152509, 27.92677475514245, 24.450967904861596, 23.724603281740663, 22.12229043596029, 21.87576520951141, 26.51219618634045, 23.07649164811338, 21.368141195659717], "(2, 4, 3, 3)": [20.134527258041192, 14.343939406284314, 13.964466144258454, 16.416674515482363, 18.754366665346193, 14.810465731700203, 8.319727301113314, 7.186927088544107, 8.859527772513347, 5.100726591541061, 3.202887237723434], "(2, 4, 2, 3)": [16.677777951405766, 32.5464564007024, 20.4174804890762, 19.550600746814425, 19.203493028529454, 20.17562802238106, 16.40975281859636, 8.50076780848317, 12.878296369129941, 14.474046317355869, 19.088446636711666], "(2, 4, 2, 2)": [26.551728646824653, 32.04575136022154, 29.584836397377437, 29.35349931717894, 25.393017167013227, 24.22241429273218, 24.584724127980216, 24.56407270178945, 21.950661292679726, 17.461132139180197, 17.304912107417543], "(2, 1, 3, 3)": [11.535426637919107, 13.903643115752368, 14.444302092258425, 21.76079704763848, 23.172979944414653, 20.675398556277283, 24.49790166347552, 21.89892110966148, 22.56464344795041, 22.704092715619336, 25.78115481348354], "(2, 1, 2, 2)": [3.983682105160641, 3.9406997425160726, 7.230043156993757, 12.235313891163171, 7.196274226015236, 8.880406107983632, 9.465534866079256, 13.941389560046197, 11.321102191227475, 13.373041071729746, 18.13332198296626], "(2, 1, 3, 2)": [3.363467366052488, 16.89383537894656, 15.967496088027884, 11.496831148192719, 12.815006075807288, 11.849337472211307, 21.044222221691722, 9.497760362625753, 20.678747614424637, 17.824109227494546, 22.588758181776118], "(2, 2, 3, 3)": [26.936477529391304, 28.5013690762498, 29.875067192510755, 26.245318795361626, 28.501451337128234, 27.885973506163378, 27.76739892789793, 28.458251712444383, 26.426001170165822, 31.30976287911631, 27.142922662644615], "(3, 2, 3, 3)": [31.383992058740336, 27.65326308287374, 28.275256799067606, 28.087631518510833, 29.00143759713939, 27.579594687665878, 27.67527227302698, 29.856692292223823, 27.618704339878764, 29.218195335525223, 27.556192616607866], "(3, 3, 3, 3)": [24.4981916083697, 25.46152518357686, 26.48228341995609, 23.23732918211105, 22.557466146320895, 21.170917214960454, 21.809739681672134, 20.050414627859436, 22.266891594280892, 19.430044926423204, 16.37672148868946], "(3, 3, 2, 2)": [24.574377459727334, 27.307201116723398, 28.320668902071017, 26.571972294889303, 27.174880997377755, 27.6906284224343, 27.331147595714565, 30.29071649649756, 28.022675049786535, 27.480225809003365, 25.226417913522972], "(3, 3, 3, 2)": [32.575312415527435, 25.716871384972773, 29.09669485666636, 31.077537678959537, 26.80890896395243, 18.4285409799995, 33.0071366409369, 24.450959441565942, 32.21822959801075, 17.41682079257554, 32.72111788203294], "(3, 2, 3, 2)": [17.121677922166313, 22.785032919400816, 21.786805155049876, 23.841921914669275, 24.58773739023269, 28.355826786092685, 25.056157053956216, 21.41451630295286, 30.59129920362175, 27.15133005857199, 30.672313460223222], "(3, 2, 2, 2)": [19.387392691999914, 20.8850719772952, 21.436330297055534, 22.860652867257933, 24.29736236672531, 22.85858031576337, 24.78240944420221, 26.466600074798453, 28.051111208936117, 26.845195681715587, 30.10523592430055], "(3, 1, 2, 2)": [1.9805784415016687, 5.738721720074187, 8.17714827450026, 9.796143094409006, 7.820028308974956, 9.075740406812416, 13.717691174319562, 9.478016262418377, 17.248125026746763, 19.881067360227426, 19.000882623302044], "(3, 3, 2, 3)": [27.38692956291273, 36.5989667284204, 20.14963218687435, 21.008931911989297, 29.920293037512952, 21.428107350785606, 23.354814114201098, 22.54906035122252, 27.93840331501392, 23.48917956794703, 14.267909596567945], "(3, 2, 2, 1)": [1.795272192955017, 1.7298639714717865, 2.6420119802355764, 0.0, 0.0, 5.3214853270920495, 0.0, 0.0, 0.0, 3.5575788675005136, 1.7256178438663483], "(2, 1, 2, 1)": [0.0, 0.847993403673172, 0.0, 0.0, 0.0, 0.8379310369491577, 0.8586075305938721, 1.2913268265128135, 0.0, 0.0, 0.0], "(3, 2, 2, 3)": [36.55724709245022, 22.455087318053643, 45.568255361371996, 36.18401335009057, 31.253327211681714, 26.840748132205505, 28.292705676519688, 28.099109260035867, 33.59804935042178, 26.567510024658365, 35.356145364900165], "(2, 2, 2, 2)": [20.160324452435166, 20.829874929789128, 20.96119942603509, 21.965184376298435, 23.603691309688635, 23.431377486157526, 25.030182896374498, 23.505504191519538, 26.936864246543404, 28.62583200925324, 29.674657548928295], "(2, 2, 2, 3)": [31.305536494519835, 30.25058157279853, 37.849310780536925, 34.77964120307588, 28.45880465954245, 30.45493513824364, 21.783048754909675, 29.807928844817795, 15.309953047583154, 26.486117986442903, 30.738868179783935], "(3, 1, 2, 1)": [0.0, 0.8638166785240173, 0.0, 0.0, 0.0, 0.8744635581970215, 0.0, 0.0, 0.8393478989601135, 0.0, 0.0], "(2, 3, 3, 2)": [36.19662510572675, 12.264245279829709, 45.312391821964965, 45.20968155272974, 26.052907459583082, 35.74703869663321, 27.44012112426789, 20.70757782138221, 24.304230262548412, 39.56673937887285, 35.66341167706182], "(3, 1, 2, 3)": [0.0, 4.131005221556574, 8.961554043334681, 5.1018704802989125, 5.377364040140783, 0.0, 0.8297041654586792, 0.0, 29.678393318032384, 0.0, 34.25778980909009], "(3, 1, 3, 3)": [18.315819331479254, 21.96129370756829, 22.29190028854419, 24.85077472377689, 20.589540081058125, 28.696130577182927, 25.164813591374692, 26.22680581515881, 28.59454642762757, 26.632122570896836, 31.425301341482836], "(3, 4, 3, 3)": [13.483093478640145, 13.526915844019879, 11.816704860141009, 13.839164928874728, 9.048303382294431, 8.947928015234726, 7.673513940985763, 8.402527321765024, 6.007768725070899, 6.950089740066187, 3.153407984882193], "(3, 4, 2, 2)": [26.164695769240527, 33.642860133189885, 28.11884832247001, 33.40597281431046, 22.831048153992082, 23.13922763099196, 16.11439161418196, 22.17903249499571, 19.09446401333069, 12.405535787589535, 17.04439386881148], "(3, 1, 3, 2)": [4.611252819484029, 14.854286288403804, 13.881689433385207, 11.525047918214215, 19.86943951104915, 13.40056052438963, 15.235104974968177, 22.96100102965673, 22.82610898145873, 21.53076727197947, 28.638469856161773], "(2, 2, 2, 1)": [2.2946435824543236, 0.0, 1.7137831878662109, 0.872565746307373, 1.8274339336156844, 1.7564349277734757, 0.0, 2.669625173247039, 0.0, 0.0, 0.0], "(3, 3, 3, 4)": [7.719542063264109, 2.625020308685303, 6.916686993788548, 5.231622607284466, 3.4322466030942795, 1.7566261461377144, 5.296777269080259, 3.56852834039247, 0.0, 2.247286765244603, 0.0], "(3, 4, 3, 4)": [1.6896872806549073, 0.8722236752510071, 0.0, 0.0, 0.8415311376253763, 1.2722325599193574, 0.8366787433624268, 0.0, 0.8475340604782104, 0.0, 0.8593111634254456], "(3, 4, 3, 2)": [24.02857530812575, 0.0, 30.849942523963005, 5.970599164283705, 22.864289385159367, 19.403132012372787, 21.266414802537795, 20.821315219299237, 13.22403504379612, 18.83409636296597, 7.863876881063389], "(3, 4, 2, 3)": [34.70915932529853, 24.765888412515295, 20.975351318319333, 15.988503804649413, 9.576459522602038, 19.808406635849806, 6.684146108139949, 19.571065265501947, 13.966944381477829, 8.166812949162559, 3.137186705770578], "(2, 2, 3, 2)": [16.790848116662534, 13.02710600073509, 27.26029530571702, 25.293256766192698, 29.308221610124814, 23.558874470777823, 23.127377505880844, 41.79134134118081, 20.380723205281697, 22.11196715598357, 21.58923662972357],