{"q_values": {"(2, 3, 2, 2)": [32.14727811406965, 34.032293930326425, 34.02914754099979, 33.751007295588764, 35.130348358066385, 36.45340516042686, 33.28382434140114, 33.8562747702996, 33.67958318153347, 33.78008042653853, 31.374810374673853], "(2, 3, 3, 3)": [30.105757119070297, 33.653817355373505, 30.105385406428173, 33.291883146285976, 28.14678623989232, 28.49204635315761, 25.264640345185864, 29.73470785477368, 24.847913292619186, 22.749742339037475, 23.734099831582792], "(2, 3, 2, 3)": [37.33083148985972, 37.45161830139226, 29.246419864404924, 33.80286156254188, 30.859071383444835, 27.520988704405, 27.17627588577662, 27.21806412348471, 27.31670765501645, 25.0792938759157, 22.73869872974531], "(2, 4, 3, 3)": [21.673140055619825, 15.18616466894099, 15.073394815494304, 17.295792188430436, 19.59124127113858, 12.787457222549904, 10.015846820036998, 9.024831277245767, 11.434113965114525, 4.532355308080515, 4.937832143472333], "(2, 4, 2, 3)": [21.100674477468687, 31.872399498272696, 21.728479950862706, 22.033077785499927, 21.62046815880207, 21.30863339931495, 19.03788855758587, 9.914368069240432, 12.490053300584732, 18.870951969069694, 16.421686200552024], "(2, 4, 2, 2)": [29.85717486273128, 33.6971086810128, 32.10152531109678, 37.65890404252777, 29.301940546419274, 26.565844817268005, 29.665435548305844, 28.15211158808797, 25.203260380300208, 20.613335536885927, 18.25025624919079], "(2, 1, 3, 3)": [20.518606898984064, 16.898129945321543, 16.35972427127394, 27.06890269292154, 24.053267119387982, 27.310735336924978, 28.10870204718785, 21.584187330854352, 32.20149569212471, 24.497112693434882, 28.866395698325242], "(2, 1, 2, 2)": [5.649840155919488, 3.6947667013168326, 6.850452750720989, 14.553942893488745, 9.85098744385062, 11.792960464710987, 13.091289849272208, 14.842762020930216, 12.834231186497087, 15.14267107263447, 20.707619347537587], "(2, 1, 3, 2)": [3.4475258365032864, 17.414370225584104, 26.095594309540342, 10.344213663361444, 18.974010233255918, 14.186254029715855, 20.593768959865514, 10.338881695108086, 27.24876012488018, 17.824109227494546, 20.349252133175078], "(2, 2, 3, 3)": [29.476207334468295, 29.46398357259521, 32.35753823973818, 29.159406523674907, 31.313402050277617, 29.341799066486423, 29.988265675403497, 29.229041147996647, 29.01547340015509, 32.60671063787252, 29.072065103553772], "(3, 2, 3, 3)": [32.69009193942106, 29.68168091912387, 31.468082284070665, 30.628072761085896, 31.30780707108835, 29.34802392876311, 30.345334517401138, 33.74199015390939, 30.350467063075193, 31.88429852654777, 29.402760240249233], "(3, 3, 3, 3)": [27.4943196745816, 27.282990425330684, 28.58632031559852, 24.928322252388522, 23.918953981277472, 23.759540484738473, 22.481218763257967, 22.940668133288394, 22.92604989593593, 19.42242050545148, 18.651956541959365], "(3, 3, 2, 2)": [27.599086436171827, 29.19823852861615, 30.689225784506352, 29.42782057831606, 29.258315370449534, 32.73435855194001, 30.230472953714543, 32.10247130475481, 30.687253626290968, 31.982036152781625, 26.66944871691134], "(3, 3, 3, 2)": [37.75431720677985, 31.953901392395313, 30.074529202594984, 35.26060382340003, 30.7472543106492, 25.69365321665637, 33.580964854356765, 33.161259922077825, 32.94281996836911, 17.927568485760695, 27.772426012085194], "(3, 2, 3, 2)": [21.016050252138392, 24.64826454789368, 24.83412215881584, 23.688738026462154, 26.58955075095375, 29.11732995533334, 26.065916252873453, 24.155850226210582, 34.01835073319673, 35.08133534216498, 33.03982554492926], "(3, 2, 2, 2)": [21.510670581261085, 23.075931138896213, 23.71401302409044, 25.691377146877663, 26.943241295017685, 24.33062301076026, 25.718122808583274, 29.378159129253437, 30.050669710547066, 29.604424079234395, 32.25118800763565], "(3, 1, 2, 2)": [1.887374841055166, 5.423116103465302, 8.121805418811721, 9.568419524420289, 9.212876227862463, 10.277166251569511, 14.69112405423508, 11.29762422018918, 20.460878337777327, 21.787988763107702, 19.30815536201264], "(3, 3, 2, 3)": [29.4456213332975, 40.74036335962659, 26.668224244754025, 26.276784357283457, 40.225164359047014, 28.21791832670597, 22.64948846968246, 26.57257240231022, 29.39284485914976, 23.88585472171459, 24.00481457547468], "(3, 2, 2, 1)": [1.795272192955017, 1.7298639714717865, 2.6420119802355764, 0.0, 0.0, 3.546490491731583, 0.0, 5.242257649388122, 0.0, 3.5575788675005136, 1.7256178438663483], "(2, 1, 2, 1)": [0.0, 0.847993403673172, 0.0, 0.0, 0.0, 0.8379310369491577, 0.8586075305938721, 1.2913268265128135, 0.0, 0.0, 0.0], "(3, 2, 2, 3)": [36.55724709245022, 20.674101873168997, 50.69942466710637, 37.41303662001178, 30.899453508351833, 30.056124890710763, 28.292705676519688, 25.52198711501313, 33.59804935042178, 24.65263251325335, 35.356145364900165], "(2, 2, 2, 2)": [20.799113461008552, 22.743248287945836, 23.16890463800061, 25.153683224724983, 25.9554662581704, 26.324862307478046, 26.61388571725139, 25.52231447351792, 27.09585750661193, 30.27172664381119, 31.24926534556296], "(2, 2, 2, 3)": [26.03336958146301, 34.67120157726812, 38.63239038975589, 34.78590734826982, 28.70894021432681, 33.12651433681706, 26.914459685241344, 31.663405598776954, 23.45066961171653, 34.38108920466261, 30.830842477731867], "(3, 1, 2, 1)": [0.0, 0.8628968000411987, 0.0, 0.0, 0.0, 0.8744635581970215, 0.0, 0.0, 0.8393478989601135, 0.0, 0.0], "(2, 3, 3, 2)": [39.33140086100885, 12.264245279829709, 39.068959668220856, 50.610535395350375, 31.971764272401735, 41.05680256103679, 31.264065398709615, 21.318605321471292, 24.304230262548412, 39.56673937887285, 36.72484590333155], "(3, 1, 2, 3)": [0.0, 4.131005221556574, 8.961554043334681, 5.1018704802989125, 5.377364040140783, 0.0, 0.8297041654586792, 0.0, 29.678393318032384, 0.0, 30.844389558092924], "(3, 1, 3, 3)": [23.438296492980783, 24.191556948913096, 25.124570132488724, 26.805199399468822, 23.981518169540777, 26.793155481558216, 26.50752589544172, 27.440937719872306, 27.84914118382417, 25.666222181376313, 31.636712319411473], "(3, 4, 3, 3)": [14.280497948993855, 14.017694137347808, 14.438406506729633, 16.062567453899216, 9.897170734139609, 10.552590985587312, 8.490467512342459, 7.893956860580901, 6.965038124881418, 6.156141063961048, 3.0908044282310683], "(3, 4, 2, 2)": [28.769692151847416, 35.959959791673704, 29.70863269491747, 38.67872331087601, 25.83909714673387, 29.506001358707366, 19.661215624446044, 24.404652435567293, 23.394739328039734, 13.143293506347906, 19.755716290729378], "(3, 1, 3, 2)": [6.213383208928558, 19.935055672671275, 20.760462673285627, 11.12800737290261, 18.51254939596214, 18.760381307035512, 14.535409563819224, 22.727395467686037, 25.01103234531684, 26.427246838597508, 31.636484758391262], "(2, 2, 2, 1)": [2.2946435824543236, 0.0, 1.7137831878662109, 5.188243744705558, 1.8274339336156844, 1.7564349277734757, 0.0, 2.669625173247039, 31.497272926910448, 0.0, 0.0], "(3, 3, 3, 4)": [7.719542063264109, 44.946609460115816, 6.916686993788548, 4.071303479985184, 3.4322466030942795, 1.7566261461377144, 4.422687797510609, 3.56852834039247, 0.0, 2.247286765244603, 0.0], "(3, 4, 3, 4)": [1.6896872806549073, 0.8722236752510071, 1.6971953678131104, 0.0, 0.8415311376253763, 1.2722325599193574, 0.8366787433624268, 0.0, 0.8475340604782104, 0.0, 0.8593111634254456], "(3, 4, 3, 2)": [24.02857530812575, 35.78308663534044, 21.241046525394516, 5.970599164283705, 22.864289385159367, 19.403132012372787, 18.32552974004132, 14.156585786273904, 13.22403504379612, 15.58134226483557, 6.0692473264220075], "(3, 4, 2, 3)": [37.1092124573628, 24.440556523112267, 32.21463846563564, 15.501565184002708, 18.374163974094024, 19.808406635849806, 8.119253744248496, 21.55598286965077, 16.872643043399478, 8.166812949162559, 4.208273146882116], "(2, 2, 3, 2)": [19.75312801908425, 15.424268863483562, 25.639373049094083, 25.293256766192698, 27.74364792963839, 22.675424376562564, 22.758340654622913, 42.6375858079726, 23.126436077408123, 24.366719780218805, 22.55226833064095],