{"q_values": {"(2, 3, 2, 2)": [35.81058380990597, 37.335130606227004, 36.60617083981091, 36.62492789353488, 38.1717205880054, 39.167384868982154, 36.91930069817832, 36.139392664974665, 35.8534105494387, 35.57250191165498, 31.469927633728272], "(2, 3, 3, 3)": [34.101099290659285, 36.757029791807106, 32.77506499022768, 35.23262171006622, 31.09212835410851, 32.282063262577026, 28.3763502647675, 30.20453396454948, 27.939462068073404, 24.933525564925187, 24.986290445502252], "(2, 3, 2, 3)": [38.39430174959251, 37.67471355738808, 31.439406815153568, 35.85388653969763, 30.527350208753443, 30.54251876897407, 29.480683578580688, 30.35627626556907, 28.267382524277075, 24.290762502925773, 24.695723016608355], "(2, 4, 3, 3)": [21.80529405042844, 14.860989240864754, 15.522024009766627, 16.15977665097821, 19.002420427898148, 11.773044875943679, 8.847832237734904, 10.616676613619182, 11.123801986929598, 4.661946932683201, 6.463834874831937], "(2, 4, 2, 3)": [20.14626833275641, 29.69214421561526, 23.36389455483354, 23.14692981726591, 22.611204898665004, 18.52910046786412, 17.264149075926465, 13.527632856308932, 14.670643672600113, 14.810045732197628, 13.542896058757481], "(2, 4, 2, 2)": [30.07556599848622, 33.769045330777466, 32.58610421735074, 35.18530524205535, 30.352812754909596, 24.55256600541251, 27.78428766571026, 27.49329192376532, 25.40643220805492, 21.860270731069424, 17.168372771539374], "(2, 1, 3, 3)": [23.772121645910623, 21.0140319422438, 19.186829306152696, 28.09661116186594, 25.6789722394914, 29.930191155480323, 31.132637652389462, 26.97547247128775, 34.975423095667125, 28.090451690152474, 30.120596632492198], "(2, 1, 2, 2)": [5.579336184718871, 4.594029862436424, 7.84317539517131, 15.471407668242257, 10.068908828040557, 13.9072580182462, 15.124250034680205, 15.583128070101976, 13.323620840356991, 17.143188361048285, 22.786703628583915], "(2, 1, 3, 2)": [6.060002013040097, 18.651270791156815, 26.169222754483044, 20.011463807840393, 18.101292994672306, 26.66687046789062, 22.375975010298802, 11.736853931102436, 31.516658651251642, 17.173477187629032, 26.19117190474549], "(2, 2, 3, 3)": [33.06557435760641, 31.425293048911186, 36.06681291724013, 32.93416369232113, 34.271759609074785, 33.48447702096404, 33.427330788447904, 31.833375312635432, 32.861105938753546, 34.63868422058434, 31.45646096069306], "(3, 2, 3, 3)": [34.13152237503473, 33.9401893603923, 35.15041936583209, 32.634798396848566, 35.53926503452567, 33.41761286195127, 35.16868234580857, 37.633865866461726, 33.40983292133377, 35.375422043034206, 34.73305520074231], "(3, 3, 3, 3)": [32.2764385465167, 30.37134218212639, 32.555836305557314, 27.49093820194811, 28.840344536915165, 27.218403837852378, 26.9301497289092, 25.781211014532804, 27.825348538668997, 22.611570216747417, 21.4639497071624], "(3, 3, 2, 2)": [33.89697061956732, 32.68784973554332, 35.05123683758678, 33.45412277602074, 33.84111947725273, 38.65715155461616, 33.62636215949992, 35.20577554079452, 35.33070711984522, 35.41263501948015, 31.88482657470121], "(3, 3, 3, 2)": [43.23273833527405, 39.11761861246397, 37.48499825714455, 47.78967554316657, 35.32704023820079, 29.805074255065392, 36.49801628819814, 37.70166905948309, 36.73743800379701, 25.822897671890203, 36.763440571884985], "(3, 2, 3, 2)": [25.186654575572373, 27.222022500292404, 29.926866035396916, 25.911352189792737, 26.56125166861002, 29.484337973457198, 27.088658873644082, 29.514837636991412, 36.47131078373033, 37.646797017808346, 33.94748783901806], "(3, 2, 2, 2)": [22.4610296742358, 27.718572267216746, 25.841079092230604, 28.742316880637087, 31.583311464619076, 29.001350338076037, 29.820177376161425, 32.815976887507176, 33.65554432222279, 33.50667540351064, 35.496325381722905], "(3, 1, 2, 2)": [1.8400808153052546, 5.009533149543575, 11.279929824978831, 8.713654776536808, 10.221576060167365, 13.296485456406836, 16.660746361278676, 13.691762183915023, 22.297145392895995, 28.095437031977408, 21.28022956026531], "(3, 3, 2, 3)": [34.26482803448125, 42.729608662750344, 30.681444439971166, 27.02660944345592, 42.55544938317634, 29.368315321005472, 25.92725442097967, 32.34910997560691, 32.04903415396609, 29.965789208485994, 24.27391259314928], "(3, 2, 2, 1)": [1.795272192955017, 1.7356753414869308, 2.6420119802355764, 0.0, 1.7511951816082, 3.546490491731583, 0.0, 3.4821596876214977, 0.0, 9.589222037750528, 1.7256178438663483], "(2, 1, 2, 1)": [0.0, 0.847993403673172, 0.0, 0.0, 0.0, 0.8379310369491577, 0.8586075305938721, 1.2913268265128135, 0.0, 0.0, 0.0], "(3, 2, 2, 3)": [36.55724709245022, 26.03744526816275, 54.78655170342937, 39.99745898348838, 39.29128244923114, 39.615797930357424, 28.292705676519688, 23.993233314108885, 39.08630203489832, 30.131153690469517, 36.21001958761664], "(2, 2, 2, 2)": [25.35581251784868, 25.96303438299346, 26.204643168784187, 28.503972051966528, 29.28327466640976, 29.84033208587398, 28.99597367884485, 28.5308851782113, 31.196584844516977, 32.724731633856436, 34.43828311422764], "(2, 2, 2, 3)": [30.73981864493503, 34.7080614410391, 40.829594343490456, 33.87008953082423, 31.182953483951398, 35.248765215419404, 29.28412781621, 36.802185450324465, 31.84385908443313, 34.172773039795544, 32.48467434163647], "(3, 1, 2, 1)": [0.0, 0.8628968000411987, 0.8478768467903137, 0.0, 0.0, 0.8590636253356934, 0.0, 0.0, 0.8393478989601135, 0.0, 0.0], "(2, 3, 3, 2)": [41.34201042161512, 18.606228434857478, 43.49579849053651, 51.60195498175843, 31.971764272401735, 45.622630056243146, 42.25319070037671, 24.90487670908209, 35.60274298949211, 46.375539440205735, 34.08665505718039], "(3, 1, 2, 3)": [0.0, 3.7697895892957, 45.972439419779015, 5.1018704802989125, 5.377364040140783, 0.0, 0.8297041654586792, 0.0, 42.965671106200645, 0.0, 41.170264871345864], "(3, 1, 3, 3)": [24.811919530995684, 27.263621740522968, 25.303536522768308, 27.040844206212007, 27.732870534608445, 31.11429300673083, 28.168722590923842, 32.32531921910603, 29.04792160103923, 27.46395689027497, 36.1624905653629], "(3, 4, 3, 3)": [15.524862008739206, 16.928992049677536, 16.394941925629457, 17.201337987381812, 11.79982833503359, 11.159079693521026, 9.978232416017317, 8.616155659765495, 7.906056883950662, 6.344740794415718, 3.680726020077547], "(3, 4, 2, 2)": [33.313763938518235, 37.86191557463519, 30.779436550515094, 39.94024243683637, 29.811045824053245, 33.36177891663849, 24.229013135843385, 24.81758395347673, 27.0366477322147, 19.071421351032456, 22.535229230074307], "(3, 1, 3, 2)": [5.760803734135895, 21.693509412315347, 23.285243223115916, 11.12800737290261, 18.140035587846025, 21.600859871991236, 14.634178263212153, 23.132743087784743, 27.506422634009745, 28.094618851306628, 31.809292868957456], "(2, 2, 2, 1)": [2.2946435824543236, 0.0, 1.7137831878662109, 5.188243744705558, 1.8274339336156844, 1.7564349277734757, 4.407838768330015, 2.669625173247039, 38.359456122691476, 0.0, 12.672883028187872], "(3, 3, 3, 4)": [7.368361906021847, 36.49257711693079, 5.2333125266695655, 17.127095662739755, 3.4322466030942795, 1.7566261461377144, 4.422687797510609, 3.56852834039247, 0.0, 2.247286765244603, 3.623811989893317], "(3, 4, 3, 4)": [1.6896872806549073, 0.8722236752510071, 1.5295621478557586, 0.0, 0.8415311376253763, 1.2722325599193574, 0.8366787433624268, 0.0, 0.8475340604782104, 0.0, 0.8593111634254456], "(3, 4, 3, 2)": [24.02857530812575, 41.7738309826099, 31.821003617431074, 5.970599164283705, 30.137490793134674, 27.628789131636776, 26.37184649708191, 14.156585786273904, 20.89933458513977, 22.87513979233138, 6.0692473264220075], "(3, 4, 2, 3)": [39.32319126235995, 27.54863095651094, 34.00150210419421, 19.99354625460516, 23.467771692639793, 24.61704889087862, 10.311916427461329, 25.801198138345054, 15.18110162400738, 16.661271168930543, 4.591486698555663], "(2, 2, 3, 2)": [35.89991920505475, 17.132913718444545, 33.58242709579841, 45.575367624095854, 29.946182191644787, 23.00083722353417, 20.876356852858397, 39.862795977809675, 26.47025523666195, 40.135712563279036, 28.26008828661647],