{"q_values": {"(2, 3, 2, 2)": [1.873562734835924, 1.9069004784870944, 1.926861413148458, 1.9269403308841488, 1.9352171169914554, 1.9266306674716644, 1.9095583233119422, 1.906139633028024, 1.9216469373467713, 1.87000204853521, 1.8863727157270604], "(2, 3, 3, 3)": [1.8382886863319818, 1.8712962668617457, 1.7709489290686928, 1.7918659894284201, 1.8077044874897028, 1.8460417972523862, 1.8647646378704774, 1.7715180989487853, 1.8354953113684043, 1.767624945736317, 1.6311788546187838], "(2, 3, 2, 3)": [1.6667203039279626, 1.4695057333047528, 1.836740629906771, 1.4389356384123344, 1.2300513523181524, 1.200378424615501, 1.2129332852677162, 1.145127631900589, 1.5155567891626065, 1.8031011144506304, 1.5564335123157762], "(2, 4, 3, 3)": [1.212511071995112, 0.7410075960904591, 0.9298713218974831, 0.7613394304513603, 0.9395960717908958, 0.6591651537214667, 0.7832340407238592, 0.8890204840926134, 0.27550816721379473, 0.4918187480427841, 0.962116055580494], "(2, 4, 2, 3)": [0.988439967268827, 1.2960242372063722, 1.602058017502609, 1.133589585362419, 0.9109520818917349, 1.0073246232972863, 0.9129218461426125, 0.8488713108883885, 0.6711745527272953, 0.9081098744348054, 0.33872309166796233], "(2, 4, 2, 2)": [1.6132383716693615, 1.5934250133143733, 1.5839587571093903, 1.508675862531275, 1.570800325014186, 1.6095766260541604, 1.4949543083747887, 1.3754799459668998, 1.369676122172381, 1.4045347748451504, 1.317528214144356], "(3, 2, 2, 3)": [0.8396858068750729, 1.1871048648201874, 0.8550993254357901, 1.6950663730872375, 0.6151562155944124, 0.7136872349151282, 0.6971118910554965, 0.9846302558432252, 1.1611167886439808, 1.3570545243748016, 0.8997978388435606], "(2, 1, 3, 3)": [1.4080596155985678, 1.3919268384141281, 1.523818090892568, 1.6229232622262906, 1.6727298156229604, 1.7214865384806282, 1.6948584034668999, 1.7071955162303862, 1.7262767988248882, 1.7873280355244758, 1.7591137054869626], "(2, 1, 2, 2)": [0.5453664822319939, 1.155293551569488, 0.7721976022386094, 1.0355806027667604, 0.8739425121662019, 0.9535533063939823, 1.0785289070612538, 1.0001479370210935, 1.2240371422834389, 1.020191930873393, 1.3930803817128754], "(3, 3, 2, 3)": [1.1630518900488482, 1.3357316526952117, 0.9823465086261828, 1.1702445311023963, 1.1584815160064938, 1.066230905609283, 1.4565409839711276, 1.5456236323822552, 1.7643925148583572, 0.7403572445752273, 1.0513798345800927], "(3, 3, 3, 3)": [1.8202237165519828, 1.8384415229652527, 1.8014874848816282, 1.8095327611734329, 1.8430119802780875, 1.8164940521861463, 1.8177337011385344, 1.750014234101836, 1.7912288921679231, 1.766999779943264, 1.7550194269220445], "(3, 4, 3, 3)": [0.732487696402883, 0.7613863270879575, 0.36858177548037424, 0.7116824555889769, 0.6953613150189588, 0.7033542833716817, 0.9490460528678962, 0.7658640517789284, 0.6606766316995538, 0.6561882570040147, 0.7674704314132912], "(2, 4, 3, 2)": [0.6817353933382607, 0.41059869969969887, 0.19280751325626716, 0.2371599615748596, 0.0, 0.2067703869374707, 0.24238117985056232, 0.4180142753049079, 0.13528836296091612, 0.11304626952920488, 0.12081513646438467], "(3, 2, 3, 3)": [1.9390357665508249, 1.9302976312926732, 1.927333029850226, 1.9329671275162041, 1.9365875187328836, 1.9440215557003468, 1.934866224896747, 1.949664280550384, 1.9402896610088758, 1.94870810949613, 1.927192502133119], "(3, 3, 3, 2)": [1.7042416435113792, 1.4450677493796416, 1.5287321734824975, 1.8022285660142332, 1.5602998890992867, 1.539740549045292, 1.6049165696408567, 1.8421124034136387, 1.5898451863638527, 1.6055130155461712, 1.611899390145691], "(3, 3, 2, 2)": [1.8706491788815127, 1.838892954059941, 1.9421705789721528, 1.929053649730446, 1.9342662440493485, 1.9231046038908106, 1.9238117802985093, 1.9291881997144642, 1.8890012496214637, 1.863336437755782, 1.8552097989830374], "(3, 2, 2, 2)": [1.9077298802624094, 1.890695176607492, 1.8207251505706403, 1.8837643348994924, 1.8627302140834643, 1.85320478953046, 1.8861360580732605, 1.9138099829470527, 1.8862247283732456, 1.9006959859181498, 1.8938959341397572], "(3, 2, 3, 2)": [1.770461587088823, 1.7026077977217868, 1.8365596916397502, 1.6948451357330623, 1.8301881677532177, 1.658491270795956, 1.7463565223219804, 1.6840150899920254, 1.8067411801586348, 1.929359637390971, 1.781572401304477], "(3, 1, 2, 2)": [1.0904602408196717, 0.9415715062020893, 0.8225174201379108, 0.96155418584484, 1.2393969300701004, 0.8294213231886027, 0.8539322051296214, 0.8903028193054425, 0.9986313605012465, 1.1133752330923905, 0.8929621266149743], "(3, 1, 3, 3)": [1.4433504289207202, 1.4878616344235582, 1.6554713778298935, 1.565069109118005, 1.7083791068358356, 1.7046699708213555, 1.733832877481636, 1.757375512074114, 1.7952491955609196, 1.7276012804067218, 1.7250732097625858], "(3, 1, 3, 2)": [0.7905776997221505, 0.45543418856257273, 0.9868484464183883, 0.9483185727940453, 0.6609429201959431, 0.9582904434168255, 1.064570471914847, 1.134700864773323, 1.1204060285459998, 1.0735819466811645, 1.5821951556240983], "(2, 2, 2, 2)": [1.8434400809941343, 1.8311209268832978, 1.817586663105208, 1.7771275348648676, 1.7875851376972316, 1.8154733096940712, 1.8177159714928106, 1.8515039140955896, 1.851501517861953, 1.7966897118794345, 1.8998347515024703], "(2, 1, 2, 1)": [-0.4732149704792884, -0.19744257126344125, -0.34357380208134003, -0.10452647303910555, 0.06524509186450118, 0.06479394345234182, -0.33696736853204745, -0.2227574348449707, -0.20258657264500474, 0.006537775653542188, 0.16144476685462247], "(2, 2, 3, 3)": [1.8415061132937167, 1.8916977317625403, 1.894328547799075, 1.9078238826530083, 1.8916182050369907, 1.9301771172720468, 1.9354931615105886, 1.9360065759936889, 1.9347141065184568, 1.8580891845428698, 1.880709116332992], "(3, 2, 2, 1)": [0.0, 0.18971376361500386, 0.12173477791094395, 0.1966204562488138, 0.0, 0.3139786506934691, 0.7879675849330211, 0.3273472317907491, 0.1892952966723189, 0.2784577099374284, 0.29025470249449703], "(3, 4, 2, 2)": [1.7498790454796802, 1.6775831339224707, 1.6358053120369203, 1.6365951507654641, 1.6732660310686123, 1.65617662241063, 1.6115965448433558, 1.528573826658236, 1.48321498947117, 1.3053422424531451, 1.4392092454540162], "(3, 4, 2, 3)": [1.644543220740794, 1.1799598052792324, 1.1592351457337715, 1.1282357525878155, 1.0042114296678741, 0.688054313825197, 0.7800110466117721, 0.8308132415810205, 0.5243589731618259, 1.003691904935785, 0.5648257866883774], "(2, 2, 2, 3)": [1.3805046646293964, 1.0611545988647042, 1.4688735065456429, 1.3320903084670612, 1.7949189932351237, 1.2694192285716022, 1.3747572744787735, 1.1960403797332146, 1.0002413825462166, 0.987205153014151, 0.9548883584893005], "(2, 2, 3, 2)": [1.2887006061262232, 1.7550475499127185, 1.4173816027483328, 1.2753228825592655, 1.3640312088638444, 1.197644770164013, 1.4155655302679986, 1.0994261917173045, 1.6400776195884783, 1.589562777100092, 1.5661786209097244], "(3, 1, 2, 3)": [-0.05487612789310334, 0.3573378560120686, 0.14424244158516017, 0.11016358733960036, 0.25727757548105734, 0.15250238035018604, 0.11987281909247188, 0.0, 0.667645549225665, 0.26072924768915084, 0.17349748211673766], "(2, 1, 3, 2)": [0.6790494519811373, 0.8518348847910096, 0.8191945165172204, 1.033639998042278, 1.1485085575077811, 1.0317964622724165, 1.0243486133343984, 1.129741898116212, 1.1730310642711284, 1.685320557612914, 1.2990224786416653], "(3, 3, 3, 4)": [0.49055159716318697, 0.5822232290577223, 0.5013817866108533, 1.3853636361846167, 0.41006171560534654, 0.5996485391679582, 0.4946303832391161, 0.4683257664497286, 0.20572943767720814, 0.5046316171846525, 0.3739273589796297], "(3, 4, 3, 2)": [0.324280260424189, 1.2924474281237441, 0.5592939107927679, 0.8310422948150537, 0.510982758964206, 0.3116938762467446, 0.48230009127266665, 0.23959627411009352, 0.15866586081244732, 0.32844126521571204, 0.23049909334617502],