{"q_values": {"(2, 3, 2, 2)": [1.887201345753987, 1.855032829211093, 1.9035707625128873, 1.914393752684797, 1.9037381540900333, 1.9033440494786749, 1.8530831630333016, 1.829903035015717, 1.8717665861764525, 1.8065830023152971, 1.8365049947485739], "(2, 3, 3, 3)": [1.8512006796774614, 1.8160159708798385, 1.8657315732413002, 1.846912273589904, 1.8317657422388036, 1.7803571939717022, 1.8011363232275954, 1.8217605124864653, 1.7543620662134765, 1.6928067950974575, 1.7464323704614675], "(2, 3, 2, 3)": [1.267827265049893, 1.1675944239930438, 1.7154135425128385, 1.2671909295573494, 1.05367239777795, 0.8052019233712461, 0.9660606588770317, 0.9917696441757802, 1.2966695431692667, 1.7693012979925287, 1.316307007965925], "(2, 4, 3, 3)": [0.6726119907833453, 1.0901059729863614, 0.9502741331473945, 0.5191574283705715, 1.1883267376038014, 0.955527928109747, 0.8078697103752176, 0.46583193134662154, 0.36707719287630924, 0.10505775892627459, 0.045848328520482096], "(2, 4, 2, 3)": [0.7569204332474245, 1.163532559259539, 1.4370872863618862, 1.015702301991053, 0.6658323788340801, 0.9235188230427119, 0.8242434694625269, 0.534647810315006, 0.6142287494113045, 0.6014373032806268, 0.4204239361745644], "(2, 4, 2, 2)": [1.4615588485860582, 1.2966497918482807, 1.3648274257092097, 1.2937362022307164, 1.5054181428762266, 1.5620194826096205, 1.316164705411421, 1.086009689966262, 1.1926450375739237, 1.068572257138743, 1.2019716397617655], "(3, 2, 2, 3)": [0.5802505685041415, 0.6948920329504891, 0.737928026223177, 1.4154729699528261, 0.6151562155944124, 0.4490128670501907, 0.455655290025593, 0.631904861073879, 0.8667845873681846, 1.0471064976731301, 0.7806459992692524], "(2, 1, 3, 3)": [1.3883701579754797, 1.397913855058627, 1.519411134624314, 1.468218877756433, 1.421944585673692, 1.5901865114220695, 1.5430708041380587, 1.6025737923483412, 1.6744064998732107, 1.6052278255394334, 1.5229584176036057], "(2, 1, 2, 2)": [0.7499815791474548, 0.479317029522147, 1.0465119799849796, 0.5560061132148189, 0.5524545354969722, 0.906800477876836, 1.0142199558587588, 0.9474940945219043, 1.1999857132140168, 1.1260296895914568, 1.5281407162393064], "(3, 3, 2, 3)": [0.9815921173770867, 0.9164495790010294, 0.7566198318190931, 0.8892171233593702, 0.9315006512086205, 0.8633348600548041, 1.3451244474232171, 1.369586161329389, 1.653384644632414, 0.6991549975135133, 0.7498852389006438], "(3, 3, 3, 3)": [1.7999418567935035, 1.7936990639450037, 1.7156953262984826, 1.8152987064436257, 1.7822324874559712, 1.7561256569681858, 1.7901999868260776, 1.7758226946909939, 1.8481747511448203, 1.6594513367627193, 1.780728434815888], "(3, 4, 3, 3)": [0.8231265280392707, 0.8460431916692424, 0.7475584820271286, 0.6784766818572444, 0.5674693133035026, 0.5169133176885259, 0.5970213601465838, 0.48498513352122274, 0.6698278956768037, 0.8759834389750153, 0.5801354092236424], "(2, 4, 3, 2)": [0.5476226842655263, 0.12773418712356516, 0.19280751325626716, 0.2371599615748596, 0.0, 0.09038218259811402, 0.1394755254115191, 0.31074723971073503, 0.0, 0.11304626952920488, 0.0], "(3, 2, 3, 3)": [1.8977566782221895, 1.9052505696692124, 1.8747849924226354, 1.8901458570549536, 1.8630073405371563, 1.920998955584263, 1.9381953492307433, 1.819328407519442, 1.9302640437060896, 1.9135746602518415, 1.9186886072812601], "(3, 3, 3, 2)": [1.2944577166865805, 1.1043545727500683, 0.9779902063831456, 1.4321399545624167, 0.9876014698354582, 0.8933608606169976, 1.100853492400647, 1.709764323049023, 0.9773297585899894, 0.8698968361035917, 1.133207525702893], "(3, 3, 2, 2)": [1.9180413292252692, 1.8525812224084761, 1.9258297753959503, 1.9152054714463649, 1.9054076391415333, 1.9122238743898166, 1.8520564602896252, 1.8381132679399153, 1.7887586236303235, 1.8245460619355724, 1.787315055680148], "(3, 2, 2, 2)": [1.7823228626746013, 1.736976745914945, 1.8453365723973802, 1.8256468576089024, 1.7948562624350461, 1.8024612942676115, 1.8326967187184595, 1.8392975913761704, 1.8074934148877846, 1.8223953615715105, 1.824622814314428], "(3, 2, 3, 2)": [1.5338966502888502, 1.5201790360195018, 1.6616446231222033, 1.6266844199864086, 1.5798298246249736, 1.4014763827999628, 1.3436255200857004, 1.447428445111794, 1.5760826430258348, 1.908293566792719, 1.592454060493235], "(3, 1, 2, 2)": [0.9270328300245751, 0.6508228353282703, 1.094671600543632, 0.9183374564298286, 1.0507532318585953, 0.7633040023827895, 0.3703108443979267, 1.3429804233522111, 0.8432330530518287, 1.2246532369005092, 1.295121333714167], "(3, 1, 3, 3)": [1.325650659721676, 1.475938229402212, 1.4577993484688376, 1.4402291129773142, 1.5966935832984983, 1.5019984554682084, 1.6401566237602125, 1.650358945939252, 1.6986261813280583, 1.6570937347486434, 1.7349000648171566], "(3, 1, 3, 2)": [0.7842512229265752, 0.338324944260708, 0.8581918615171378, 0.8516228337525285, 0.5824018738174622, 0.8321358724024881, 0.9212361335837277, 0.9142560985707779, 0.906867494498054, 0.801939019449477, 1.4058405635682956], "(2, 2, 2, 2)": [1.7201227957713439, 1.758681853188047, 1.7388650013387486, 1.8038233631889922, 1.7829151128508336, 1.831707803416352, 1.8094946765275914, 1.813790183205102, 1.807703700637398, 1.82301503366913, 1.8798429247398232], "(2, 1, 2, 1)": [-0.3742704401605378, -0.19744257126344125, -0.20315462766141024, -0.10452647303910555, 0.0, 0.218997608083074, -0.33696736853204745, -0.2227574348449707, -0.20258657264500474, 0.006537775653542188, 0.0], "(2, 2, 3, 3)": [1.8208329479958383, 1.8515252537992086, 1.8770857541220787, 1.8705045590808875, 1.877466348328745, 1.9155653247452842, 1.9174734413935761, 1.9125549586995407, 1.9300198523180707, 1.882973766355138, 1.8713899263888447], "(3, 2, 2, 1)": [0.0, 0.18971376361500386, 0.0, 0.09320777654647827, 0.0, 0.3139786506934691, 0.3015434318839296, 0.1882027182175915, 0.0, 0.09813767094910146, 0.29025470249449703], "(3, 4, 2, 2)": [1.5219221774392016, 1.4817333129912813, 1.4553563886810605, 1.4194028379859311, 1.3828928813867267, 1.5909120538874184, 1.3636259285191745, 1.2371788466117688, 1.262318430504779, 1.2522216685840484, 1.3050363706853676], "(3, 4, 2, 3)": [1.4179514261186947, 0.9329602680017995, 0.9776293928793719, 0.9847083610092211, 0.756428292176988, 0.6305303691348775, 0.648847749039748, 0.5378728839006667, 0.5795424574505466, 0.6639802038611187, 0.39576078934558023], "(2, 2, 2, 3)": [1.0887925549742736, 0.9691884120719566, 1.0091966099543594, 1.2686776507435147, 1.5386725918872943, 0.9591699690264033, 1.0913139585945615, 0.9531868158534758, 0.8945162045104542, 0.6453290117839312, 0.7340598166494183], "(2, 2, 3, 2)": [1.2210112038540946, 1.7276705410863493, 1.0826851082241928, 1.1335583135355998, 1.251544564909971, 1.0650629928953415, 1.2887723779811657, 1.0080312865270347, 1.5015147652382475, 1.3592665466717426, 1.38525655613581], "(3, 1, 2, 3)": [-0.2181438446044922, 0.3573378560120686, 0.14424244158516017, 0.11016358733960036, 0.11447969793822382, 0.0, 0.11987281909247188, 0.0, 0.41119405704330797, 0.26072924768915084, 0.17349748211673766], "(2, 1, 3, 2)": [0.6343964966553912, 0.6416539378061519, 0.7779539638105847, 0.9291773112316538, 0.9481744519171633, 0.9156799077177568, 0.8371968183321787, 1.0703882510458969, 1.0539027838958261, 1.5528518780846812, 0.9170965279629228], "(3, 3, 3, 4)": [0.49055159716318697, 0.4332754693976334, 0.186194310387824, 0.9192540892991783, 0.41006171560534654, 0.49221194644631516, 0.3420573367871126, 0.38806013425918096, 0.20572943767720814, 0.3359130728103413, 0.3739273589796297], "(3, 4, 3, 2)": [0.324280260424189, 1.0344883968111205, 0.25440291982728325, 0.6072083892722313, 0.510982758964206, 0.13718793150812014, 0.2874250792465989, 0.13846271284234773, 0.3609475330124705, 0.2037848923717786, 0.23049909334617502], "(2, 3, 3, 2)": [0.7602594938634718, 0.7497731546056721, 0.7565209568563316, 1.5419660810204157, 0.6142680912348377, 0.4227078611330198, 0.6821654474071978, 0.6676599255881004, 0.4818135538129833, 0.8564224221131664, 0.7245489193691812],