{"q_values": {"(2, 3, 2, 2)": [1.9199731673931546, 1.96560573427894, 1.9603232159977233, 1.962172410244156, 1.9582906500560076, 1.9571838417111476, 1.9613678495551214, 1.9545584053696914, 1.9347707851744986, 1.9513566046628776, 1.9618003751979731], "(2, 3, 3, 3)": [1.909811983163165, 1.9234642665702308, 1.8757585247215514, 1.8130577529074121, 1.9026180708052371, 1.8921066659738313, 1.871195718408529, 1.8892391427551707, 1.902289612011882, 1.8941673657782276, 1.8239581531817404], "(2, 3, 2, 3)": [1.9082378020963875, 1.967316196692237, 1.9484310968297864, 1.9590110480317997, 1.9532657595877914, 1.95592110282563, 1.9507789959320618, 1.9195572126268625, 1.9294231998158518, 1.9393225699139767, 1.940213420563133], "(2, 4, 3, 3)": [0.8154668638692271, 0.7617006027907449, 0.9280068578648619, 1.0298577944108942, 0.9250415084463179, 0.8018749241031035, 0.5856317037014076, 0.7970158477343996, 0.7621028957232783, 0.830916826031568, 0.18901104070448563], "(2, 4, 2, 3)": [1.709092340815714, 1.464424470459433, 1.538488768886825, 1.2760145784240495, 1.507421896075224, 1.4700739038435158, 1.1608494366546003, 1.0832917261860315, 1.2086341824185445, 0.7493383550663426, 1.2524922050540281], "(2, 4, 2, 2)": [1.7917491786686894, 1.8160271561374397, 1.8151173551388382, 1.8380064167826176, 1.7806215744141232, 1.7936291369464605, 1.72926165173278, 1.7233331516356845, 1.6459166013265931, 1.6718008067937147, 1.603445527757833], "(3, 2, 2, 3)": [1.356932518769879, 1.6209624489995058, 1.3001960740632108, 1.9302465707617837, 1.432565655388662, 1.3216808073042383, 1.3569897516042793, 1.5860609539364003, 1.5430277990295471, 1.7366912406101418, 1.4527013592806537], "(2, 1, 3, 3)": [1.6107076315523128, 1.6079552028057629, 1.723338635477638, 1.7859612321033176, 1.7560757949501626, 1.7988628215625002, 1.8071485740510083, 1.8140522328817772, 1.8040811345429701, 1.8321406691214417, 1.798597653693495], "(2, 1, 2, 2)": [1.296357161309596, 0.9406565529300495, 1.029337008824087, 0.8585092407933741, 0.8141033593746284, 1.2090632274232793, 0.7770518923413741, 1.278729712944691, 1.0996238230821245, 1.2430770983282338, 1.2714966953703573], "(3, 3, 2, 3)": [1.8448045416994852, 1.8515416374109643, 1.8609403932877482, 1.840394647332071, 1.8424458555409644, 1.7614850551028476, 1.7885822573793544, 1.8902882994465555, 1.8364177929350485, 1.748180124898508, 1.807038365434102], "(3, 3, 3, 3)": [1.9449493277287577, 1.9523118221328393, 1.9506363718058506, 1.950586941722649, 1.9500722454305068, 1.9166548578993037, 1.9508420465521343, 1.9164564270592104, 1.9428480500263807, 1.9061459415754687, 1.9228711175827546], "(3, 4, 3, 3)": [0.9644861470469093, 1.3353754887525695, 1.076768273877779, 1.001916403704838, 0.6669608092303776, 0.8505533516657526, 0.990035135237597, 1.115865143989091, 0.8654401808536489, 0.8683798291743946, 0.8538540434417053], "(2, 4, 3, 2)": [1.6493552671889973, 0.5524744655252929, 0.7416391990851747, 0.2371599615748596, 0.4906454569828419, 0.4405818165027251, 0.5162699117565246, 0.5217744376545546, 0.13528836296091612, 0.24570918449888995, 0.23340567279868274], "(3, 2, 3, 3)": [1.9562075213048629, 1.963065333568504, 1.9665898410691307, 1.9720154598132926, 1.962671304006057, 1.96082593921911, 1.965417552484877, 1.9594186959874589, 1.9661246003567046, 1.9686292463461892, 1.961866035444917], "(3, 3, 3, 2)": [1.9648910601035603, 1.9703578696642208, 1.9730997886271286, 1.980192681257835, 1.9695071821874628, 1.9692381155675962, 1.9674949970087385, 1.9678392099481072, 1.955806789976155, 1.9338169524825202, 1.9330671602498766], "(3, 3, 2, 2)": [1.9424177523666768, 1.9718605085243945, 1.9460305247979208, 1.9741773860046694, 1.9683555727461453, 1.9760603911685681, 1.9647607700912553, 1.9617364410887552, 1.9677897909556732, 1.9557801633123275, 1.9671831156660589], "(3, 2, 2, 2)": [1.9471933882424044, 1.899193473954723, 1.8711152684326091, 1.9265411769604652, 1.87016286697912, 1.9132000246438114, 1.9374940036667159, 1.95508339798093, 1.9470489859250297, 1.9443562363474358, 1.9504701943563072], "(3, 2, 3, 2)": [1.949956371774217, 1.9461987243843233, 1.9495977563535019, 1.9583499952109977, 1.9498114536443645, 1.9448385807633988, 1.924006145163664, 1.9549110097507223, 1.953791886599716, 1.972327002988385, 1.9161235344490082], "(3, 1, 2, 2)": [1.109868696877092, 0.8883026069267039, 1.0069260835704932, 0.8170976174784309, 1.118025755780517, 1.1003308082342345, 0.8610547887324083, 0.5825317769709563, 1.0925049514984366, 1.19142322741147, 1.1639492696258644], "(3, 1, 3, 3)": [1.6341685137027324, 1.69012913403982, 1.6824296518605475, 1.7142688258509589, 1.4597217332723988, 1.7788651644353835, 1.8108968576087778, 1.8052728012060861, 1.8023212323095197, 1.8555602830408224, 1.8179683611073703], "(3, 1, 3, 2)": [1.06931114151689, 1.0552511414465566, 1.4574734892288397, 1.231107306578022, 1.4613893647792975, 1.5190669723553625, 1.4914267807305004, 1.5617145232611245, 1.4048258524939872, 1.492642884327542, 1.6756204524519156], "(2, 2, 2, 2)": [1.8387264765675675, 1.922579236754027, 1.8697155598214823, 1.9185056433157508, 1.913205586613485, 1.936257479706298, 1.8909529604189301, 1.8664111604014697, 1.9256186896716974, 1.874479440460496, 1.9234082593051318], "(2, 1, 2, 1)": [-0.5519733260432358, -0.19744257126344125, -0.34357380208134003, 0.1482125116879608, 0.06524509186450118, 0.06479394345234182, -0.0807845250702251, -0.2227574348449707, -0.31103697974053623, 0.6848216123497411, 0.29593168495764977], "(2, 2, 3, 3)": [1.95351795041402, 1.956983449784631, 1.9577407919962326, 1.957573710739342, 1.9602851392631198, 1.9493798139272658, 1.9576517288452566, 1.9299551313972427, 1.9625384439991187, 1.9085787497728766, 1.945183103539554], "(3, 2, 2, 1)": [0.0, 0.31511637542835613, 0.12173477791094395, 0.614906130921174, 0.20088696586543947, 0.7819666482004355, 1.7220743704688974, 0.6002045895776499, 0.6050790686303436, 0.9536895481725125, 0.6605784669803024], "(3, 4, 2, 2)": [1.7990823857117242, 1.801973743049224, 1.7942774126583425, 1.795870502612141, 1.8029445431414621, 1.817306790409229, 1.72772763295298, 1.7278398757854818, 1.687611036760466, 1.6367913940447028, 1.6020770055081759], "(3, 4, 2, 3)": [1.6038009343587012, 1.776685770915581, 1.5865428239486614, 1.496640530683771, 1.4782078206118083, 0.8313508867469753, 1.444239431171888, 1.291869556690258, 1.0948487427776392, 1.0029595303086791, 0.971571135627742], "(2, 2, 2, 3)": [1.9272416513170925, 1.9295975999972066, 1.9611746324231776, 1.9414694024781063, 1.9494956925074345, 1.9489384469016355, 1.9616443869114026, 1.9527359264825122, 1.9553433725627114, 1.9588120160421307, 1.9579671206150027], "(2, 2, 3, 2)": [1.7256989469628548, 1.8891253425711712, 1.8004568035082507, 1.8803978424013563, 1.8650189846336636, 1.7708098596411503, 1.8659558724289345, 1.8371517257157004, 1.957962009337084, 1.9000290880051323, 1.8211368867648687], "(3, 1, 2, 3)": [0.0906169092993036, 0.6456174761588022, 0.4159418213356717, 0.11016358733960036, 0.38927471117280565, 0.2933264550918512, 0.28442462702265814, 0.0, 1.5483562026587852, 0.564077015848218, 0.17349748211673766], "(2, 1, 3, 2)": [1.1044848323955543, 0.963132915375997, 1.1907730947743356, 1.4430886433028647, 1.4032022725412223, 1.4667864616940778, 1.5649648066920283, 1.7754525061475794, 1.5321687732321587, 1.5051944596365292, 1.4347852587097294], "(3, 3, 3, 4)": [0.9050861503122701, 1.2830932461084747, 1.2086768730189397, 1.799682485601862, 1.174057890249468, 0.909297108539445, 0.7693909423447558, 0.8489512764977816, 0.5032141212456828, 0.8895193271047236, 0.7048024628198682], "(3, 4, 3, 2)": [0.8104912055176567, 1.7662422942395515, 0.8992688174021808, 0.9563850797563084, 1.2386145377741908, 0.6636489038305058, 0.6610751734026385, 0.5339875776218141, 0.9081291036894492, 0.4848794589162376, 0.37601366744917497],