{"q_values": {"(2, 3, 2, 2)": [1.9224060816950206, 1.957040099185813, 1.9517822183857871, 1.8959465777857558, 1.9582392834988718, 1.9567631406618005, 1.9508269258004602, 1.9525616944252306, 1.956644894280056, 1.9502412894543433, 1.958367599667174], "(2, 3, 3, 3)": [1.9232571492232295, 1.9278663001648537, 1.9186207187050837, 1.9109627111162801, 1.9072702192552846, 1.9428993842828524, 1.8997511269149365, 1.8941063070527355, 1.8925625137707842, 1.9246941712884367, 1.7794304712957245], "(2, 3, 2, 3)": [1.9474197977498007, 1.9460751580723668, 1.9406398522031072, 1.94991459516029, 1.9479149224932726, 1.9344692764565157, 1.920496244196861, 1.9461627108321469, 1.910202721572903, 1.9186668947507306, 1.9082440806881549], "(2, 4, 3, 3)": [1.4802745153341281, 0.8470994122344278, 1.0899633932605939, 1.0601625943304134, 0.6349739463138082, 0.8525437961285288, 0.5939125000334858, 0.8793900052743655, 0.8370813885791968, 0.901053593025587, 0.5461389031353228], "(2, 4, 2, 3)": [1.798245367326495, 1.464424470459433, 1.538488768886825, 1.2760145784240495, 1.5344890396095683, 1.4700739038435158, 1.1608494366546003, 1.155681217543967, 1.2567126236269923, 0.8383298284009075, 1.3585962933806244], "(2, 4, 2, 2)": [1.815613633048653, 1.751088308020447, 1.8052487799340287, 1.8604154249984315, 1.7812230504437943, 1.8126262960391855, 1.7656027750062124, 1.7735399221723827, 1.6518029551101006, 1.70599012230199, 1.6431480991609029], "(3, 2, 2, 3)": [1.4175276121873286, 1.6569961901110992, 1.4738858015506424, 1.9548754579292917, 1.5313417317324531, 1.4452406196292622, 1.4196751168718074, 1.6602284964306278, 1.5430277990295471, 1.7599414813594616, 1.721763627391773], "(2, 1, 3, 3)": [1.6521269548442001, 1.614734728440207, 1.714191184028547, 1.7859612321033176, 1.7252386758239695, 1.8204892724180068, 1.8193738075487929, 1.8248382352106955, 1.8485335627767279, 1.8218650961510816, 1.824024811734739], "(2, 1, 2, 2)": [1.2278795902896722, 0.8272573716710543, 1.0149213377776625, 0.8764049790944005, 1.051661104291972, 0.827380675329005, 1.0562528810505274, 1.531069982568788, 1.2411004323708095, 1.2432240230798635, 1.293968004972424], "(3, 3, 2, 3)": [1.858540032123438, 1.8870922943416626, 1.9592476399565335, 1.8772041132448598, 1.8707937570976176, 1.831058613866565, 1.806171789564271, 1.8630841624479455, 1.8587734371501732, 1.790246213563607, 1.842128274391653], "(3, 3, 3, 3)": [1.9633796952521243, 1.9246901549657776, 1.9280386616083398, 1.9343795287480041, 1.9006902783896165, 1.9176311788277594, 1.893485938464873, 1.9042052192017276, 1.9287495273647295, 1.9378699134274102, 1.907099110277603], "(3, 4, 3, 3)": [1.003854077042809, 0.8248341394964704, 0.930377678324869, 0.7009476913144992, 1.0130994508400988, 0.8056273511272958, 0.7798878232493011, 0.7714289328295266, 0.878675754230567, 0.7990352637446391, 0.7969043671538732], "(2, 4, 3, 2)": [1.6862852684871048, 0.6757071978404543, 0.7416391990851747, 0.2371599615748596, 0.4906454569828419, 0.523048690368149, 0.5162699117565246, 0.5217744376545546, 0.28429501692287257, 0.24570918449888995, 0.5010713893465651], "(3, 2, 3, 3)": [1.9497715259979316, 1.9555067554089578, 1.9509267795389793, 1.9550010948035252, 1.9520586217624902, 1.9516784876378497, 1.9504642641775853, 1.95334806353259, 1.9282893259843956, 1.948613764769337, 1.9531234778313549], "(3, 3, 3, 2)": [1.9699797846633509, 1.9783260626502621, 1.9659229257814546, 1.9706847141816364, 1.9721223877205694, 1.958668026359934, 1.971169441690136, 1.9262132734907882, 1.963281445193902, 1.9497135222362685, 1.9519773676838088], "(3, 3, 2, 2)": [1.9499908027315322, 1.9648865715739432, 1.9494273357373773, 1.9724363570864538, 1.963745229820766, 1.9630092421137282, 1.961146322956247, 1.9626074059304344, 1.9565440406311132, 1.9604704925885368, 1.960534460065103], "(3, 2, 2, 2)": [1.8619564022332586, 1.940855987252262, 1.9274276472443181, 1.943010305178153, 1.9206651561559693, 1.9258018989288739, 1.926832972903874, 1.9408024509460473, 1.952995917808346, 1.9258273053603716, 1.8996600636871706], "(3, 2, 3, 2)": [1.9387989225026914, 1.9324312030938442, 1.8851260020806397, 1.936702534606729, 1.937277333948951, 1.9292798306861398, 1.938254125067437, 1.9408410358163908, 1.941371097937926, 1.889596244968013, 1.9254040449824037], "(3, 1, 2, 2)": [0.9766915178047122, 0.9293352719504324, 1.1191269761413423, 0.9649171770877522, 1.031223206370929, 1.3342421543568936, 0.9723276635301706, 0.8494109566972194, 1.1470593117863488, 1.045839877855473, 1.6343748187934788], "(3, 1, 3, 3)": [1.644562515692345, 1.7195382874087166, 1.7570173004225733, 1.7492002876745387, 1.5809800509374747, 1.804054672016282, 1.8017514734221678, 1.8095389166932234, 1.8189879245376157, 1.8580201634750018, 1.8251651957456634], "(3, 1, 3, 2)": [1.1025035983629603, 1.1485766339325432, 1.496360181036844, 1.0128831972168562, 1.4695613024244099, 1.5740657420235604, 1.584863561263949, 1.6405770844542145, 1.4784032118292925, 1.518727331067107, 1.781186490218997], "(2, 2, 2, 2)": [1.9391388715898816, 1.899249384148122, 1.9426126821024061, 1.9447353446710764, 1.9354751257331662, 1.9449877814969867, 1.94057759903346, 1.9354214101980227, 1.938236099069948, 1.9550379210885374, 1.9449385285373317], "(2, 1, 2, 1)": [-0.5519733260432358, -0.19744257126344125, -0.34357380208134003, 0.1482125116879608, 0.06524509186450118, -0.06588768588456642, -0.20802079110517227, -0.08093557562869824, -0.31103697974053623, 0.31525418896090485, 0.29593168495764977], "(2, 2, 3, 3)": [1.9641212280524774, 1.9580571920254481, 1.9629899594106897, 1.9619771854467216, 1.9659906857341176, 1.9675562278529355, 1.9718759525298526, 1.966940315779487, 1.9570481609822756, 1.9435586747806004, 1.965462431673881], "(3, 2, 2, 1)": [0.19036167430114814, 0.4280795230543848, 0.12173477791094395, 0.614906130921174, 0.28559591511429266, 0.7819666482004355, 1.8099730168587471, 0.6002045895776499, 0.6050790686303436, 1.0496512947325864, 0.6605784669803024], "(3, 4, 2, 2)": [1.8501585583181637, 1.8176683700432565, 1.7716654656925674, 1.7975046507755894, 1.8196204835237042, 1.8130534807845924, 1.777128282012613, 1.675228509327332, 1.6850100269177835, 1.6265161941954753, 1.634389576807704], "(3, 4, 2, 3)": [1.6187892633008514, 1.78030686335052, 1.5865428239486614, 1.496640530683771, 1.4782078206118083, 0.9103056730923285, 1.478565666961595, 1.291869556690258, 1.0948487427776392, 1.0029595303086791, 1.0762243068561677], "(2, 2, 2, 3)": [1.9421783120648684, 1.9479015326174056, 1.9620032149102897, 1.964361751871177, 1.9588486719415168, 1.9642788601827457, 1.9662565379795338, 1.9599263373905962, 1.9656621654373299, 1.9689996587429242, 1.9618180111858956], "(2, 2, 3, 2)": [1.8375701584103301, 1.9089608371033346, 1.822866625151883, 1.8943291516228313, 1.8838028023145652, 1.8352362762137275, 1.9125448733542718, 1.8785713929407837, 1.965208295555167, 1.9369493874320853, 1.878503839272411], "(3, 1, 2, 3)": [0.0906169092993036, 0.7288380674965274, 0.4159418213356717, 0.11016358733960036, 0.38927471117280565, 0.2933264550918512, 0.28442462702265814, 0.0, 1.5483562026587852, 0.564077015848218, 0.17349748211673766], "(2, 1, 3, 2)": [1.1763457909623822, 1.0420460642381204, 1.1907730947743356, 1.488559666150007, 1.4333746042318745, 1.4820746891018206, 1.2760514351176113, 1.4569238490188798, 1.5686876648142325, 1.535454726717983, 1.4347852587097294], "(3, 3, 3, 4)": [1.0649496654769088, 1.3438885617320102, 1.2829847779919243, 1.8486537229996645, 1.253737282425703, 1.0107983439590833, 0.9845050247490914, 0.9262216592834549, 0.6435429271322012, 1.0535810008187931, 0.7048024628198682], "(3, 4, 3, 2)": [0.8986230443397343, 1.7923100650966641, 0.9837089970762583, 0.9563850797563084, 1.2386145377741908, 0.6636489038305058, 0.7764069561928717, 0.7205744709976897, 0.9081291036894492, 0.4848794589162376, 0.4644649430541476],