{"q_values": {"(2, 3, 2, 2)": [1.878778541236618, 1.8838598667150368, 1.9023347644206265, 1.911342151432248, 1.895526054519517, 1.8955160867505874, 1.8756121832440131, 1.7589718633170939, 1.830211370549761, 1.7413917150125338, 1.7772909940724624], "(2, 3, 3, 3)": [1.7572161146515781, 1.7346370211739142, 1.7471706576344697, 1.724216418338701, 1.718927671133164, 1.7848024070378605, 1.8002811537246788, 1.7886575406109844, 1.694671054082586, 1.7638550474059171, 1.7908710484235288], "(2, 3, 2, 3)": [1.267827265049893, 0.9533961076508265, 1.6086830007360269, 1.1994011992914657, 0.9719324298018771, 0.6970032972144431, 0.8712357621813912, 0.9917696441757802, 1.0147259920477825, 1.6395055479190326, 1.1917988149543852], "(2, 4, 3, 3)": [0.6211036356765935, 0.8695590469075354, 0.9335087287626068, 0.564809567963177, 0.7985368012205232, 0.7438209930542447, 0.9444640334391255, 0.4193779207963374, 0.7230576947551819, 0.5709000326066782, -0.12398417176134749], "(2, 4, 2, 3)": [0.5427561129005004, 1.017062608379344, 1.3584784501761735, 0.9101297915390689, 0.5931492955059969, 0.7290159806611173, 0.7245590716641682, 0.534647810315006, 0.49037342189539607, 0.325721906396632, 0.47898517735483936], "(2, 4, 2, 2)": [1.2344635961484371, 1.2128572711279715, 1.275779321759694, 1.154346670871729, 1.3232471380005606, 1.50521864297622, 1.1479661884430041, 0.80546784828191, 1.0287299720636827, 0.985891251935967, 1.18773012678093], "(3, 2, 2, 3)": [0.5802505685041415, 0.6948920329504891, 0.6144610791554646, 1.244699310588174, 0.4746346788470952, 0.19940432718247797, 0.455655290025593, 0.631904861073879, 0.7476678659907235, 1.0471064976731301, 0.5097522675407298], "(2, 1, 3, 3)": [1.322390634811892, 1.250655512322189, 1.374537735498637, 1.349014660835273, 1.2882734390492143, 1.4620597111010618, 1.4316821937187556, 1.4984908321754815, 1.6592839639845025, 1.5847012955186626, 1.2175791391423205], "(2, 1, 2, 2)": [0.9783750930865408, 0.6011172442202316, 0.708463988577552, -0.005511117380386621, 0.2520664156168055, 0.9252262275641323, 1.2305740961381613, 0.46420006593227825, 0.5562784238812601, 0.9066192918217706, 1.1301890765795728], "(3, 3, 2, 3)": [0.9815921173770867, 0.9164495790010294, 0.7566198318190931, 0.6475595395097321, 0.8845231240073957, 0.8633348600548041, 1.3451244474232171, 1.2487635038981246, 1.5976167953055873, 0.6991549975135133, 0.4941683472043569], "(3, 3, 3, 3)": [1.8099385293791657, 1.7817013819604695, 1.6771181182374884, 1.72964189090489, 1.7499195249421409, 1.7578732459494226, 1.7425097841667567, 1.784840158887722, 1.7917559160017944, 1.7557210926861775, 1.7004510152580483], "(3, 4, 3, 3)": [0.5959900324855367, 0.979694292919774, 1.020756088151128, 0.8095187057973936, 0.49340997181424573, 0.5731789370130862, 0.716031049730682, 0.6500844649539143, 0.46270791753895507, 0.49824333255275627, 0.637286991825652], "(2, 4, 3, 2)": [0.4030665132995186, 0.12773418712356516, 0.19280751325626716, 0.2371599615748596, 0.0, 0.0, 0.0, 0.20160306903069883, 0.0, 0.11304626952920488, 0.0], "(3, 2, 3, 3)": [1.8635035785834715, 1.8660156056093038, 1.754169850396243, 1.8593766660747053, 1.8943019030917796, 1.9060376916320254, 1.9007980255355237, 1.9266886968532224, 1.8942436579917208, 1.892966463227705, 1.8928252252513948], "(3, 3, 3, 2)": [0.7609748330370893, 1.0099674912944399, 0.7751583929243446, 1.3187443701016919, 0.5967295250066087, 0.4199499198907621, 1.0301933552637819, 1.4592414363812667, 0.6535616450853399, 0.7611043254046873, 1.0525385431042908], "(3, 3, 2, 2)": [1.8815533266766231, 1.8942771495792543, 1.904478111496008, 1.8854114339895258, 1.9144519266807716, 1.9002390982452757, 1.752737639456683, 1.825501821251886, 1.727472138808413, 1.780627345581822, 1.8040667349684325], "(3, 2, 2, 2)": [1.7466609480154303, 1.679272472415365, 1.7940433201993073, 1.8197220524084625, 1.775040959326453, 1.852998372521089, 1.768650132927435, 1.7968428513840995, 1.8048648444506479, 1.8426905421086608, 1.802034831130649], "(3, 2, 3, 2)": [1.2365688248912796, 1.3811544293006521, 1.3852206642361327, 1.1496183766411492, 1.270937702291092, 0.8823382267962749, 1.2371686296858706, 1.239077686823731, 1.3402750510592216, 1.8061618390637757, 1.1586317445695484], "(3, 1, 2, 2)": [0.4411024614630409, 0.6159461579762782, 0.7102300865735307, 0.9854373420753382, 1.1694441662208144, 0.7708062022264794, 0.09646097701592576, 0.9971229437861266, 0.5176723901017797, 1.165982896779949, 1.2301616089821716], "(3, 1, 3, 3)": [1.2570488307502719, 1.4035129845024898, 1.2741261597064233, 1.2219783489868181, 1.4853201863749512, 1.425580546000974, 1.5858133276996424, 1.5523110561166558, 1.6292579449129747, 1.4945950230707028, 1.6731523756006839], "(3, 1, 3, 2)": [0.6515446416802285, 0.6029832686754775, 0.5855986132360577, 0.8516228337525285, 0.5120233631497566, 0.7280322266181881, 0.582054973722883, 0.8433670782033841, 0.6261435406413057, 0.645114658715954, 1.4176009112949521], "(2, 2, 2, 2)": [1.6892141501387186, 1.7378223897583376, 1.7023162217828447, 1.7861120299830981, 1.8113916254930282, 1.7256188140010131, 1.769328620840085, 1.7832437937883217, 1.799754468587655, 1.7807686057032284, 1.7684516632419884], "(2, 1, 2, 1)": [-0.3742704401605378, -0.19744257126344125, 0.0, -0.10452647303910555, 0.0, 0.13138693830938025, -0.33696736853204745, -0.2227574348449707, -0.20258657264500474, 0.006537775653542188, 0.0], "(2, 2, 3, 3)": [1.7938443747799944, 1.8440037496425026, 1.859669839541124, 1.7984941946329434, 1.8446640952029023, 1.863478118142127, 1.8814950717084238, 1.9008612182496936, 1.9046483954729823, 1.8873187728480225, 1.836179450256325], "(3, 2, 2, 1)": [0.0, 0.09521563217657321, 0.0, 0.09320777654647827, 0.0, 0.3139786506934691, 0.3015434318839296, 0.0, 0.0, 0.09813767094910146, 0.18739579379467192], "(3, 4, 2, 2)": [1.4523325807289698, 1.3775210149698467, 1.3622355506082147, 1.355099960926513, 1.2968963816163412, 1.517227274265168, 1.2934681604748222, 1.1086889247487757, 1.2093964763729046, 1.280328024555487, 1.2036503592750043], "(3, 4, 2, 3)": [1.303274501083231, 0.8604758118973741, 0.7649760003904039, 0.6307141456951589, 0.756428292176988, 0.6305303691348775, 0.44324549698399107, 0.5378728839006667, 0.5279892573934712, 0.5491518873397121, 0.5751523323840622], "(2, 2, 2, 3)": [1.0053568089139766, 0.8661038474188631, 0.801448799413278, 1.201744338050185, 1.462090099475972, 0.8287974178064004, 0.9983698376128693, 0.9531868158534758, 0.6492422647364738, 0.6453290117839312, 0.6044276468352878], "(2, 2, 3, 2)": [1.2210112038540946, 1.716672566718742, 0.995974093744688, 1.1335583135355998, 1.229982415218325, 0.8528034992955023, 1.2777423024833567, 0.8021778097547412, 1.3513405664936533, 1.065136867911476, 1.38525655613581], "(3, 1, 2, 3)": [-0.2181438446044922, 0.229591075377616, 0.14424244158516017, 0.11016358733960036, 0.11447969793822382, 0.0, 0.11987281909247188, 0.0, 0.2806626954312547, 0.12394057551807336, 0.0], "(2, 1, 3, 2)": [0.42780853925579737, 0.5245673362242673, 0.7779539638105847, 0.921037213118819, 0.9148608986919413, 0.8421003969391773, 0.5445362392022166, 1.008212956239048, 1.0539027838958261, 1.3367639816774168, 0.8450425891681701], "(3, 3, 3, 4)": [0.49055159716318697, 0.4332754693976334, 0.0, 0.5943147302592064, 0.41006171560534654, 0.49221194644631516, 0.2882113607676072, 0.275607708637362, 0.20572943767720814, 0.2514330060680852, 0.18240259659290314], "(3, 4, 3, 2)": [0.1717755809128631, 0.8815469259082522, 0.10067508798880534, 0.48664214819419105, 0.45603716493933677, 0.0, 0.2874250792465989, 0.13846271284234773, 0.3609475330124705, 0.10518011856517569, 0.23049909334617502], "(2, 3, 3, 2)": [0.4901456419309558, 0.6171057917703621, 0.6244854342031447, 1.2751889365114322, 0.5377756488078556, 0.4227078611330198, 0.5502837130896046, 0.6676599255881004, 0.3266533210611481, 0.6128794650474702, 0.7245489193691812],