{"q_values": {"(2, 3, 2, 2)": [1.898246775052473, 1.8545753801609512, 1.9551993331660058, 1.9540495780448013, 1.9486381958638241, 1.955736953062974, 1.9500247863240547, 1.9422805461544708, 1.9456545310002424, 1.936575115837207, 1.9429884279283411], "(2, 3, 3, 3)": [1.9135542424680563, 1.9024979605403873, 1.8862515217890174, 1.9145166002762295, 1.8284809411178433, 1.8813203995153853, 1.8883135141286482, 1.861646148739743, 1.8774484847417034, 1.8376331737256777, 1.891513212085419], "(2, 3, 2, 3)": [1.85223587197892, 1.7710246791442457, 1.8542188979011112, 1.8433704364708414, 1.5751516488638215, 1.625048984488528, 1.7125687546378177, 1.6132086407382442, 1.7482588371451988, 1.922488515934454, 1.8453194672385906], "(2, 4, 3, 3)": [0.8802038547658643, 0.8209758316614673, 1.18017090817647, 1.014094230379406, 0.8927458305265081, 0.861490281139728, 0.6367797232306394, 0.7566079174186575, 0.8645536490228931, 0.46217675319250656, 0.7590675866884952], "(2, 4, 2, 3)": [1.3606991663619386, 1.6066234324686302, 1.436780645366747, 0.9977521701315867, 1.1930918895600222, 1.152323420061061, 0.8477928951637013, 0.9427839296460011, 0.8504758819358599, 1.137727927038708, 0.5726806093986], "(2, 4, 2, 2)": [1.7247707059427744, 1.8139371224646208, 1.670414681384181, 1.6828374830755906, 1.681576283154706, 1.724529324667209, 1.6375008972877967, 1.5811107416861057, 1.4435401638507375, 1.2066051685119863, 1.4750607379726808], "(3, 2, 2, 3)": [0.9458358437901626, 1.2638246091091336, 0.964629471041317, 1.858548127929438, 0.7425848913422253, 0.7136872349151282, 0.8185895204950318, 1.1650146490424091, 1.2422874209715389, 1.3570545243748016, 1.095487761467428], "(2, 1, 3, 3)": [1.477840608409997, 1.5865972092434033, 1.6673855030526286, 1.6846226315456656, 1.7097940210409295, 1.7640129847533934, 1.7770547314535812, 1.749377303042582, 1.7765668952451752, 1.8261185809611045, 1.761815112423727], "(2, 1, 2, 2)": [0.2354650318874406, 1.0188204955065578, 0.3855153518220219, 0.9455139350527961, 0.5913189953447482, 0.6654286187163911, 1.0000121257468193, 1.0001745380704217, 1.3228392927184007, 1.045812872428663, 1.0593871016987564], "(3, 3, 2, 3)": [1.5623784613482705, 1.652591930140208, 1.243282738959217, 1.485385698685078, 1.4197451710940638, 1.3260739837790247, 1.5030767244061773, 1.720131591063706, 1.889554039735048, 1.170238232108008, 1.4117191169416734], "(3, 3, 3, 3)": [1.9029291228889849, 1.8890644099166685, 1.88645966893191, 1.811755217258085, 1.8712720808328758, 1.85869657346684, 1.8425245660212985, 1.8791975464347301, 1.8551838873872355, 1.8754341568833675, 1.8677942048975633], "(3, 4, 3, 3)": [1.6266216427905646, 0.9842511472615812, 0.931355654331474, 0.43457021316792455, 0.9277490078681246, 1.1115594942416955, 1.1516046081201055, 0.760401012122864, 0.9867419432776033, 0.6985291926287638, 0.951139586839251], "(2, 4, 3, 2)": [0.9528239791074297, 0.41059869969969887, 0.3536874480286272, 0.2371599615748596, 0.0, 0.2067703869374707, 0.24238117985056232, 0.4180142753049079, 0.13528836296091612, 0.11304626952920488, 0.23340567279868274], "(3, 2, 3, 3)": [1.947927644620306, 1.9393160638054407, 1.9475076681624568, 1.947885044342002, 1.925023241717095, 1.9519608673439661, 1.9514892710622724, 1.95601304558038, 1.9520419525774726, 1.9421538500463422, 1.9345412801339232], "(3, 3, 3, 2)": [1.8519036808471714, 1.8129156957176307, 1.838348358643254, 1.8814716204088924, 1.8534176600066452, 1.8108099034838054, 1.8142948556306957, 1.9325656159002833, 1.883148665325179, 1.8587533234478357, 1.8454377395209263], "(3, 3, 2, 2)": [1.8918084156276003, 1.9577609118855666, 1.9490628935433676, 1.954515291100826, 1.9556985771191526, 1.9383439559882103, 1.9348674268679362, 1.9546256726796734, 1.9506673702525081, 1.937826020306658, 1.9183232635228775], "(3, 2, 2, 2)": [1.8483282277356596, 1.8854419371783946, 1.8392425058503106, 1.8081978844738071, 1.8904222954961174, 1.9173399907733124, 1.9207956278869815, 1.9054571475694255, 1.9217280700240071, 1.9165304629481037, 1.9135850742149174], "(3, 2, 3, 2)": [1.8600593321472856, 1.8368493775495807, 1.855262259682319, 1.8564531063896552, 1.9060559993048356, 1.8627138346594327, 1.8872560791003303, 1.881964830744126, 1.9166095321158774, 1.9522945427766045, 1.8511719905979576], "(3, 1, 2, 2)": [0.8778166652023246, 0.9148784861245882, 1.0048423383441158, 1.02787307926681, 0.9303493698260972, 0.6595434175261832, 0.6925013937184937, 0.8309922065878071, 1.1783482796867226, 1.0907963175588022, 1.2479676099593968], "(3, 1, 3, 3)": [1.5378827909014199, 1.5912829662031414, 1.6762476436633174, 1.675408012147397, 1.7206562464276802, 1.751935318352549, 1.7534997191582893, 1.759024634918514, 1.8081805404228628, 1.7827620286093127, 1.8189796936610663], "(3, 1, 3, 2)": [0.5409250801721319, 0.8251884181063883, 1.1474327462034, 1.0438407015417381, 0.9110050265089696, 1.2151561003419236, 1.1677915729256994, 1.223160673002032, 1.3839484209314992, 1.2597287883841812, 1.6836218382633397], "(2, 2, 2, 2)": [1.8955465801145275, 1.8220518514794781, 1.8735291745296974, 1.8702628788572975, 1.8713742093356982, 1.8934292773628971, 1.9177877914673331, 1.9072667388826081, 1.9131684619521663, 1.8992197036317748, 1.8973806415092105], "(2, 1, 2, 1)": [-0.4732149704792884, -0.19744257126344125, -0.34357380208134003, -0.24683861487006437, 0.06524509186450118, 0.06479394345234182, -0.1629556498448157, -0.2227574348449707, -0.20258657264500474, 0.2328277014676683, 0.34286019441905796], "(2, 2, 3, 3)": [1.9083196054872322, 1.9118152023133381, 1.933744456819624, 1.9289114878784974, 1.9333086405781548, 1.947420473621915, 1.9403339811590286, 1.9567724253209355, 1.9387566636784377, 1.9387342511676353, 1.952546814260695], "(3, 2, 2, 1)": [0.0, 0.31511637542835613, 0.12173477791094395, 0.2892903846497956, 0.0, 0.6251430588319536, 1.3284745177420725, 0.4539009568040877, 0.1892952966723189, 0.2784577099374284, 0.45138452527371964], "(3, 4, 2, 2)": [1.837130318455562, 1.7728000558725525, 1.7788453080531823, 1.7815847339397992, 1.7699478307553291, 1.7529504049946536, 1.718092339784521, 1.7531705385945477, 1.650931227313947, 1.5050734933322767, 1.536117533499699], "(3, 4, 2, 3)": [1.7673115126110244, 1.378089930969276, 1.364579295534418, 1.1900698401647996, 1.1093069528868478, 0.8542455961798996, 1.1118031911874502, 1.1223828114530077, 0.6938354430744078, 0.8928256890871675, 0.5081905952631105], "(2, 2, 2, 3)": [1.68189324435399, 1.5460456943452934, 1.83224576665954, 1.68108157348306, 1.9165743292139155, 1.7121876880644415, 1.759446804904875, 1.7397821241203146, 1.698806498572191, 1.6728058254211755, 1.6388349295816718], "(2, 2, 3, 2)": [1.3998203306138326, 1.8237294612175603, 1.5096992611467008, 1.6233202771321367, 1.5813538740539157, 1.349660382540789, 1.6171497860753472, 1.1850312830052607, 1.693175705573635, 1.6835132031134172, 1.678132762016928], "(3, 1, 2, 3)": [0.0906169092993036, 0.5714148068563576, 0.27366616046873304, 0.11016358733960036, 0.25727757548105734, 0.15250238035018604, 0.11987281909247188, 0.0, 1.0673599095523005, 0.4260658206422794, 0.17349748211673766], "(2, 1, 3, 2)": [0.7517955406169634, 0.6450749684954872, 0.9152904485599925, 1.0791252182596718, 1.1805072696584387, 1.139397677628379, 1.148402466457211, 1.2498242261794734, 1.3657152084041575, 1.7137776506178273, 1.3986925189648585], "(3, 3, 3, 4)": [0.49055159716318697, 0.5822232290577223, 0.9880197673352944, 1.6699256154129416, 0.41006171560534654, 0.7291648139875979, 0.4946303832391161, 0.6238530598669617, 0.20572943767720814, 0.5969612826417761, 0.45623066365863923], "(3, 4, 3, 2)": [0.6882049880793021, 1.566630931623786, 0.685097548796932, 0.8656203557666524, 0.8492415139018465, 0.3116938762467446, 0.5932097560531118, 0.23959627411009352, 0.4929571055182533, 0.5213257990449132, 0.5544777337326567], "(2, 3, 3, 2)": [1.0749516671088253, 1.1554972244786226, 0.9847772150598392, 1.8824511774645767, 0.9729973866458049, 0.6958706506655543, 0.8042825935120322, 0.8980760698475515, 0.6284983519772738, 1.2215948461882065, 1.201230093664364],