{"q_values": {"(2, 3, 2, 2)": [1.835524692820337, 1.9423282738575247, 1.9477789166888022, 1.9395001969215835, 1.9559510611928874, 1.9548326353345615, 1.9546081002410667, 1.9249832949656254, 1.9477260172195194, 1.9412564536805452, 1.9342377412848744], "(2, 3, 3, 3)": [1.9414000560018743, 1.8618492598490475, 1.8533376963358896, 1.8537907674017826, 1.8686480789746818, 1.8333732267710305, 1.8534528185006032, 1.90840481979884, 1.8951413959375838, 1.8802743955686656, 1.8703307288086326], "(2, 3, 2, 3)": [1.9206013412614122, 1.7981278968751406, 1.8332809621795152, 1.869657140538369, 1.718520121816872, 1.7383868859818734, 1.8295904005880261, 1.738845388071366, 1.7597542420849939, 1.8793841213256317, 1.8753776382005714], "(2, 4, 3, 3)": [1.1044866212696969, 1.0010115120846155, 1.4591737265400477, 0.7848896938013658, 0.8186187801986438, 0.5031104762170124, 1.0656317349443036, 0.7727766677241957, 0.6543438856388141, 0.4859181200335505, 0.6731430496414301], "(2, 4, 2, 3)": [1.464804101804902, 1.4248953447475767, 1.6114335336927954, 1.2013103765130269, 1.0642785768083112, 1.239321973956107, 0.9881025782365334, 0.9427839296460011, 1.045280704059588, 1.1980792382779804, 0.9266768610344034], "(2, 4, 2, 2)": [1.7639928964132692, 1.7442196038210096, 1.7074164420391553, 1.7517609569968182, 1.681576283154706, 1.692610176843133, 1.6652082742446659, 1.6542971249268907, 1.5099131120139095, 1.455928283209433, 1.4535955086900147], "(3, 2, 2, 3)": [1.0425788095586528, 1.3336323159149148, 0.964629471041317, 1.9116073522570565, 0.8658182178796895, 0.7793096818311045, 1.036206228764327, 1.3862807147409004, 1.3157861265876456, 1.4170162765679357, 1.2632071155837061], "(2, 1, 3, 3)": [1.5258746653616158, 1.6470607270136481, 1.6128201764632566, 1.6214329143122477, 1.7250490268611038, 1.778085899180001, 1.8061451359238925, 1.7679202960061056, 1.7834155347980691, 1.7773855649952248, 1.8526722347085327], "(2, 1, 2, 2)": [0.39409086468221316, 1.0658443366539847, 0.9444947987529757, 0.6514859002234059, 0.8970608371195885, 0.6676505174938551, 0.9161601503708401, 0.8560671270519169, 0.7969670429762444, 1.2178424804156058, 0.9028937738096539], "(3, 3, 2, 3)": [1.6363549474065306, 1.652591930140208, 1.5425932277673782, 1.5321908576874659, 1.5242531168769777, 1.4181500108546143, 1.5369471617470871, 1.720131591063706, 1.8805009205469037, 1.3795048029153465, 1.463966658407265], "(3, 3, 3, 3)": [1.8571650859519147, 1.8193848754443835, 1.901470044391222, 1.8837600627722857, 1.8699261400553082, 1.8470345505491934, 1.8796823670068337, 1.7966208744317114, 1.8379255678114794, 1.8555697806154932, 1.8678629960484767], "(3, 4, 3, 3)": [1.1355004745949973, 1.3234525697885595, 0.7960451842443284, 0.8451323480892511, 0.6152101811920978, 1.0042315330758127, 1.0658275660170362, 0.9550765808043874, 0.6680416654551695, 0.8373159735749742, 1.113783212792312], "(2, 4, 3, 2)": [1.1595044183571317, 0.41059869969969887, 0.3536874480286272, 0.2371599615748596, 0.0, 0.326106374563063, 0.24238117985056232, 0.5217744376545546, 0.13528836296091612, 0.24570918449888995, 0.23340567279868274], "(3, 2, 3, 3)": [1.9134608805308269, 1.9318542525780609, 1.9452435503245202, 1.9473142488157404, 1.946837472001447, 1.9546980714156184, 1.9489963545361826, 1.9522933799600715, 1.9541079571512274, 1.9346052126149698, 1.906943348276771], "(3, 3, 3, 2)": [1.9093465275565356, 1.856284748479871, 1.9257896495171292, 1.911597511137261, 1.9367135039755186, 1.8664601072147016, 1.8791343813091244, 1.9297372449743062, 1.9181750436572416, 1.907103125776926, 1.8693779667163946], "(3, 3, 2, 2)": [1.9295474735105516, 1.8675235242090076, 1.9628660970036698, 1.95594902835112, 1.9553183063140835, 1.9536701133226622, 1.9555678587465732, 1.954325387269232, 1.943317008692576, 1.9234361559614206, 1.9529333437180902], "(3, 2, 2, 2)": [1.7876910364491936, 1.7636011370511184, 1.756550741142788, 1.9137246344460517, 1.8809686713031164, 1.9159995048003327, 1.827658879247445, 1.8896108064172987, 1.9201229014338548, 1.9008673804330765, 1.935401540421343], "(3, 2, 3, 2)": [1.9091875178526345, 1.8682434119369598, 1.9018632541288667, 1.8823773796098386, 1.9210333686494316, 1.9168106633984991, 1.9306333504777986, 1.912539132263328, 1.9063199216075943, 1.908951103223198, 1.9382321994694232], "(3, 1, 2, 2)": [0.8252900726777804, 1.0927003787470728, 0.7874527638849229, 1.205541847542007, 1.0496862008906163, 0.9233361733479915, 1.053689283318302, 0.6950800021756048, 0.7660905331341885, 0.8590276691655705, 1.310643007592987], "(3, 1, 3, 3)": [1.5973500449846119, 1.599155492647406, 1.6807442562645916, 1.6924256913612559, 1.697117398576878, 1.7879932231426254, 1.7618001289582639, 1.7649881234341689, 1.7959958984727797, 1.836288529364526, 1.798462953628769], "(3, 1, 3, 2)": [0.7001611325548924, 1.033709808640859, 1.3132409965205194, 1.1118109925619444, 1.1964782050404539, 1.2515209236455267, 1.1677915729256994, 1.3008787024925461, 1.55150970964891, 1.4340993207704762, 1.737577637906088], "(2, 2, 2, 2)": [1.8713192683591096, 1.8336285644743453, 1.8647966251044288, 1.8653230886010848, 1.8776257141461512, 1.9072095725438671, 1.8329639570924179, 1.8286746248589416, 1.8994709736362605, 1.8703581012113988, 1.7506317171414048], "(2, 1, 2, 1)": [-0.4732149704792884, -0.19744257126344125, -0.34357380208134003, -0.14915568931892753, 0.06524509186450118, 0.06479394345234182, -0.1629556498448157, -0.2227574348449707, -0.31103697974053623, 0.2328277014676683, 0.34286019441905796], "(2, 2, 3, 3)": [1.9234819087487243, 1.9273310626457751, 1.9446244794013137, 1.9510191859229575, 1.9111658399146072, 1.9423334894930901, 1.9464685953250662, 1.9529670662936787, 1.943081666506634, 1.942074986899627, 1.9491160302544823], "(3, 2, 2, 1)": [0.0, 0.31511637542835613, 0.12173477791094395, 0.3776696729787423, 0.09464512692556279, 0.6251430588319536, 1.3857586007957108, 0.4539009568040877, 0.1892952966723189, 0.4458873549296795, 0.45138452527371964], "(3, 4, 2, 2)": [1.8587845217233585, 1.8316295134964526, 1.7941611206966415, 1.79740856146207, 1.7801044404931785, 1.7816421393998176, 1.7063849344883781, 1.6680535027373131, 1.6153937837683106, 1.5129588123608342, 1.5249731782132516], "(3, 4, 2, 3)": [1.7765560141696795, 1.4912006593137401, 1.364579295534418, 1.2453488682067027, 1.1802106988731007, 0.8542455961798996, 1.1118031911874502, 1.1223828114530077, 0.858337610790152, 0.9616907012049718, 0.6142634858038458], "(2, 2, 2, 3)": [1.771615226397794, 1.65418894749037, 1.8777376382978828, 1.833046084777426, 1.9335068126289525, 1.7775387437354586, 1.8360280059371652, 1.8604980519794145, 1.7480174110231599, 1.8212768543742834, 1.818085242383228], "(2, 2, 3, 2)": [1.505106336117157, 1.8788004281931296, 1.5096992611467008, 1.7267055053050664, 1.6480239661901224, 1.447125363086471, 1.6806613678660791, 1.408347998483421, 1.7650406059334132, 1.77463554849357, 1.7249090046228146], "(3, 1, 2, 3)": [0.0906169092993036, 0.5714148068563576, 0.27366616046873304, 0.11016358733960036, 0.25727757548105734, 0.15250238035018604, 0.11987281909247188, 0.0, 1.0673599095523005, 0.564077015848218, 0.17349748211673766], "(2, 1, 3, 2)": [0.8283117985913282, 0.7140511827464113, 0.9152904485599925, 1.2806298634892004, 1.2672631953954243, 1.177462942919386, 1.2645510449067958, 1.3093468349489092, 1.4006162841119207, 1.7346934831194374, 1.3986925189648585], "(3, 3, 3, 4)": [0.637382713280765, 0.8389677384718404, 1.1258121972626798, 1.6876456831933073, 0.5131703991222395, 0.7291648139875979, 0.635898448941924, 0.6238530598669617, 0.3660348956042432, 0.5969612826417761, 0.6332481249792353], "(3, 4, 3, 2)": [0.6882049880793021, 1.6812343077662129, 0.8992688174021808, 0.8656203557666524, 1.0154935587753433, 0.3116938762467446, 0.5932097560531118, 0.3528640425736772, 0.4929571055182533, 0.5213257990449132, 0.5544777337326567],