{"q_values": {"(2, 3, 2, 2)": [1.2833178500136058, 1.1450442781642713, 1.0951789288089795, 1.2152106948729515, 1.0998463319712628, 1.1070680512572384, 0.8640389580990785, 1.2399091825819302, 1.3177638656095298, 1.1730253334752687, 0.9419786745503621], "(2, 3, 3, 3)": [1.281839926146065, 1.0616563098346312, 1.1723716296633606, 1.060193166381893, 1.0929223615133183, 1.4031455185233552, 1.0562197453732136, 1.2489903998887715, 1.1976866162527229, 1.214468453688184, 1.1092202094365138], "(2, 3, 2, 3)": [0.37768274325202233, 0.11802688921397553, 0.4386116519975523, 0.19872152562361958, 0.1384689611752657, 0.0, 0.09682010412216187, 0.12592192513996547, 0.2066543200929095, 0.2398034174234422, 0.7107666856125233], "(2, 4, 3, 3)": [0.3883480445055974, -0.020995128696064277, 0.4181048076911159, -0.43512819597623625, 0.18508801603885072, 0.06653024367573208, 0.2769530097997119, -0.029705607891538963, 0.6379668611783023, 0.24015162370684504, -0.07481678352931728], "(2, 4, 2, 3)": [0.0888522744178772, 0.24876234835386277, 0.1828272171020508, 0.09284769296646118, 0.08596807718276978, 0.09639400273561478, 0.08635069727897644, 0.17122216991816033, 0.08915442815572075, 0.0, 0.07945533974021673], "(2, 4, 2, 2)": [0.2837866897557506, 0.25591707916557793, 0.14785673864742846, 0.21782934128780526, 0.09768472939729692, 0.09666611635684969, 0.0, 0.19563474055667998, 0.23826991146639573, 0.08397622175738216, 0.0], "(3, 2, 2, 3)": [0.0, 0.2731258107437877, 0.0, 0.29648862305910495, 0.15565881458990471, 0.0, 0.0, 0.15002457122161786, 0.0, 0.0, 0.1905423531927094], "(2, 1, 3, 3)": [0.21566924259078601, 0.3111065293595854, 0.30536104755680327, 0.3720454334042833, 0.40517335191267034, 0.32055575484374293, 0.5252765563532518, 0.32783056782112296, 0.6977358533442135, 0.19713264296471394, 0.0], "(2, 1, 2, 2)": [0.0679027582597973, -0.021015958391737227, 0.28272928572797507, 0.3566023182540133, 0.6688469238255281, 0.7579680476282588, -0.23556831339583817, 0.4858834248329926, 0.63202198477645, 0.3890942034559721, 0.6343524134833423], "(3, 3, 2, 3)": [0.12357898103117747, 0.09870545864105225, 0.35982113783985825, 0.09940264225006104, 0.23278427158284057, 0.10530196619656679, 0.5235264750255382, 0.35482220900270056, 0.16151964503697336, 0.28209852900792753, 0.0], "(3, 3, 3, 3)": [1.3889845583040747, 1.0773614968878142, 1.0782783325602616, 1.0402934784101983, 1.1448532406948881, 1.3621559905975942, 1.3435813122415154, 1.1983772644672022, 1.117734793843538, 1.1265724734147173, 1.0976770754719862], "(3, 4, 3, 3)": [0.15039470279869047, 0.25865501416553427, 0.23893623928504792, 0.182937493401369, 0.4078648968763629, -0.07053566671405667, 0.6100883132533937, 0.5152674508850299, -0.32947682996634287, 0.5399627985468894, 0.32749225545133553], "(2, 4, 3, 2)": [0.0, 0.0, 0.0, 0.0, 0.0, 0.0, 0.0, 0.0, 0.0, 0.0, 0.0], "(3, 2, 3, 3)": [1.0869992305354408, 1.2727229719572069, 0.8887333053815129, 1.1957957488592041, 1.2462794298690845, 1.183584346525445, 1.1999355258403146, 1.211158317203627, 1.383995803570767, 1.2758677001576464, 1.2496836809172964], "(3, 3, 3, 2)": [0.0, 0.0, 0.1360679377432814, 0.12478616459980914, 0.0, 0.0, 0.0, 0.2380187844061597, 0.0, 0.21833749904395372, 0.0], "(3, 3, 2, 2)": [0.9873880510398673, 1.0468217613016295, 1.093673624627959, 1.1182218211755137, 1.1999566091093905, 1.1386723024892214, 0.8399929854682646, 0.9941852815360614, 0.9765141872281607, 0.8517922123520281, 0.9553435900067104], "(3, 2, 2, 2)": [1.045087551085386, 1.1589627104591085, 1.0119404303785362, 1.0505464495690509, 1.1242548873298008, 0.9740033117905708, 1.088734278468836, 0.9275154859859182, 1.1474681019016653, 1.220538965918403, 0.8866539331133267], "(3, 2, 3, 2)": [0.45346851036984037, 0.3393366220074718, 0.2793463075749284, 0.10866363072916865, 0.21431816025307496, 0.27483118110895155, 0.0, 0.5399065514837922, 0.4095639637397363, 0.4039005285616615, 0.39866406890850575], "(3, 1, 2, 2)": [0.06582433338654298, 0.45222519038997544, 0.2971427398446126, 0.44727030077993724, 0.3777305785904451, 0.3679021519956593, -0.12159091973334904, 0.22641576956781803, 0.7817420789095667, 0.42747306479516733, 0.6891911030282523], "(3, 1, 3, 3)": [0.22582366186877473, 0.9085460925908403, 0.40263086964512873, 0.6115041996609171, 0.5192199594749674, 0.6093605496704745, 0.625575392129814, 0.6587828577968105, 0.8063808654423529, 0.583658353503671, 0.6566650072622207], "(3, 1, 3, 2)": [0.09621057078071844, 0.24491053153923145, 0.17786501579207525, 0.09114606782838702, 0.08559436681121588, 0.17713357709204683, 0.0970797828050452, 0.40847743567635775, 0.11019582750997521, 0.33142119016240157, 0.20254424988415942], "(2, 2, 2, 2)": [1.4227106201228794, 1.4284336091595182, 1.4411382586507204, 1.499654046207874, 1.3961620726593855, 1.5528530956011841, 1.3259598345408299, 1.374694666791488, 1.4126387573747923, 1.328948050551792, 1.4145916757265484], "(2, 1, 2, 1)": [-0.21615041911602023, 0.0, 0.0, -0.208768673465997, 0.0, 0.08356128931045533, -0.159553271926553, -0.2227574348449707, 0.0, 0.0, 0.0], "(2, 2, 3, 3)": [1.3608000100198125, 1.3072644978877062, 1.3635194910851427, 1.3302606612538561, 1.2958442433052313, 1.3919221920521359, 1.2312678073929817, 0.9691509151333426, 1.3761637687124162, 1.3207295171044406, 1.2566255421934167], "(3, 2, 2, 1)": [0.0, 0.0, 0.0, 0.0, 0.0, 0.0, 0.0, 0.0, 0.0, 0.09813767094910146, 0.0], "(3, 4, 2, 2)": [0.34338804800523376, 0.5100187039167547, 0.333235205093395, 0.5667484197118016, 0.33599086356670266, 0.46013634409701576, 0.35181319014410617, 0.2120721653667984, 0.33293064512601434, 0.3722510743273112, 0.30471668668618695], "(3, 4, 2, 3)": [0.18650228063368798, 0.09139506235718728, 0.0, 0.2040921486895101, 0.0, 0.09172630548477173, -0.17965684786689734, 0.1621156406402588, 0.07970975494870375, 0.07166611185073853, 0.0], "(2, 2, 2, 3)": [0.2849872993232377, 0.0, 0.262401902210574, 0.2572370363007369, 0.34855943585738547, 0.10454668699109182, 0.0, 0.15677748702586503, 0.0, 0.0, 0.45634312209390937], "(2, 2, 3, 2)": [0.5413717258119617, 0.7908556056378226, 0.38768047086214674, 0.6279314994622863, 0.6514479254253812, 0.30309743096397507, 0.6324067310974948, 0.26174663942069565, 0.6384404276872524, 0.2515321182822645, 0.8703785943057176], "(3, 1, 2, 3)": [0.0, 0.08910718560218811, 0.0, 0.0, 0.0, 0.0, 0.11987281909247188, 0.0, 0.0, 0.0, 0.0], "(2, 1, 3, 2)": [-0.08117004855853077, 0.17859097504305066, 0.09061898160309473, 0.26735158710527723, 0.29247961830943825, 0.16035209198172767, 0.09666081545501948, 0.21170536201196993, 0.2758518084737712, 0.10229927493803426, 0.18953566639798688], "(3, 3, 3, 4)": [0.08124903884887696, 0.0, 0.0, 0.12669864065286332, 0.0, 0.0, 0.0, 0.0, 0.0, 0.0957348108291626, 0.0], "(3, 4, 3, 2)": [0.0, 0.18277716393371107, 0.0, 0.0, 0.0, 0.0, 0.0, 0.0, 0.0, 0.0, 0.0], "(2, 3, 3, 2)": [0.0, 0.0, 0.0, 0.4994084445711531, 0.14391422776540921, 0.0, 0.0, 0.2538239255276141, 0.0, 0.1654937289706757, 0.0], "(2, 1, 2, 3)": [0.0, 0.10150221348561482, 0.09830311812451856, 0.0, 0.0, 0.0, 0.0, 0.0, 0.0, 0.0, 0.0], "(3, 1, 2, 1)": [0.0, 0.0, 0.08655614256858826, 0.0, -0.17410361418311113, -0.21762680068612097, 0.08358548879623413, 0.0, 0.0, 0.0, 0.0], "(3, 4, 3, 4)": [0.0, 0.0, 0.0, 0.0, 0.0, 0.0, 0.0, -0.22412827014923098, 0.0, 0.0, 0.0], "(2, 2, 2, 1)": [0.0, 0.0, 0.0, 0.0, 0.0, 0.0, 0.1641501705074565, 0.0, 0.0, 0.0, 0.0]}}