{"q_values": {"(2, 3, 2, 2)": [0.0, 0.189574670791626, 0.0, 0.0, 0.18983347684144974, 0.09863416552543641, 0.09700977802276611, 0.2663637056678534, 0.27585401203483345, 0.09918144941329957, 0.0993337631225586], "(2, 3, 3, 3)": [0.09407104253768922, 0.09583503603935242, 0.3408712928593159, 0.2776318086519837, 0.09900206327438354, 0.0, 0.09393615722656251, 0.17889139890670777, 0.09625245928764344, 0.09270203113555908, 0.19641708028316499], "(2, 3, 2, 3)": [0.10677507844865322, 0.0, 0.0, 0.0, 0.0, 0.0, 0.09682010412216187, 0.0, 0.10394401252269746, 0.1054593908198178, 0.10140150964260103], "(2, 4, 3, 3)": [0.0922507643699646, 0.08324303030967713, 0.0, 0.09072567224502565, 0.0, 0.09115542173385621, -0.22018465995788575, 0.0, 0.16808964908123017, 0.0, 0.0], "(2, 4, 2, 3)": [0.0, 0.09105188250541688, 0.0, 0.0, 0.0, 0.0, 0.0, 0.09183419346809388, 0.0, 0.0, 0.0], "(2, 4, 2, 2)": [0.0, 0.09224853515625, 0.0, 0.09384310841560364, 0.0, 0.0, 0.0, 0.0, 0.0, 0.0, 0.0], "(3, 2, 2, 3)": [0.0, 0.0, 0.0, 0.0, 0.0, 0.0, 0.0, 0.0, 0.0, 0.0, 0.0]}}