{"q_values": {"(2, 3, 2, 2)": [1.826696429379512, 1.8632846131656393, 1.8661157627643605, 1.895056997656479, 1.8624200935899398, 1.82524674623994, 1.8363938508072921, 1.8168067777663175, 1.6990430179093028, 1.7504930399813927, 1.7359874458811473], "(2, 3, 3, 3)": [1.7471410571622317, 1.7295820746514137, 1.7100194911933857, 1.7785552208573614, 1.6330352399632684, 1.742813339237797, 1.6261198073326297, 1.745167067238091, 1.624615134422477, 1.7472511271378097, 1.7080938048750083], "(2, 3, 2, 3)": [1.1954988791142198, 0.8477160467472001, 1.3995467187742578, 0.8518986220397594, 0.8748699234794126, 0.3756832369082595, 0.7215960264877198, 0.6928385813948612, 0.6951660801407042, 1.5455802660347464, 1.1210437720358677], "(2, 4, 3, 3)": [0.9679430100300984, 0.9338010611971302, 1.0654374501609887, 0.7225840821107388, 0.8385542154227581, 0.4605451350010639, 0.8566474944024066, 0.21161383505336626, 0.17772468292277044, 0.3984434950336651, -0.020212224612551344], "(2, 4, 2, 3)": [0.4223735181931555, 0.7845903216731078, 1.1883689739187415, 0.6313972811889932, 0.33884043647453754, 0.5925921945447932, 0.4599702594074901, 0.4030301748927384, 0.3971184013998448, 0.16708380286081972, 0.15236420433293157], "(2, 4, 2, 2)": [0.9638480079091223, 1.0583317979799556, 1.0769244081720906, 0.9960374489706401, 0.9434444159384362, 1.3952864678731092, 0.9330654963607072, 0.7260974346268207, 0.6128413226243306, 0.8142600781894836, 0.9538823751784863], "(3, 2, 2, 3)": [0.5802505685041415, 0.6948920329504891, 0.6144610791554646, 1.098072052841493, 0.15565881458990471, 0.19940432718247797, 0.33903379053524885, 0.631904861073879, 0.33482449924625896, 0.45099299967158346, 0.3506987894691921], "(2, 1, 3, 3)": [1.259984631299226, 1.177145094442917, 1.246483676671507, 1.1186556936170102, 1.0314448750751892, 1.3169617731819478, 1.3292553982582407, 1.2901918671461916, 1.5522169639060337, 1.3563197292900484, 0.9747507659897903], "(2, 1, 2, 2)": [0.7756372287008778, 0.049796474676524205, 0.45275589933044735, 0.8721724658585572, 0.6477023552676491, 1.2362594781846317, 0.8878625604215926, 0.02546847978815084, 0.6358817330982088, 0.9623725983747906, 1.1213309957090982], "(3, 3, 2, 3)": [0.7760075461604847, 0.68843507206778, 0.6322517595857273, 0.6475595395097321, 0.7972129091228293, 0.5760760578876857, 1.2907706732812492, 1.1075960914489738, 1.343465866516822, 0.43187636634162796, 0.34688171772890763], "(3, 3, 3, 3)": [1.7806136686258354, 1.7087676934685878, 1.7389028604516443, 1.7745303161319772, 1.7734576205351678, 1.8125749527230275, 1.6414292965163997, 1.8004220425813064, 1.7790546560159153, 1.6557639511330249, 1.7213590259545186], "(3, 4, 3, 3)": [0.7281423387164754, 0.9559170335246417, 1.0748772755471212, 0.9165484873473027, 0.5890520459960309, 0.49620321513653776, 0.2183597271596595, 0.7881526100773232, 0.5078258597384401, 0.7502625901973793, 0.10348021494315729], "(2, 4, 3, 2)": [0.4030665132995186, 0.12773418712356516, 0.19280751325626716, 0.1242556631178665, 0.0, 0.0, 0.0, 0.1007704859389927, 0.0, 0.11304626952920488, 0.0], "(3, 2, 3, 3)": [1.7966444119524099, 1.7744132670828372, 1.7649881564155503, 1.8108649106451382, 1.8670177767555463, 1.8670463988927979, 1.8698676188166532, 1.8964681352050612, 1.806884292540498, 1.8439580442864023, 1.862795426501224], "(3, 3, 3, 2)": [0.49182775722733774, 0.6183186497103508, 0.5096983796146197, 0.9488487821289472, 0.5967295250066087, 0.23280000418471838, 0.6261530442932083, 1.38820491693016, 0.33874788211560725, 0.7611043254046873, 0.6199128273520577], "(3, 3, 2, 2)": [1.8216014880607274, 1.8051833592033506, 1.8370158628562934, 1.8437958046360885, 1.8785943564326517, 1.8129861641359377, 1.657219844812171, 1.7242920831587079, 1.7745639851971877, 1.7381886893196623, 1.7610279405934666], "(3, 2, 2, 2)": [1.7739206569044819, 1.7089524616892195, 1.736878551142114, 1.7856642853287683, 1.7511359419713102, 1.7735768791117696, 1.7482184580505442, 1.721683279716201, 1.769838384789912, 1.8285761355298693, 1.7650523504028255], "(3, 2, 3, 2)": [0.9126058630933543, 1.3299479833231345, 1.1922134012349341, 0.9189003047130186, 1.1345336048315127, 0.8067275973853943, 1.1588414872391521, 1.239077686823731, 1.1263217173758293, 1.6265644823202041, 0.9885140681969924], "(3, 1, 2, 2)": [0.7470379801206707, 0.8663708335627872, 0.3169881197356751, 0.49587960006638154, 0.9493635687942821, 0.606094797020931, 0.46958946802286144, 0.9756336673752712, 0.7814950434741762, 0.8950941427330477, 0.923299626566376], "(3, 1, 3, 3)": [1.0527682802553202, 1.2512692062273116, 1.2025842093760908, 1.010174392632114, 1.2776315014500248, 1.2871961528543054, 1.4005702182911757, 1.4254536308275771, 1.2664482692081107, 1.4103816836927927, 1.5518544586476746], "(3, 1, 3, 2)": [0.5924296930170385, 0.43861164701492644, 0.4474620154245496, 0.7296589709656388, 0.4309704118670381, 0.596712780598603, 0.3989463180124558, 0.6430153391469187, 0.51219204134227, 0.33142119016240157, 0.966300982092141], "(2, 2, 2, 2)": [1.7240133408180482, 1.692513139694699, 1.741122228470973, 1.6620099191512347, 1.7633219891149994, 1.8086882174692498, 1.7709288779080845, 1.7504060369801882, 1.768184554212096, 1.6940701220758896, 1.69617305909238], "(2, 1, 2, 1)": [-0.3742704401605378, -0.19744257126344125, 0.0, -0.10452647303910555, 0.0, 0.32767994519487287, -0.33696736853204745, -0.2227574348449707, -0.20258657264500474, 0.0, 0.0], "(2, 2, 3, 3)": [1.74070987419667, 1.7740273821713193, 1.8201747689147414, 1.7556031325232655, 1.7793679306214991, 1.862720898739521, 1.8554556946657024, 1.8494942423802758, 1.8666559623961705, 1.8816128665143852, 1.8793710116884812], "(3, 2, 2, 1)": [0.0, 0.0, 0.0, 0.0, 0.0, 0.3139786506934691, 0.18466471164009202, 0.0, 0.0, 0.09813767094910146, 0.18739579379467192], "(3, 4, 2, 2)": [1.3444967002616814, 1.240323815161734, 1.1663668557747369, 1.061503234629771, 0.9709287088702888, 1.4322951883762607, 1.094569583770199, 0.9294105591582374, 0.9999524843730339, 1.1624016996425586, 1.0550913682486132], "(3, 4, 2, 3)": [1.0769834153097513, 0.8604758118973741, 0.4981589243927925, 0.42298999555000283, 0.6298823052880161, 0.45460223373050257, 0.44324549698399107, 0.5378728839006667, 0.621875637690485, 0.20423916845366752, 0.3173476845088973], "(2, 2, 2, 3)": [0.9069782219688364, 0.49035505372902505, 0.6808814190486019, 0.947836042102667, 1.1868221742306568, 0.6770471518908452, 0.9983698376128693, 0.8508309408486601, 0.6492422647364738, 0.5109889490836584, 0.45634312209390937], "(2, 2, 3, 2)": [1.1467199576916542, 1.5189732878758144, 0.8972311170190976, 1.0997180818582817, 1.0860707712542597, 0.5002969475710188, 1.2058953413153888, 0.6792258386701588, 1.3513405664936533, 0.8737354174957708, 1.1919353817627132], "(3, 1, 2, 3)": [-0.2181438446044922, 0.08910718560218811, 0.14424244158516017, 0.11016358733960036, 0.11447969793822382, 0.0, 0.11987281909247188, 0.0, 0.2806626954312547, 0.12394057551807336, 0.0], "(2, 1, 3, 2)": [0.42780853925579737, 0.5204683449173467, 0.7645091598328433, 0.8575016585054094, 0.7886357054445435, 0.7709656360956603, 0.35698397225086403, 0.8713844310149398, 0.9790937614079708, 1.1491175147242694, 0.5973877820002483], "(3, 3, 3, 4)": [0.49055159716318697, 0.4332754693976334, 0.0, 0.5943147302592064, 0.41006171560534654, 0.49221194644631516, 0.2882113607676072, 0.275607708637362, 0.20572943767720814, 0.2514330060680852, 0.18240259659290314], "(3, 4, 3, 2)": [0.1717755809128631, 0.7313364967713636, 0.0, 0.2511736118879233, 0.32624808496783997, 0.0, 0.2874250792465989, 0.13846271284234773, 0.1290743684037309, 0.10518011856517569, 0.23049909334617502], "(2, 3, 3, 2)": [0.4901456419309558, 0.6171057917703621, 0.6244854342031447, 0.9470140346074867, 0.38858076000751823, 0.30104366147224515, 0.32399618018619075, 0.5389316720639712, 0.3266533210611481, 0.47205698530259665, 0.5963275436701904],