{"q_values": {"(2, 3, 2, 2)": [1.928914233152415, 1.9535601862286829, 1.9545525868547955, 1.961477097165122, 1.9681994626895194, 1.965907517154973, 1.972005184304499, 1.9397150951147635, 1.9595718694259614, 1.9635775064788463, 1.9605576255777637], "(2, 3, 3, 3)": [1.9211224167611904, 1.9747677425419052, 1.8779895192685945, 1.927584623000362, 1.8962495838510989, 1.9134665783736826, 1.8904818817840328, 1.913259856090645, 1.8478405717634874, 1.874544850119183, 1.8296916466471727], "(2, 3, 2, 3)": [1.9816516488602094, 1.960287055279557, 1.9443240153497938, 1.9533369179472817, 1.9551409363117678, 1.9593368015529866, 1.951983121481917, 1.9436345746587482, 1.9488899233992616, 1.9535713903152283, 1.9484815838103264], "(2, 4, 3, 3)": [1.046106887779449, 0.9913481969898785, 1.2487775079675725, 1.1200082072595268, 0.9076084583256382, 1.0239264941668242, 0.9831307409329859, 0.8316061166388248, 1.0232714609080937, 0.9261533843785748, 0.24834686401834147], "(2, 4, 2, 3)": [1.79158569973651, 1.2916765949342828, 1.5255912005323156, 1.3065602394804121, 1.6004173377584352, 1.499349116860532, 1.2568594523170113, 0.9482894651189007, 1.3007947831303381, 1.0417305641833743, 1.3147437227395649], "(2, 4, 2, 2)": [1.819357320439326, 1.790261117032407, 1.804385917594233, 1.8503808649575975, 1.7851067741184254, 1.815382329537541, 1.795734711085819, 1.7530047061906568, 1.7300521494174954, 1.7089530741237584, 1.6537099903536603], "(3, 2, 2, 3)": [1.4171163243083247, 1.6569961901110992, 1.5242102806286304, 1.9515071319619677, 1.6728509124200535, 1.4866696775547705, 1.4768271905681982, 1.7193251819990922, 1.5859526588968373, 1.8000928559883835, 1.748191630620179], "(2, 1, 3, 3)": [1.6557477845087096, 1.6540739110233065, 1.6844767977406052, 1.7843525856884488, 1.7396915990392738, 1.8007483294807771, 1.8339919312168043, 1.825868465805343, 1.8431530696798908, 1.8270106940805089, 1.8521949171353458], "(2, 1, 2, 2)": [0.849627222199103, 0.8150198572951665, 1.2610775619965826, 0.9126372857300994, 1.2251392190985781, 1.0377149929774816, 1.3582618683323417, 1.429817721557267, 1.2862404633464073, 1.1584238731960903, 1.2427268198992827], "(3, 3, 2, 3)": [1.89865649900558, 1.9131831588584047, 1.9721212665901315, 1.8772041132448598, 1.907870475021431, 1.858816352006278, 1.861066435384369, 1.8966740258047232, 1.8867480825008647, 1.8190587707348196, 1.8559393179021832], "(3, 3, 3, 3)": [1.9372586419046534, 1.9692538674641054, 1.9455139313787926, 1.9422875792412744, 1.951828147371734, 1.9609780868736302, 1.9606735479963386, 1.9126998585879074, 1.9616919641016, 1.9150992369887136, 1.8952362065831796], "(3, 4, 3, 3)": [1.3282859868884875, 0.5530393559495587, 0.6697588154952072, 0.9048394647552466, 0.7125063243395016, 0.8510490392777534, 0.709499504174513, 0.4197231786700907, 0.5100719854479169, 0.7303125449970702, 0.7784901974450547], "(2, 4, 3, 2)": [1.7207482058933146, 0.6757071978404543, 0.7416391990851747, 0.2371599615748596, 0.620000297729693, 0.523048690368149, 0.5932399876914263, 0.5217744376545546, 0.28429501692287257, 0.24570918449888995, 0.5010713893465651], "(3, 2, 3, 3)": [1.958049915890979, 1.9733247419110593, 1.9614381329241, 1.9712846820361554, 1.9793999189475038, 1.9739834659610043, 1.9842514008603829, 1.9778588188727502, 1.9744633720677311, 1.974130407073967, 1.951935169713729], "(3, 3, 3, 2)": [1.9785913231555177, 1.9661816650399935, 1.976899067430872, 1.97568894681793, 1.9779995214641897, 1.9756671511756794, 1.9753472578023814, 1.9725754369995054, 1.9729934024356652, 1.9710414893860777, 1.9700266729351703], "(3, 3, 2, 2)": [1.9699139539432757, 1.9499355198628114, 1.976264741980045, 1.9751278322837003, 1.9803281001005, 1.9756738410864827, 1.9749714840636474, 1.967851929912634, 1.973203523643677, 1.976168063093059, 1.9741961064330058], "(3, 2, 2, 2)": [1.9469652253757215, 1.9523073656626013, 1.9134297039799664, 1.9535940426621032, 1.9424473970356886, 1.956565682966017, 1.9597550214405282, 1.9662672866279565, 1.9818760845327066, 1.9530762528905605, 1.940449788276487], "(3, 2, 3, 2)": [1.9554715954160065, 1.9182660961784508, 1.9310962757746095, 1.9538015501656167, 1.9420078948350632, 1.9430945125956214, 1.9770971441364402, 1.954231285012643, 1.9504825463296664, 1.950613702057265, 1.9568648234065], "(3, 1, 2, 2)": [0.8226204317266416, 0.9033627954744105, 0.8965915929983038, 1.0737531692233395, 0.7892404697124946, 1.279259685432345, 1.0217369800293756, 0.44026936323517796, 1.0401176658853508, 1.457966024579627, 1.232773406835253], "(3, 1, 3, 3)": [1.6645367213540705, 1.7209907495444452, 1.7315482310709274, 1.7792682058332105, 1.699849484987804, 1.8200617131727168, 1.816350972137123, 1.8141318087091434, 1.83548944349965, 1.8342428262700425, 1.8516857148882973], "(3, 1, 3, 2)": [1.1412584842082212, 1.1485766339325432, 1.4956700489908086, 1.1350771065052545, 1.4858686437430457, 1.63708194983193, 1.3340775015143687, 1.6562782502390982, 1.4784032118292925, 1.226598915661695, 1.8152447361224389], "(2, 2, 2, 2)": [1.86778121598286, 1.9006051745144383, 1.89391890373858, 1.9013775903305665, 1.922335588344285, 1.9357941776948995, 1.91780046229398, 1.9136558282817682, 1.9467028078511557, 1.9112593990553024, 1.982003099947554], "(2, 1, 2, 1)": [-0.5519733260432358, -0.08968683919604681, -0.34357380208134003, 0.1482125116879608, 0.06524509186450118, -0.06588768588456642, -0.31321817094978976, -0.08093557562869824, -0.31103697974053623, 0.5219899121559699, 0.29593168495764977], "(2, 2, 3, 3)": [1.9615120963040071, 1.9606163073825251, 1.9597905064628476, 1.9599303416467897, 1.958518849068058, 1.9588250625268684, 1.9597272612039163, 1.9604943775214572, 1.9216412125513302, 1.9659722947478095, 1.8999701069308725], "(3, 2, 2, 1)": [0.19036167430114814, 0.4280795230543848, 0.12173477791094395, 0.8055642615691622, 0.33928491464610455, 0.7819666482004355, 1.8360922674029818, 0.6002045895776499, 0.6050790686303436, 1.2240066896725714, 0.7865846785190042], "(3, 4, 2, 2)": [1.8023137253244974, 1.8102288008021687, 1.7799054334978182, 1.8054932160463621, 1.8147121745083314, 1.819629301565513, 1.5151873711556345, 1.6299703985734755, 1.7092106238179663, 1.6371378648937367, 1.6107433252797672], "(3, 4, 2, 3)": [1.6187892633008514, 1.79521806920515, 1.5865428239486614, 1.496640530683771, 1.4782078206118083, 0.9103056730923285, 1.5057951605119149, 1.291869556690258, 1.1453285134681261, 1.0029595303086791, 1.1010989574694916], "(2, 2, 2, 3)": [1.9556070319591883, 1.962873357869018, 1.9694092161269945, 1.9654483482636897, 1.967156478276875, 1.933253313915392, 1.979130839667021, 1.968223210726188, 1.90804981291787, 1.9702934542674966, 1.971679682724425], "(2, 2, 3, 2)": [1.7875675825599573, 1.9314160047439901, 1.8517973288932528, 1.9201665032234914, 1.9093651283943083, 1.8900901534796626, 1.92010612449978, 1.9204286605027103, 1.9569022612297862, 1.9393644930317018, 1.887345684190894], "(3, 1, 2, 3)": [0.0906169092993036, 0.7288380674965274, 0.4159418213356717, 0.11016358733960036, 0.38927471117280565, 0.2933264550918512, 0.28442462702265814, 0.34087434852256593, 1.5959192507095614, 0.564077015848218, 0.17349748211673766], "(2, 1, 3, 2)": [1.221407147363363, 1.1615886741571848, 1.1907730947743356, 1.508078613354237, 1.4333746042318745, 1.4820746891018206, 1.3261464825941516, 1.4998288861498104, 1.751166706641966, 1.5523160834292917, 1.5119462149166851], "(3, 3, 3, 4)": [1.0649496654769088, 1.3438885617320102, 1.2829847779919243, 1.72362114881896, 1.3159215971859153, 1.0919422878825669, 0.9845050247490914, 0.9262216592834549, 0.917370687512934, 1.1222595848593049, 0.7945711970436728], "(3, 4, 3, 2)": [0.8986230443397343, 1.8036546603208539, 0.9837089970762583, 0.9563850797563084, 1.2897571566341588, 0.6636489038305058, 0.7764069561928717, 0.7205744709976897, 0.9081291036894492, 0.4848794589162376, 0.4644649430541476],