{"q_values": {"(2, 3, 2, 2)": [1.9588999970757048, 1.9751238541808682, 1.9242333877012756, 1.9624093884065779, 1.9617950657094358, 1.9694546012449468, 1.9571432473779729, 1.9564415290828827, 1.971084566961942, 1.9656698578152005, 1.9683834039569432], "(2, 3, 3, 3)": [1.9658634670859052, 1.946685475076769, 1.9545594209133483, 1.9432141556196574, 1.9557978770484756, 1.947689051877944, 1.9511515156778942, 1.9562023172061156, 1.8962181046441393, 1.9568810168069861, 1.883660115976428], "(2, 3, 2, 3)": [1.9625730846453024, 1.955727385597935, 1.921389031747231, 1.9557160661907804, 1.9583944648675442, 1.9493491215437844, 1.9515191802002447, 1.9507528909547958, 1.9134831573360414, 1.9455732912993047, 1.9492788146176123], "(2, 4, 3, 3)": [1.549593591309605, 1.2348678914650426, 1.1403799096166918, 1.2945248552803894, 1.189982090307188, 0.8162968487086846, 1.2355453299703556, 1.2542827057558001, 1.2673591206181378, 0.7054564988194328, 0.19225738948502907], "(2, 4, 2, 3)": [1.7988389005777108, 1.5942232697009528, 1.5789797794814746, 1.4673585009298118, 1.615013875453087, 1.5988699502890364, 1.2929539068845015, 1.0514182400459242, 1.3059499154713565, 1.1853571934619331, 1.4147613364482117], "(2, 4, 2, 2)": [1.862641784838884, 1.826746014152652, 1.8348430909202706, 1.8107790166241557, 1.830052057601726, 1.8088813553901875, 1.8174718399721583, 1.7523401179735905, 1.6805768994255534, 1.6856212312751346, 1.6596235602100178], "(3, 2, 2, 3)": [1.5198854354583293, 1.7438041857353916, 1.6105169692227972, 1.9667103914035486, 1.7027091064755147, 1.5965541150602036, 1.6838605649536367, 1.8069496244596246, 1.6935285528362272, 1.8504800803826331, 1.8121684810015817], "(2, 1, 3, 3)": [1.6214697526282462, 1.4050003656839054, 1.6756766890010018, 1.7938582994868644, 1.796502492125881, 1.820383259569514, 1.8108986055993674, 1.8627356067274634, 1.8512281638393655, 1.8234966590321262, 1.8385912871843164], "(2, 1, 2, 2)": [0.7303455255207089, 0.7725347790978631, 0.8694241445639854, 1.042895517069917, 0.7485724745748257, 0.9267292529986751, 0.9917218662968581, 0.6749599096024834, 0.7620545841522609, 0.9322719192065992, 1.0662549801562675], "(3, 3, 2, 3)": [1.9332808501623218, 1.9354100075043734, 1.9628973502035252, 1.9132227291364206, 1.9268259863063075, 1.8930858943792022, 1.9270160962794467, 1.9235326039616267, 1.9306678061445064, 1.854594683382638, 1.8962846964687967], "(3, 3, 3, 3)": [1.9455148278487855, 1.943463869183459, 1.9240550505402645, 1.9274443137391006, 1.947136757822206, 1.9183207183020266, 1.9205060071112592, 1.9151730433716294, 1.8991447323947392, 1.8810261487821833, 1.913383182565661], "(3, 4, 3, 3)": [1.5061792808593806, 0.7815546208872888, 1.1470941443901093, 1.2032389045765368, 1.1562408885189124, 0.9784477101939282, 1.149385319868437, 0.5854324256573127, 0.42348990159251665, 1.2618778838267004, 0.7861768422717808], "(2, 4, 3, 2)": [1.7171425058959713, 0.7871567571926461, 0.7416391990851747, 0.2371599615748596, 0.620000297729693, 0.523048690368149, 0.5932399876914263, 0.6370769679539247, 0.28429501692287257, 0.36381495810257486, 0.5010713893465651], "(3, 2, 3, 3)": [1.9677694547227678, 1.9775680755266887, 1.967782080507997, 1.9768176300543792, 1.9764966643115305, 1.977576039636175, 1.9742774700897894, 1.977410617097042, 1.9741670946419663, 1.9362241143363563, 1.954447614071819], "(3, 3, 3, 2)": [1.9712631211997107, 1.9755994491622546, 1.9752002786273215, 1.9747088498239043, 1.9756311794328318, 1.974607032216925, 1.9755925944329797, 1.969175145016266, 1.9650706511009883, 1.9746714888414174, 1.9574920198497165], "(3, 3, 2, 2)": [1.9642685142174707, 1.9666266391569789, 1.9691209289131344, 1.9644217365899383, 1.9683248620408331, 1.963474469038908, 1.9638488304360489, 1.967072045711227, 1.9679736906950387, 1.9618015515866205, 1.9681076089202045], "(3, 2, 2, 2)": [1.8546485774634058, 1.8934973527124115, 1.9456024573529231, 1.9303025979504662, 1.9365347427722845, 1.9110468462320933, 1.8930973668787336, 1.9437433494010157, 1.9735711343105455, 1.940378927091183, 1.9332748233411192], "(3, 2, 3, 2)": [1.9420854755189638, 1.9675875887865146, 1.9627043005830302, 1.9566217409671445, 1.9597135656134526, 1.9710999768464916, 1.9668473910522375, 1.9409253040195336, 1.9773627385822306, 1.9755662521805442, 1.9722676674610058], "(3, 1, 2, 2)": [1.0283449435189664, 0.8739235746839452, 0.8699765110795453, 0.8928124261279342, 1.1327524577876424, 1.077023249650664, 1.0348892347042389, 1.0498148608969937, 1.1769697865848139, 1.2541411230193373, 0.8179944522346636], "(3, 1, 3, 3)": [1.6960312723161817, 1.6786371786516627, 1.7585221492384477, 1.7532067461415861, 1.7277463210728865, 1.8205611853532797, 1.8314401255546802, 1.8173461838206677, 1.818619077906929, 1.8188173209848641, 1.8175096307006784], "(3, 1, 3, 2)": [1.2401986906495848, 1.2682606469596789, 1.5184810334574697, 1.2944556858146283, 1.2511286719788832, 1.4673859108381682, 1.4397281330611138, 1.4223313712192387, 1.6545602429709598, 1.0822351689162308, 1.5214145094329024], "(2, 2, 2, 2)": [1.913205344072527, 1.8943493641617932, 1.8674874580673528, 1.87328642366011, 1.8952127329971056, 1.9014122472280532, 1.9044832070700801, 1.9596246663238694, 1.9446434364669074, 1.925145568203883, 1.9348997214213115], "(2, 1, 2, 1)": [-0.5519733260432358, -0.08968683919604681, -0.43133139123726294, 0.24696665728325656, -0.06886408135388962, 0.0704419629140346, -0.31321817094978976, 0.09132821921131751, -0.31103697974053623, 0.4287279714774769, 0.29593168495764977], "(2, 2, 3, 3)": [1.97005140017463, 1.9652670187352932, 1.9692811248216406, 1.9707735166806288, 1.9701726616233513, 1.9639337546537128, 1.9732677529274674, 1.970490271063688, 1.9710502703666375, 1.912713623541488, 1.964704237469573], "(3, 2, 2, 1)": [0.3513273262471458, 0.6435738093140951, 0.2231984623936723, 1.0462950363806398, 0.4683055024817619, 0.7819666482004355, 1.843803042995228, 0.6002045895776499, 0.6855217195501275, 1.2240066896725714, 0.7865846785190042], "(3, 4, 2, 2)": [1.8218291613821638, 1.8178348525095087, 1.8131359013710193, 1.8181285221727248, 1.8185409951238776, 1.8194808615210258, 1.7105801585235363, 1.7230048983408808, 1.684888789886567, 1.6719387591052426, 1.6820354079380273], "(3, 4, 2, 3)": [1.637858313263572, 1.7794593559141754, 1.5865428239486614, 1.496640530683771, 1.5813499124618586, 0.9103056730923285, 1.5231392839351723, 1.291869556690258, 1.2075713471430611, 1.0029595303086791, 1.1010989574694916], "(2, 2, 2, 3)": [1.9698966531432753, 1.9700497744850818, 1.9685262429889228, 1.974102151120208, 1.9708870195891421, 1.9701721758906978, 1.9748015167094883, 1.9741737738745826, 1.9749861379932223, 1.9707571309070948, 1.9749983848332202], "(2, 2, 3, 2)": [1.867959680305338, 1.9227024057861577, 1.8833165686397315, 1.9456064127883637, 1.9402686998682621, 1.9064733146308555, 1.9365626476333582, 1.9482519087951224, 1.9661839281870992, 1.951082846737681, 1.9206055587464779], "(3, 1, 2, 3)": [0.0906169092993036, 0.7288380674965274, 0.6455139608048163, 0.11016358733960036, 0.38927471117280565, 0.2933264550918512, 0.4377145330748332, 0.34087434852256593, 1.6537743245768002, 0.564077015848218, 0.17349748211673766], "(2, 1, 3, 2)": [1.2890350736552767, 1.1615886741571848, 1.239308906394957, 1.508078613354237, 1.4560606170778119, 1.4820746891018206, 1.3261464825941516, 1.5309120217863994, 1.8151718825677674, 1.5523160834292917, 1.56554265698708], "(3, 3, 3, 4)": [1.0649496654769088, 1.4051234252171905, 1.2829847779919243, 1.7936213209072456, 1.3159215971859153, 1.1860705496213166, 1.1209936670012302, 1.1094652756006675, 0.917370687512934, 1.1222595848593049, 0.8646583271818897], "(3, 4, 3, 2)": [0.8986230443397343, 1.840630236993789, 1.0770715945835414, 0.9563850797563084, 1.3995115542910967, 0.6636489038305058, 0.9266718747823255, 0.7205744709976897, 0.9081291036894492, 0.4848794589162376, 0.4644649430541476],