{"q_values": {"(2, 3, 2, 2)": [1.944093213267121, 1.940746706701536, 1.950205054969493, 1.9335437860639266, 1.9545413234872289, 1.9359721577142208, 1.940821516537155, 1.9430152586041851, 1.9460609581850785, 1.8537814467326446, 1.9015587001947818], "(2, 3, 3, 3)": [1.8946142029648851, 1.9348129137762116, 1.8912531194876736, 1.8905561092789487, 1.8549959384814083, 1.8849589078605784, 1.9036899718162863, 1.8941082338650617, 1.8652992096736003, 1.903746961964394, 1.8439676181668359], "(2, 3, 2, 3)": [1.9406237409304772, 1.9414974990292981, 1.9038416894947578, 1.941840377464385, 1.9288008064525983, 1.9303930140368473, 1.9361101424619167, 1.9180315266664758, 1.912642338910304, 1.9282945604588553, 1.9387458905784674], "(2, 4, 3, 3)": [1.5438299481254858, 0.8102132035616053, 0.8666298707232114, 1.0390201987029895, 1.1818759495392905, 0.4567652341568915, 0.86545985745356, 0.9903676737356176, 1.0504620990900921, 0.5858680346190694, 0.8923032434316356], "(2, 4, 2, 3)": [1.4889286458646227, 1.7130798933718165, 1.4843253549554407, 1.2193567859777643, 1.4220458596946484, 1.4356620631912993, 1.0038581769771153, 1.0222337662460597, 1.0989092792607977, 0.660502095246218, 1.2362010437356843], "(2, 4, 2, 2)": [1.8054551001892811, 1.7918148724822798, 1.8073014022845943, 1.833816458332396, 1.77640726874499, 1.7708615029861339, 1.758047978132211, 1.7311499694979984, 1.5893179456128186, 1.6163454654573306, 1.6063136838764498], "(3, 2, 2, 3)": [1.215985575730089, 1.4458662726777205, 1.1493684582597699, 1.8988799674694588, 1.3082251012276689, 1.2487970379368942, 1.2108705395082937, 1.5860609539364003, 1.3822478991231255, 1.6742752443155247, 1.3319587353172586], "(2, 1, 3, 3)": [1.6145633713845704, 1.625249596428594, 1.735303235458451, 1.7270517783951513, 1.7092636437790176, 1.7915100700004503, 1.8204849788944661, 1.8179759522519359, 1.7941128873682999, 1.818966554499161, 1.8045996355132705], "(2, 1, 2, 2)": [0.3629699102501128, 1.163866619881261, 1.0580902924627005, 0.9104055585869973, 1.0818742108169832, 0.7369240847089186, 1.0850922587828817, 1.1627741912869993, 1.1253030116345346, 1.059061075536549, 1.252878617778608], "(3, 3, 2, 3)": [1.7719038705094026, 1.802324983979356, 1.652014423646893, 1.761840904488978, 1.8032905435854016, 1.633293576606623, 1.7258888092565783, 1.83156414301445, 1.9131181385540927, 1.5704266932948197, 1.7118186473924801], "(3, 3, 3, 3)": [1.923669036244233, 1.9198106289537749, 1.9283433786681647, 1.883573628725408, 1.9292394787392302, 1.9240638312762453, 1.8999765848263084, 1.919812320782724, 1.9288008457585017, 1.922645368037656, 1.8851136866770135], "(3, 4, 3, 3)": [1.330381708069168, 1.2601453031464809, 1.1287891092366877, 1.3119455414064245, 0.8710867141572023, 0.9347372414113043, 0.8858630172825246, 0.9368943533941173, 0.6119445846314557, 1.0705370967400187, 0.7585964161414976], "(2, 4, 3, 2)": [1.3199316618033778, 0.5524744655252929, 0.49391673824548155, 0.2371599615748596, 0.1904799344039806, 0.4405818165027251, 0.3542498536152328, 0.5217744376545546, 0.13528836296091612, 0.24570918449888995, 0.23340567279868274], "(3, 2, 3, 3)": [1.967426306752034, 1.960462798811836, 1.9643162521792976, 1.9649561679672367, 1.9718880762461712, 1.9766406779785586, 1.9724300776948729, 1.9708757768763392, 1.968744600333866, 1.969242324833569, 1.9604616272817839], "(3, 3, 3, 2)": [1.9623960583843856, 1.9516743652326332, 1.970596914359027, 1.9622403926364407, 1.9612076967484025, 1.9448408545612554, 1.9358937180917954, 1.962191098655321, 1.9472478918804113, 1.9462132607307439, 1.9433433911089921], "(3, 3, 2, 2)": [1.9615689759761328, 1.964360357910733, 1.9604179736505243, 1.9636700972139824, 1.9657754257733948, 1.9573769570952557, 1.946550297262355, 1.9594592832501685, 1.957397720565444, 1.9560886914663784, 1.9478945747494478], "(3, 2, 2, 2)": [1.867272662748666, 1.9303861326024585, 1.897396684686787, 1.9377145338792288, 1.9412257472541838, 1.9055253141634105, 1.9418584204709033, 1.919308403497351, 1.880799530840308, 1.914273223215291, 1.9669756769068947], "(3, 2, 3, 2)": [1.9412661113054779, 1.9444320226155014, 1.9412409913074455, 1.935834183735339, 1.951460459718347, 1.9423911725139806, 1.951145146683029, 1.975382024370355, 1.9519901433833087, 1.9464599625124017, 1.9442560514694902], "(3, 1, 2, 2)": [0.9419348978629702, 0.8958112776760581, 1.0319033950780958, 1.0100867021588265, 0.9435826978521762, 1.0521183301970107, 0.6157384729875519, 0.7823766709592218, 1.1799754585197217, 1.2377504822492076, 1.0646286497315243], "(3, 1, 3, 3)": [1.6146093971332223, 1.621572328797305, 1.65358762520884, 1.709525715481128, 1.7876180549247185, 1.8006140870334348, 1.8027232219886535, 1.7766910545596888, 1.8220995150357153, 1.8235458337439305, 1.8673129309687728], "(3, 1, 3, 2)": [0.6674282114593455, 0.974432576558758, 1.173369311042659, 1.331836492332676, 1.3647474277503833, 1.3416077900173824, 1.1274669746302393, 1.3895524588491281, 1.626436236729377, 1.6090094440921785, 1.7861592396910004], "(2, 2, 2, 2)": [1.9212663981408296, 1.9391063380828033, 1.9074194051438442, 1.8999044926679522, 1.911846223170459, 1.9117224329293832, 1.916352020579796, 1.9403407902104612, 1.939869439907832, 1.9069989578741509, 1.9321492748486497], "(2, 1, 2, 1)": [-0.5519733260432358, -0.19744257126344125, -0.34357380208134003, 0.1482125116879608, 0.06524509186450118, 0.06479394345234182, -0.0807845250702251, -0.2227574348449707, -0.31103697974053623, 0.3796988184693877, 0.29593168495764977], "(2, 2, 3, 3)": [1.9517389802765321, 1.9525188862449174, 1.9519107461285898, 1.9406520180878835, 1.9562555095165266, 1.9487319902895877, 1.9469550856467588, 1.9532117479952442, 1.9495822045642728, 1.945572739744244, 1.9380191338291453], "(3, 2, 2, 1)": [0.0, 0.31511637542835613, 0.12173477791094395, 0.4492379241558678, 0.09464512692556279, 0.6533739158571312, 1.67875421845355, 0.6002045895776499, 0.36586862002130915, 0.5918305728522304, 0.6605784669803024], "(3, 4, 2, 2)": [1.8140576328449551, 1.8489427333498427, 1.8151773698363538, 1.7884840338259074, 1.8238789537531004, 1.819324876665214, 1.803098140697678, 1.6667002974535747, 1.7207418069766363, 1.5945296885362419, 1.6482824898233523], "(3, 4, 2, 3)": [1.4978661185337763, 1.7104488557732433, 1.5325482967381738, 1.3821236510546584, 1.4107546695221553, 0.9398954825044151, 1.321851204663596, 1.234443891707353, 1.0948487427776392, 1.0029595303086791, 0.8017660749777632], "(2, 2, 2, 3)": [1.906950832992736, 1.923147982754913, 1.9432804471891947, 1.922889711099387, 1.9350802896504733, 1.9211043123595497, 1.9536970314130602, 1.944302541078104, 1.933339610456993, 1.9621370325342042, 1.9343932643241075], "(2, 2, 3, 2)": [1.5871564965039537, 1.8986350523134699, 1.6824871944231998, 1.8006756218768136, 1.7545586383006797, 1.6972168960562757, 1.7727729605210278, 1.6641057594584447, 1.8576859191460082, 1.8232541165824472, 1.770170913882978], "(3, 1, 2, 3)": [0.0906169092993036, 0.5714148068563576, 0.4159418213356717, 0.11016358733960036, 0.25727757548105734, 0.2933264550918512, 0.11987281909247188, 0.0, 1.3244764222986798, 0.564077015848218, 0.17349748211673766], "(2, 1, 3, 2)": [1.0038079710914811, 0.8582908362009575, 1.1108164783407104, 1.4023074752563323, 1.4047548774614398, 1.3589623641964352, 1.4837614074490688, 1.6845745429401435, 1.5070083895315003, 1.472475734437745, 1.4347852587097294], "(3, 3, 3, 4)": [0.8460241355013233, 1.046272647134582, 1.1258121972626798, 1.7509165892729746, 0.9611394005224383, 0.7934057054242415, 0.7560267395357342, 0.6798854149120097, 0.3660348956042432, 0.835577845656063, 0.7048024628198682], "(3, 4, 3, 2)": [0.6882049880793021, 1.777307633141233, 0.8992688174021808, 0.9563850797563084, 1.1742188954210306, 0.3116938762467446, 0.5932097560531118, 0.43362716672215157, 0.7553047181209092, 0.4848794589162376, 0.37601366744917497],