{"q_values": {"(2, 3, 2, 2)": [1.9658195531111426, 1.9656037894291434, 1.965925832117912, 1.982029855636604, 1.9643818168969631, 1.9680322913491493, 1.9705703593407111, 1.9739102338688403, 1.948913445263857, 1.9656878678125576, 1.960138666359628], "(2, 3, 3, 3)": [1.9127579217794528, 1.9651514989824996, 1.9214460991434974, 1.9182656904993685, 1.9176924184822175, 1.9136439077350893, 1.9083857405413762, 1.910716599462539, 1.8854066346410503, 1.9002151560732206, 1.8580574499951645], "(2, 3, 2, 3)": [1.9719686497471105, 1.9536093539890276, 1.9514831390599907, 1.939426951487094, 1.9484196033998726, 1.9290266318007097, 1.9302648477564408, 1.9527457868131153, 1.913525666210908, 1.877454921659145, 1.9069570006628958], "(2, 4, 3, 3)": [1.190441986498303, 1.6710088556407041, 1.312095208245848, 1.2024152525283243, 1.2914436282578314, 0.8284304106934273, 1.036817403394808, 0.8783531616451868, 1.0572656268741638, 0.7650034974468802, 0.6922359866557004], "(2, 4, 2, 3)": [1.552927707935527, 1.5720899969500386, 1.7179597188670066, 1.6129684151432278, 1.4056593419649421, 1.3700465415766279, 1.1269637659034843, 1.116963778393417, 1.383865366964167, 0.9878619284346314, 1.1853515507158001], "(2, 4, 2, 2)": [1.818301128430972, 1.8137475190609353, 1.8385258879353907, 1.8154155735635218, 1.8271847128946976, 1.8011711178840393, 1.6489965498976284, 1.7705366650468712, 1.7221442274860876, 1.703355533059246, 1.6979961692402228], "(3, 2, 2, 3)": [1.562560250927289, 1.8022644405730681, 1.7357443211264478, 1.9732750114430284, 1.7027091064755147, 1.6269556300152779, 1.7422449844166035, 1.839104943081503, 1.722880159713075, 1.8640910292203774, 1.8296888877826147], "(2, 1, 3, 3)": [1.3746482324379339, 1.4929256265851687, 1.7352946588818814, 1.7801432892950078, 1.8153215012372637, 1.8359291482342257, 1.808146876929956, 1.837520977555306, 1.831259195903213, 1.848301932878657, 1.8508171262146833], "(2, 1, 2, 2)": [1.0260637330983322, 1.0073205712026516, 1.034275557552132, 0.8725627879323543, 0.8119940178748402, 1.1217780525957253, 1.170470131169402, 0.7238724974837201, 0.847228763283678, 1.364206026504188, 1.0005556705268868], "(3, 3, 2, 3)": [1.9564742650479543, 1.957877504894996, 1.9700366301554157, 1.9316322893040154, 1.9453601294949041, 1.9197051776419976, 1.9414207924530686, 1.9329465377452186, 1.9406938547002281, 1.8941559230698863, 1.92116226494561], "(3, 3, 3, 3)": [1.9764351371025421, 1.9558827641813754, 1.9526507746436468, 1.956303021605565, 1.9604842415701085, 1.9513356679212643, 1.9583184145846801, 1.9592036480855766, 1.9598304843163512, 1.9638851339763015, 1.96637393207395], "(3, 4, 3, 3)": [0.9921157935865641, 1.1843783430169244, 1.2928178748151418, 1.2063634658619922, 0.9837922214427484, 0.928490120623475, 1.2112621048729608, 0.8172334177074632, 0.5229435775088132, 1.118709645600251, 0.5813963768093457], "(2, 4, 3, 2)": [1.7171425058959713, 0.7871567571926461, 0.7416391990851747, 0.2371599615748596, 0.620000297729693, 0.523048690368149, 0.5932399876914263, 0.6370769679539247, 0.28429501692287257, 0.36381495810257486, 0.602462221577627], "(3, 2, 3, 3)": [1.9752359331254616, 1.9723549711320563, 1.9747935405354762, 1.9780069264955351, 1.9805719265290538, 1.9705688641355723, 1.9789820266181202, 1.9784867147098057, 1.9811915840405199, 1.9890155522469566, 1.971827445971409], "(3, 3, 3, 2)": [1.9752220920449912, 1.9827134406131512, 1.9739680596899025, 1.975206973080347, 1.9724351093897827, 1.975802508928676, 1.9740978908513394, 1.9718837001487213, 1.9669432659820592, 1.973665922893005, 1.961189590179573], "(3, 3, 2, 2)": [1.9455142947951214, 1.9596146381344826, 1.9749244934432504, 1.9746511216392335, 1.9855906224587812, 1.9793408481552228, 1.9760787439701932, 1.9752971698639048, 1.9653743899887723, 1.9700405832246715, 1.9784158615086676], "(3, 2, 2, 2)": [1.9060134632396337, 1.9374758879708964, 1.9541728794983892, 1.960219824484948, 1.9655908502456862, 1.9675010495471992, 1.926351940211068, 1.9546283277481742, 1.9673311412606094, 1.9792292823308757, 1.9616625219451733], "(3, 2, 3, 2)": [1.9027745984085915, 1.957126223169219, 1.9468955348433563, 1.9354186018950381, 1.9583173512975502, 1.9428943390429922, 1.9277437359050458, 1.9602501019284895, 1.9346308439297915, 1.944695293725862, 1.9802573795343694], "(3, 1, 2, 2)": [1.10968646292814, 1.160438643374733, 1.0785817335424492, 1.157393207679855, 1.2274990049775143, 0.7909043672294729, 0.910673497481821, 0.8640647131216217, 1.5395056173857684, 1.1412156546488763, 0.8731094167481743], "(3, 1, 3, 3)": [1.6705142967585798, 1.7359887868240835, 1.788848611317094, 1.7512836420038178, 1.753889271621252, 1.8221281952830202, 1.8176484066573961, 1.832388563738912, 1.8081984581223027, 1.813862985648968, 1.8614486219427802], "(3, 1, 3, 2)": [1.332406707270808, 1.3932433595373763, 0.7146859371428772, 1.3188645112226354, 1.388706845233457, 1.2958473747656727, 1.53804507693993, 1.198737669948835, 1.4911182309207218, 1.2061959169857877, 1.4369445564745267], "(2, 2, 2, 2)": [1.90787828572194, 1.9430312851059708, 1.9482473845731776, 1.9290349169477277, 1.934219799223391, 1.9500694388027207, 1.9675399430402079, 1.948292752200118, 1.94028266547908, 1.9511733782119267, 1.9317173866293438], "(2, 1, 2, 1)": [-0.5519733260432358, -0.08968683919604681, -0.43133139123726294, 0.24696665728325656, -0.06886408135388962, 0.0704419629140346, -0.31321817094978976, 0.09132821921131751, -0.31103697974053623, 0.25777038725551127, 0.3855016355780052], "(2, 2, 3, 3)": [1.96502059782792, 1.9680676623850861, 1.9653330580913029, 1.965274544700372, 1.9660056002744957, 1.9677911630123428, 1.9793369133330003, 1.9608932836537394, 1.9709900738732695, 1.9665011060682995, 1.9616816325868365], "(3, 2, 2, 1)": [0.3513273262471458, 0.6661097395541331, 0.2231984623936723, 1.0462950363806398, 0.4683055024817619, 0.8114180872129302, 1.776860009802148, 0.8583545725298496, 0.8136775020552036, 1.2699261231665675, 0.7865846785190042], "(3, 4, 2, 2)": [1.8409308911371318, 1.8143738346668326, 1.819930811808213, 1.8250647434832517, 1.8137752936413185, 1.8167860577782646, 1.7297535134204656, 1.7601220167528677, 1.7549612676472885, 1.6696831683120612, 1.6594840732315328], "(3, 4, 2, 3)": [1.637858313263572, 1.7938271740161311, 1.5865428239486614, 1.5304347417229183, 1.575626058219661, 0.9941313001209664, 1.5242594245559087, 1.3353484882561486, 1.2886634364941119, 1.0029595303086791, 1.1345825503101268], "(2, 2, 2, 3)": [1.9693353303516006, 1.9724217140067666, 1.9717204221041071, 1.9751033973013024, 1.9750376086467585, 1.973648946986136, 1.9762602143856425, 1.9745187834441702, 1.9732807066806994, 1.975990416135143, 1.9742828809890278], "(2, 2, 3, 2)": [1.8734254028627124, 1.9364527790349144, 1.905651414145959, 1.9532579929788745, 1.9478380230126378, 1.91749648574782, 1.9413965488906655, 1.9571086894691625, 1.9556668510803006, 1.9664375503586669, 1.9339787503606782], "(3, 1, 2, 3)": [0.0906169092993036, 0.7288380674965274, 0.6455139608048163, 0.11016358733960036, 0.38927471117280565, 0.2933264550918512, 0.4377145330748332, 0.34087434852256593, 1.6782435780345084, 0.564077015848218, 0.17349748211673766], "(2, 1, 3, 2)": [1.3465684887986025, 1.1842389602021077, 1.2406561325465757, 1.4786004049014196, 1.478110950011356, 1.5091922793474946, 1.3678351339080213, 1.5309120217863994, 1.8078650397591098, 1.5569045778046915, 1.56554265698708], "(3, 3, 3, 4)": [1.0649496654769088, 1.4774858708248053, 1.2829847779919243, 1.711553463950842, 1.3159215971859153, 1.2515424129330648, 1.1452486014723118, 1.1254952945662207, 1.0066024697630873, 1.3126990211277556, 0.9097412717781362], "(3, 4, 3, 2)": [0.9952029725053828, 1.833473338842346, 1.0770715945835414, 0.9563850797563084, 1.3995115542910967, 0.6636489038305058, 0.9871819337604893, 0.7205744709976897, 0.9081291036894492, 0.5825379609831027, 0.4644649430541476],