{"q_values": {"(2, 3, 2, 2)": [1.922469028330071, 1.934040593095953, 1.9452989896318391, 1.9388961192167062, 1.9390371302215215, 1.9365450708709187, 1.9279742267333217, 1.9038980152234106, 1.8721015732706576, 1.9041903407020424, 1.8946832552247632], "(2, 3, 3, 3)": [1.8892633447954688, 1.884994351857223, 1.8870761441695667, 1.8521380472511384, 1.8681530202339227, 1.851946108809532, 1.8724447431013176, 1.816478035076438, 1.878878143614722, 1.8488573223836176, 1.7664682558375944], "(2, 3, 2, 3)": [1.7762132174322478, 1.674295620495761, 1.890137445723329, 1.7576280403837914, 1.3035728995318498, 1.4778461661775617, 1.4916824937253441, 1.462469066254768, 1.74919636791844, 1.8234166694515104, 1.6994712967436252], "(2, 4, 3, 3)": [1.4300037910745065, 0.7533224106556893, 0.9298713218974831, 0.7852609047214009, 1.1214783173890943, 0.362367982694899, 1.09217277459314, 0.9929156262646649, 0.5667210104006851, 0.3661246329687277, 0.9783043739127552], "(2, 4, 2, 3)": [1.1818323913010453, 1.438730005816933, 1.2790136547034774, 1.189017635232817, 1.14294794701007, 0.976743427379206, 1.1090439772097225, 0.7630111659173301, 0.8116717957037616, 1.0609288319364583, 0.25173370616182095], "(2, 4, 2, 2)": [1.654584026386356, 1.7164336352745835, 1.6437505069314662, 1.6369599021755972, 1.6456486516622761, 1.7013442367474156, 1.584529254412391, 1.4416485963947232, 1.4199352551902633, 1.49743038532317, 1.3912322623024724], "(3, 2, 2, 3)": [0.9458358437901626, 1.2638246091091336, 0.964629471041317, 1.776570562232248, 0.7425848913422253, 0.7136872349151282, 0.6971118910554965, 0.9846302558432252, 1.1611167886439808, 1.3570545243748016, 0.8997978388435606], "(2, 1, 3, 3)": [1.504724682886911, 1.525275176319206, 1.6295837272839568, 1.6759662101833175, 1.6768471925005788, 1.7323534566838366, 1.7301871611918205, 1.7441702814086444, 1.762058312619828, 1.7769323989762422, 1.7565636739226702], "(2, 1, 2, 2)": [0.1831481447178851, 0.5316678460135533, 0.8788152111617714, 0.5908356938852165, 0.5554222622436359, 0.9595516696044534, 1.048430220624978, 0.9565364996395871, 0.7447815667768058, 0.8338767241569529, 1.3492533156071045], "(3, 3, 2, 3)": [1.368971820947381, 1.4490623608346853, 1.164447081568808, 1.3807580197593516, 1.2996098226187744, 1.1815095637093582, 1.5030767244061773, 1.5784589281510086, 1.865850908212345, 0.7825191373324715, 1.2277991650736872], "(3, 3, 3, 3)": [1.869636183561939, 1.8862114511488475, 1.8439032695080475, 1.8378464481554164, 1.8677124790400987, 1.8072384856857404, 1.8816098697784438, 1.8517916611641907, 1.7597713804089494, 1.8114777806997244, 1.857588817494439], "(3, 4, 3, 3)": [1.1396258088153448, 1.1065184165625006, 0.9149953375538675, 0.8223904070939844, 0.5571531965676261, 0.7278970713631892, 0.8874788043388883, 0.8332318032484846, 0.5223181564184013, 0.8973118721313645, 0.6768529697599992], "(2, 4, 3, 2)": [0.785826744346885, 0.41059869969969887, 0.19280751325626716, 0.2371599615748596, 0.0, 0.2067703869374707, 0.24238117985056232, 0.4180142753049079, 0.13528836296091612, 0.11304626952920488, 0.12081513646438467], "(3, 2, 3, 3)": [1.9202957103923892, 1.94130695976266, 1.9238736977368465, 1.9407769908337968, 1.939245506068288, 1.943185664882445, 1.9402213609266856, 1.9446177026442646, 1.9540755158381333, 1.9224196571717238, 1.8063916241019473], "(3, 3, 3, 2)": [1.802287619924045, 1.651310130672471, 1.6738130970125273, 1.8459657482164815, 1.737332823045799, 1.6222939630463116, 1.6907238208521282, 1.8995212547459999, 1.702919992432754, 1.6275004080662248, 1.7227226785955199], "(3, 3, 2, 2)": [1.8932250388666017, 1.9495987049956898, 1.9464069007157394, 1.9445872222576843, 1.9460574379493938, 1.941663466321763, 1.892755342273056, 1.9231071086270706, 1.9057154337714197, 1.9005144820355604, 1.921861191498596], "(3, 2, 2, 2)": [1.842844857327366, 1.8250639886798632, 1.8008564525971924, 1.8815981530522645, 1.8399510975831186, 1.8676077145342551, 1.8466589494242927, 1.8831044716739733, 1.853001852051418, 1.8781296898306807, 1.893216520284549], "(3, 2, 3, 2)": [1.811356512147579, 1.8025786429033948, 1.85093394986844, 1.7866653833442283, 1.8588518479747151, 1.8348991750040742, 1.8271208094864602, 1.8068383441489517, 1.8645782641122397, 1.9395906820626285, 1.8450014308630331], "(3, 1, 2, 2)": [0.9693890068903106, 0.706327090447843, 0.8693161610614764, 0.9398715403689315, 0.9425579381228515, 0.4416365094483091, 0.7921783560081066, 0.8966118293854336, 1.1199456361033078, 1.3668608684884673, 1.1642348541755165], "(3, 1, 3, 3)": [1.4485616853288483, 1.522648970651239, 1.6783494764372269, 1.629463058833489, 1.7160435654286978, 1.7385298269551375, 1.7247981396544385, 1.7404175634846657, 1.7458432265108994, 1.7334545207174987, 1.8216450074301513], "(3, 1, 3, 2)": [0.6301271365901961, 0.6569208310621188, 1.0927782753843531, 0.8716580365697707, 0.9110050265089696, 1.1628067604474472, 1.129351022500198, 1.1992274485061372, 1.183886651425464, 1.144917572278682, 1.6812986807793298], "(2, 2, 2, 2)": [1.7723330979838188, 1.7699599294514752, 1.8213130727407443, 1.8580063193747343, 1.870636487136291, 1.881076556375591, 1.8354838846425605, 1.838499043723432, 1.8424061821437066, 1.778454230083252, 1.920215372314193], "(2, 1, 2, 1)": [-0.4732149704792884, -0.19744257126344125, -0.34357380208134003, -0.10452647303910555, 0.06524509186450118, 0.06479394345234182, -0.1629556498448157, -0.2227574348449707, -0.20258657264500474, 0.11080262138862812, 0.34286019441905796], "(2, 2, 3, 3)": [1.9065706171719494, 1.9120217015344876, 1.8794159938189683, 1.9183659900074845, 1.9443146402542453, 1.9458488484972642, 1.9467410019524805, 1.9466852734209121, 1.9499036023266785, 1.9415129679893797, 1.9299114739784848], "(3, 2, 2, 1)": [0.0, 0.18971376361500386, 0.12173477791094395, 0.1966204562488138, 0.0, 0.47640262894504065, 0.8987437167497365, 0.3273472317907491, 0.1892952966723189, 0.2784577099374284, 0.29025470249449703], "(3, 4, 2, 2)": [1.8260397507262973, 1.6868602409036078, 1.695469244608094, 1.6931922788512135, 1.7244602535674507, 1.715886367682256, 1.670972965218624, 1.54099837690244, 1.5126554386076598, 1.5121214847176694, 1.4721174977670912], "(3, 4, 2, 3)": [1.7216820456979423, 1.2294971384930704, 1.2114154408313629, 1.1900698401647996, 1.0042114296678741, 0.688054313825197, 0.9775953854538785, 1.010688486460684, 0.6196391814150344, 1.003691904935785, 0.38726137357305546], "(2, 2, 2, 3)": [1.624780194599035, 1.355691490034844, 1.6972081592469919, 1.6041416869201064, 1.8610947891558138, 1.643676849354599, 1.4771719478670302, 1.336160375775846, 1.3304365610630204, 1.2464331444291754, 1.2968922674607661], "(2, 2, 3, 2)": [1.346150856445519, 1.7556523509834463, 1.4173816027483328, 1.2753228825592655, 1.5394053230743276, 1.3155823392107586, 1.459343962203252, 1.1850312830052607, 1.6690292832116898, 1.589562777100092, 1.6355891736161206], "(3, 1, 2, 3)": [0.0906169092993036, 0.3573378560120686, 0.27366616046873304, 0.11016358733960036, 0.25727757548105734, 0.15250238035018604, 0.11987281909247188, 0.0, 0.975321080247861, 0.4260658206422794, 0.17349748211673766], "(2, 1, 3, 2)": [0.7517955406169634, 0.8518348847910096, 0.9152904485599925, 1.0791252182596718, 1.1485085575077811, 1.0317964622724165, 1.0996651890147369, 1.2498242261794734, 1.3290247366491956, 1.6812740091181029, 1.3518144742040912], "(3, 3, 3, 4)": [0.49055159716318697, 0.5822232290577223, 0.5013817866108533, 1.622496781624117, 0.41006171560534654, 0.7291648139875979, 0.4946303832391161, 0.5390823277677302, 0.20572943767720814, 0.5046316171846525, 0.45623066365863923], "(3, 4, 3, 2)": [0.324280260424189, 1.4585296482190944, 0.5592939107927679, 0.8656203557666524, 0.6265877115313654, 0.3116938762467446, 0.48230009127266665, 0.23959627411009352, 0.28037490571268986, 0.4275743839537034, 0.31812073965060617],