{"q_values": {"(2, 3, 2, 2)": [1.7592488072395405, 1.7640248091788122, 1.6913581215035407, 1.8438342911291419, 1.7610244019790962, 1.7870682754486051, 1.7391094417127237, 1.6579419032643345, 1.7316086611324037, 1.7038682795404732, 1.7619888930830205], "(2, 3, 3, 3)": [1.6951541927510956, 1.6987110449770437, 1.6780762154944062, 1.6922423864335505, 1.5567785507250431, 1.6897866706219753, 1.6887665911233578, 1.69982192023975, 1.5079995202994976, 1.6457409928609854, 1.5880107633160003], "(2, 3, 2, 3)": [0.8552085419780816, 0.42129064804635197, 1.0556556260539074, 0.35682264447692846, 0.3491070034879788, 0.2816144866260111, 0.595025566955068, 0.28554903399524545, 0.3445048482498768, 1.2446495174862497, 1.1210437720358677], "(2, 4, 3, 3)": [0.571334134510638, 0.6034890010779217, 0.9579830586409517, 0.5805915033195036, 0.46763267637614053, 0.08398649674199707, 0.3538405265451224, 0.44769242553779887, 0.2621177351070896, 0.25397579843957246, -0.05830328058105595], "(2, 4, 2, 3)": [0.0888522744178772, 0.526586803371186, 0.5992350848315008, 0.34497356180666094, 0.33884043647453754, 0.19473213316380378, 0.402441559742166, 0.27105151112552617, 0.1712089551319619, 0.3350337084549002, 0.28741499333643233], "(2, 4, 2, 2)": [0.774090787799908, 0.7288923847109443, 0.32306384016813516, 0.46879755087533853, 0.5122138930104108, 0.9338263992283533, 0.6903721263669842, 0.3084229640967416, 0.31502530520491956, 0.42520531372496795, 0.6404198944379805], "(3, 2, 2, 3)": [0.5802505685041415, 0.513374218706331, 0.47719562705583246, 1.0140512289327623, 0.15565881458990471, 0.10784022541590937, 0.1698283620533586, 0.15002457122161786, 0.16662810887437185, 0.45099299967158346, 0.3506987894691921], "(2, 1, 3, 3)": [0.9924807664039801, 0.9602755348624092, 1.0207588204695852, 0.8050623424780978, 0.8908458623041922, 1.1481818685928131, 1.1454432474115426, 1.0553275296910087, 1.463198942315327, 1.1596701532752764, 0.6188407180007539], "(2, 1, 2, 2)": [0.25244784302160495, -0.006180782097958748, 0.5289833216613764, 0.5414923007047716, 0.7268758673521029, 0.747377316720647, 0.5776224684724114, 0.5772343210625596, 0.3680506922839475, 0.8417874723418577, 1.0106432755952999], "(3, 3, 2, 3)": [0.5315480941551979, 0.24063347650490852, 0.6322517595857273, 0.6475595395097321, 0.47448797433817674, 0.45224612143987436, 1.0933645712201108, 0.9186600357995622, 0.7001453298793215, 0.43187636634162796, 0.0], "(3, 3, 3, 3)": [1.7312788979612859, 1.6837742825647377, 1.652811677122726, 1.7376136237497657, 1.6849889663106163, 1.8327368658766172, 1.7703810431259241, 1.6609056048194657, 1.6834033860109656, 1.7012965283919412, 1.6968409975181389], "(3, 4, 3, 3)": [0.5336402437677052, 0.5151494283943718, 0.6538609577720955, 0.7379210866065012, 0.46283273960193994, 0.34901682396601713, 0.3304950529104399, 0.3606701940394209, 0.3543214058235075, -0.021340216786074562, 0.5403349844660275], "(2, 4, 3, 2)": [0.21438653984176304, 0.0, 0.19280751325626716, 0.0, 0.0, 0.0, 0.0, 0.1007704859389927, 0.0, 0.11304626952920488, 0.0], "(3, 2, 3, 3)": [1.7298556007721337, 1.7321147933587566, 1.7172778253824537, 1.7631189346377358, 1.7578728283127318, 1.7597729638845252, 1.7872485921711891, 1.8067513524284795, 1.7660899639656251, 1.845173431765189, 1.7557725399079351], "(3, 3, 3, 2)": [0.49182775722733774, 0.3186923408926305, 0.2734231239407015, 0.12478616459980914, 0.39448482268560536, 0.23280000418471838, 0.49127220251221754, 1.054726744149921, 0.17274710942927435, 0.6428768479954583, 0.33528699204996365], "(3, 3, 2, 2)": [1.719878486825892, 1.7274042329514216, 1.7170335538935206, 1.7964993876168522, 1.7868771284016902, 1.692887741092878, 1.6269437319859819, 1.6441425947266104, 1.6864467932885483, 1.6111486049969417, 1.6798386359935986], "(3, 2, 2, 2)": [1.5078095652815326, 1.6710398878536454, 1.5072539614680878, 1.6821913315729782, 1.6474456724383404, 1.6744471031091492, 1.6973574908946112, 1.5863397437892768, 1.6403327340266571, 1.605723875396561, 1.5967800343073155], "(3, 2, 3, 2)": [0.5726813599480989, 1.0586781827495684, 0.8559170012089039, 0.6424113601238595, 0.5482111150452962, 0.5591737288113806, 1.0052208532394995, 1.0566125550253478, 0.8545084218050644, 1.273398603738451, 0.6592545191074881], "(3, 1, 2, 2)": [0.569054823366371, 0.15437144395668245, 0.33034181139599406, 0.5576987931288218, 1.1151923911731338, 0.7658160969281211, 0.6475071013710958, 0.8209688914644155, 1.005497728784999, 0.7800960613043229, 0.9273286101385327], "(3, 1, 3, 3)": [0.9941269996778179, 1.2169101316560147, 1.0046500360607258, 0.9622996326414409, 1.13767106159081, 0.9244461003590597, 1.2245372737950322, 1.2525854359049233, 1.146066985924593, 1.2301621531534666, 1.4437969831229167], "(3, 1, 3, 2)": [0.5924296930170385, 0.2589667338244932, 0.3737905610502061, 0.547048669744584, 0.3530345653013506, 0.4677980603029383, 0.3093203235132524, 0.469407695514356, 0.447429934878804, 0.33142119016240157, 0.7241056700069853], "(2, 2, 2, 2)": [1.7289813982603786, 1.7326604341724765, 1.8015710643365386, 1.6415004553363088, 1.7626495574220307, 1.6452970636827557, 1.7189169754321671, 1.6520962531927674, 1.7070382998845297, 1.7245144160193147, 1.7133134997582098], "(2, 1, 2, 1)": [-0.3742704401605378, -0.19744257126344125, 0.0, -0.10452647303910555, 0.0, 0.23674225053540077, -0.33696736853204745, -0.2227574348449707, 0.0, 0.0, 0.0], "(2, 2, 3, 3)": [1.7183529973901188, 1.7260307142647784, 1.7099161169385957, 1.7706556771330235, 1.7332642886750578, 1.8169297327207232, 1.78395572030387, 1.7768213944205666, 1.7965725272236963, 1.798824777368789, 1.7831198617937951], "(3, 2, 2, 1)": [0.0, 0.0, 0.0, 0.0, 0.0, 0.24857209404792258, 0.0, 0.0, 0.0, 0.09813767094910146, 0.0], "(3, 4, 2, 2)": [0.7091105220128239, 0.7481456812003124, 0.9538174777275769, 0.7999834864777682, 0.8269232423935035, 1.082500892733029, 0.8347061177779972, 0.5431514883617378, 0.6690793447920352, 0.8979289211572499, 0.9160238951945436], "(3, 4, 2, 3)": [0.5490623359572089, 0.4665662360901416, 0.43711032086963425, 0.3366833073883514, 0.0, 0.09172630548477173, 0.4759809211652097, 0.4532904764326567, 0.4187478871915417, 0.2536407134608422, 0.08505172407215263], "(2, 2, 2, 3)": [0.6949342397473055, 0.49035505372902505, 0.4159275009383145, 0.6753749179782258, 1.0057292691955697, 0.22055508173827332, 0.6288805464363696, 0.6092910039627062, 0.0, 0.18309376854413886, 0.45634312209390937], "(2, 2, 3, 2)": [1.0717858878800668, 1.40751971003752, 0.8736461735573422, 0.7116622276952544, 0.8571606630613321, 0.3895565563585888, 0.8528831916261409, 0.6792258386701588, 1.1638173302716202, 0.8737354174957708, 1.0263160026188274], "(3, 1, 2, 3)": [-0.2181438446044922, 0.08910718560218811, 0.0, 0.11016358733960036, 0.11447969793822382, 0.0, 0.11987281909247188, 0.0, 0.15583763065751688, 0.12394057551807336, 0.0], "(2, 1, 3, 2)": [0.23140687526450265, 0.4222255235633797, 0.44485281401409915, 0.6222196585595977, 0.6734961057898708, 0.6580387793497701, 0.3892617709792645, 0.8019642567337681, 0.6038558503148241, 0.6867685947098361, 0.5973877820002483], "(3, 3, 3, 4)": [0.18501833315306704, 0.4332754693976334, 0.0, 0.12669864065286332, 0.41006171560534654, 0.1756085749327434, 0.0, 0.275607708637362, 0.20572943767720814, 0.2514330060680852, 0.18240259659290314], "(3, 4, 3, 2)": [0.1717755809128631, 0.3820272707229698, 0.0, 0.0, 0.23486537439272237, 0.0, 0.11633093369318795, 0.13846271284234773, 0.1290743684037309, 0.10518011856517569, 0.0], "(2, 3, 3, 2)": [0.4901456419309558, 0.4796537144557227, 0.6244854342031447, 0.8484432318121596, 0.38858076000751823, 0.30104366147224515, 0.32399618018619075, 0.3964171503367479, 0.3266533210611481, 0.32058494037019547, 0.5963275436701904], "(2, 1, 2, 3)": [0.18925414364569387, 0.10150221348561482, 0.3641835704311206, 0.0, 0.12637935143840667, 0.16570199131965638, 0.08926671743392944, 0.1443494595598203, 0.0, 0.0, 0.35942001624344255],