{"q_values": {"(2, 3, 2, 2)": [1.9589322179500146, 1.8833693624695758, 1.9309218277250473, 1.9639257752083423, 1.9732077898660414, 1.9594773019672196, 1.9636022921153904, 1.957292662712645, 1.956920956430733, 1.9299333075178289, 1.9532895301086974], "(2, 3, 3, 3)": [1.9661749035306684, 1.9338093712731743, 1.9158782079021626, 1.878674338165293, 1.9256113465769917, 1.882542852197772, 1.9130287629878502, 1.8898547785271136, 1.9124688809261083, 1.8964686369910653, 1.8642754104204118], "(2, 3, 2, 3)": [1.9665061362341605, 1.921871927272715, 1.9017090358783122, 1.943594666905795, 1.8817473656034358, 1.770682968136634, 1.892664007543221, 1.8744132241095142, 1.8418346653075297, 1.8977138491185244, 1.886152451026688], "(2, 4, 3, 3)": [1.336685421698577, 0.9220202017956964, 1.1136757280735214, 0.8312194966761182, 0.9684416214835371, 0.3623879299801236, 0.8310610752629173, 0.6516560705523868, 0.9293665875770237, 0.5763245911001681, 0.8834740451004308], "(2, 4, 2, 3)": [1.5461744291385182, 1.4957836060684364, 1.3754474967250023, 1.0423016925001582, 1.1835489497700735, 1.3298418875513218, 0.8473395857661121, 1.0283295338540295, 1.045280704059588, 1.2971425742421947, 1.0771998837947157], "(2, 4, 2, 2)": [1.8345458645128265, 1.729026792594681, 1.7766321668770573, 1.7709303161877552, 1.723194645961967, 1.7387139750344758, 1.716471340170659, 1.7196993307086945, 1.6001746118453106, 1.4983025736096276, 1.5150700843824512], "(3, 2, 2, 3)": [1.0425788095586528, 1.394519170553381, 1.0594492075609458, 1.918059711377741, 1.0725251048615547, 0.8496070400748158, 1.036206228764327, 1.3862807147409004, 1.3157861265876456, 1.4170162765679357, 1.3319587353172586], "(2, 1, 3, 3)": [1.5763688276272445, 1.6422592089379664, 1.6808355379975817, 1.6968225057556323, 1.7070329739396572, 1.7581251679172731, 1.7914965395344042, 1.811435590558962, 1.7901405959198968, 1.7975629868816578, 1.8339171473045537], "(2, 1, 2, 2)": [0.6019753184137168, 0.9780507895916506, 1.1592534452689442, 0.8593303980453284, 0.975037912269573, 0.9494603464364579, 1.1581033405082195, 0.8039832642248189, 1.1540306441670851, 1.2888475343662826, 1.164977558633237], "(3, 3, 2, 3)": [1.7236688588464113, 1.6763875489792677, 1.5804990102875043, 1.6953607292122121, 1.6344816495383092, 1.4972676600825863, 1.6454118788306915, 1.7930796134772176, 1.906755791402413, 1.436309852590258, 1.463966658407265], "(3, 3, 3, 3)": [1.9530275866901912, 1.9433023577372341, 1.9583887041718335, 1.916965146641389, 1.9379478496040563, 1.9174982305398076, 1.9059827692262423, 1.9472691396469177, 1.869755758614595, 1.8853068107741082, 1.9176695100226733], "(3, 4, 3, 3)": [1.2867390889212242, 1.131382698529992, 0.8055981685887892, 1.0973541585908069, 1.1128703105507303, 0.8747637364901393, 1.0797768782775297, 0.9191909194714545, 0.8964681177797054, 0.5608031329880301, 0.8964200068044399], "(2, 4, 3, 2)": [1.2696046170220519, 0.41059869969969887, 0.49391673824548155, 0.2371599615748596, 0.0, 0.4405818165027251, 0.24238117985056232, 0.5217744376545546, 0.13528836296091612, 0.24570918449888995, 0.23340567279868274], "(3, 2, 3, 3)": [1.9524924388749894, 1.9509295392595636, 1.9561048770710152, 1.9664583645808837, 1.958870629254174, 1.963657182606419, 1.9723673517452236, 1.9649632909078258, 1.9652419326540131, 1.8960703275786492, 1.9177376547134664], "(3, 3, 3, 2)": [1.9417367071315519, 1.9171226549813236, 1.962087968463095, 1.945044589784895, 1.9470503474806786, 1.9137199632904287, 1.9044977842102497, 1.9549174687862347, 1.9305871394944552, 1.9386134904222012, 1.9427835463907146], "(3, 3, 2, 2)": [1.9584221856682453, 1.9120426147509868, 1.9624113599657487, 1.9649775094421222, 1.9586488746106476, 1.9620335922888654, 1.9592776880462743, 1.949799216270229, 1.9565661294280723, 1.9553006440596952, 1.9479002872824343], "(3, 2, 2, 2)": [1.8875427294121478, 1.8911732636580991, 1.7822180433796155, 1.9187490218898144, 1.8817257814325534, 1.877567967441165, 1.871900339610663, 1.8688573793154397, 1.9468373775099965, 1.8830410138459366, 1.9325519269774656], "(3, 2, 3, 2)": [1.9368196754584848, 1.9181973102063499, 1.924744444377694, 1.864696610664651, 1.9450579207590164, 1.9375914529367106, 1.9153647873843465, 1.9517069738269999, 1.9258648775650473, 1.9168769196607356, 1.9682468412008416], "(3, 1, 2, 2)": [1.1074704770296897, 0.9207846813177317, 1.0348199650285506, 1.031958882493285, 0.6454997800873888, 0.697131408340961, 0.600179365934449, 0.8820286914327257, 0.8318417623208263, 1.0726848558480717, 1.3330456297268707], "(3, 1, 3, 3)": [1.6546130174972984, 1.6309416144563804, 1.681901537030161, 1.672178218244139, 1.7436689240232763, 1.8081033631578858, 1.7561460752494542, 1.7662183319194988, 1.7903337434007014, 1.8219946040206092, 1.8501952292254564], "(3, 1, 3, 2)": [0.5951370195381627, 0.8561539604862836, 1.35034287337642, 1.261727501129673, 1.3647474277503833, 1.0493879234206092, 1.012288822337406, 1.3008787024925461, 1.605702880691223, 1.490060881373789, 1.759918454391176], "(2, 2, 2, 2)": [1.8877083511920723, 1.858822444939202, 1.898052889330691, 1.9280503054236635, 1.8879932202284337, 1.8892684703789302, 1.9120832460689652, 1.902338988191795, 1.913643812865498, 1.9370113145352252, 1.9706446920516165], "(2, 1, 2, 1)": [-0.5519733260432358, -0.19744257126344125, -0.34357380208134003, 0.08122586073377296, 0.06524509186450118, 0.06479394345234182, -0.1629556498448157, -0.2227574348449707, -0.31103697974053623, 0.26893036133697756, 0.1750839474393628], "(2, 2, 3, 3)": [1.9457577821475, 1.9412274862896073, 1.9581374459832321, 1.9524169965059297, 1.9497559187759814, 1.959700965290724, 1.9572934723353606, 1.9585450318395976, 1.967961348207245, 1.9583343252154357, 1.92481315102325], "(3, 2, 2, 1)": [0.0, 0.31511637542835613, 0.12173477791094395, 0.4492379241558678, 0.09464512692556279, 0.6533739158571312, 1.5709454822318762, 0.6002045895776499, 0.1892952966723189, 0.4458873549296795, 0.5163602014484913], "(3, 4, 2, 2)": [1.8624597022733096, 1.8304123565209909, 1.8172871221854634, 1.8056401667224995, 1.7774319013398465, 1.7787181477717953, 1.7810145659708123, 1.5810397450633793, 1.6862119123685904, 1.5672727206637287, 1.5760821896107533], "(3, 4, 2, 3)": [1.7645560699925165, 1.5249198004904152, 1.4502070383100327, 1.3529776360215484, 1.2460689865279382, 0.8542455961798996, 1.1118031911874502, 1.1753687896312777, 1.043453506862132, 0.9616907012049718, 0.6142634858038458], "(2, 2, 2, 3)": [1.8717484392040094, 1.8759902324556423, 1.9173637206250813, 1.9007135869284948, 1.9494210475545244, 1.8557924862078878, 1.9260144951626765, 1.9116661555129024, 1.8769697953063194, 1.9250386186298216, 1.922253213962921], "(2, 2, 3, 2)": [1.545885098307978, 1.8786546441677063, 1.6212631028982012, 1.7462142523609918, 1.6801311620272086, 1.5619137779658847, 1.7492161084506883, 1.5073464109019112, 1.797842497951948, 1.77463554849357, 1.7249090046228146], "(3, 1, 2, 3)": [0.0906169092993036, 0.5714148068563576, 0.27366616046873304, 0.11016358733960036, 0.25727757548105734, 0.15250238035018604, 0.11987281909247188, 0.0, 1.2735635727715293, 0.564077015848218, 0.17349748211673766], "(2, 1, 3, 2)": [0.9324087847718656, 0.8582908362009575, 1.1108164783407104, 1.3244763315996158, 1.4047548774614398, 1.3589623641964352, 1.4288677526919014, 1.4753228494974782, 1.5070083895315003, 1.7804505290268922, 1.3986925189648585], "(3, 3, 3, 4)": [0.637382713280765, 1.046272647134582, 1.1258121972626798, 1.7051867749684861, 0.863486118048415, 0.7291648139875979, 0.635898448941924, 0.6238530598669617, 0.3660348956042432, 0.721589134010195, 0.6332481249792353], "(3, 4, 3, 2)": [0.6882049880793021, 1.7208004269214987, 0.8992688174021808, 0.8656203557666524, 1.1048193934391881, 0.3116938762467446, 0.5932097560531118, 0.43362716672215157, 0.6704059883688871, 0.3500169399839871, 0.5544777337326567],