{"q_values": {"(2, 3, 2, 2)": [1.9619537810576697, 1.9550182381906243, 1.9537633420605744, 1.9739378010717448, 1.974962956726579, 1.973484998296974, 1.9749304421811835, 1.9719434191987903, 1.9703905851570465, 1.9745127490348267, 1.9751669770821143], "(2, 3, 3, 3)": [1.9595968220752327, 1.9365825659642248, 1.956510099048593, 1.9660252769926077, 1.9506596583044553, 1.909251315967053, 1.9552437788776071, 1.9590593696342753, 1.9580632248837866, 1.9261780078273647, 1.9527400879642738], "(2, 3, 2, 3)": [1.9725807724783349, 1.9734721918718294, 1.9759296314241135, 1.9749150058470997, 1.9693750130920367, 1.9744686264218847, 1.9640809919188509, 1.962355467789714, 1.9681110608520735, 1.9550339396255447, 1.9646129582286698], "(2, 4, 3, 3)": [1.6833858974400502, 1.1266683360333776, 1.259673392194238, 1.16613579022139, 0.9999757609429155, 0.8516236145927183, 1.0731774229935291, 0.9645091826667884, 1.1379214331443672, 0.8240142858412163, 0.03302954605568667], "(2, 4, 2, 3)": [1.8060668980085581, 1.4466001920381035, 1.5255912005323156, 1.397964798169531, 1.615013875453087, 1.5567577661552066, 1.1183014613049955, 0.9863935475033906, 1.2892505697788936, 1.15034440145872, 1.3764388273348633], "(2, 4, 2, 2)": [1.8361568312868817, 1.8050693522560566, 1.8127118733660705, 1.8165935391826713, 1.8135909779954094, 1.8231271829525306, 1.7977456169355754, 1.7473587305035931, 1.66971285384927, 1.6599557920571313, 1.5569681481450002], "(3, 2, 2, 3)": [1.4171163243083247, 1.6569961901110992, 1.5242102806286304, 1.960796444381447, 1.6728509124200535, 1.4866696775547705, 1.5708145932936033, 1.7865127075757006, 1.66179538913364, 1.8184122223515968, 1.7725705662199847], "(2, 1, 3, 3)": [1.668479309132068, 1.6707373383650688, 1.7131885720414186, 1.7938582994868644, 1.7718009514169586, 1.8274714510396117, 1.8294464865249087, 1.8295863701571846, 1.8364709193132691, 1.8707030405730736, 1.819177289449493], "(2, 1, 2, 2)": [0.7863677214808609, 0.9942965848942373, 0.8970440973986467, 0.732390575344662, 1.158950041058015, 1.0492643760375415, 1.0053177686077033, 1.275599403996098, 1.5060184593322845, 1.3306296308533256, 1.354730413528583], "(3, 3, 2, 3)": [1.9137775534256365, 1.9235910199992536, 1.966799433653789, 1.8962664377328677, 1.9261327545929319, 1.8739386294566551, 1.895758921089257, 1.9141208413270074, 1.9122495909701693, 1.8315459323635563, 1.8642775869226413], "(3, 3, 3, 3)": [1.9480308481792203, 1.9551898267150494, 1.9388269783027297, 1.9401882877099594, 1.9570304165088672, 1.9374256571892245, 1.9307528779657535, 1.9505806452650003, 1.9600804382599284, 1.9233941377685528, 1.954095396021926], "(3, 4, 3, 3)": [1.5952561117208057, 0.5664668834373552, 0.9301115593579116, 1.1080154424959991, 0.9081476341758318, 0.7676723257355592, 1.103832169803422, 0.42829957076688174, 0.46100205520687465, 1.0393591922305252, 0.6707236268571674], "(2, 4, 3, 2)": [1.7137215219316722, 0.7871567571926461, 0.7416391990851747, 0.2371599615748596, 0.620000297729693, 0.523048690368149, 0.5932399876914263, 0.6370769679539247, 0.28429501692287257, 0.36381495810257486, 0.5010713893465651], "(3, 2, 3, 3)": [1.959336136704641, 1.9638260657935496, 1.9648611370728717, 1.9720883406004646, 1.9722070614023057, 1.9674861059717614, 1.9704219893709296, 1.965512767106075, 1.9673703860188745, 1.9725293636553505, 1.9743480217258231], "(3, 3, 3, 2)": [1.9738247338459693, 1.9810637766437302, 1.9734576089215958, 1.9757381023867797, 1.9753099631487603, 1.9752850688428714, 1.9672911018441264, 1.970323640737151, 1.9672113305754286, 1.9677976797029173, 1.9478425203035428], "(3, 3, 2, 2)": [1.9714603642483197, 1.967469327545349, 1.9645272598765735, 1.970786097930181, 1.9716403160441505, 1.970941053646425, 1.9720911681657225, 1.9716804316256091, 1.9724767612763998, 1.963447504613176, 1.9645878708700022], "(3, 2, 2, 2)": [1.7578930289703731, 1.9067883351609467, 1.8976771941167363, 1.9099300413151168, 1.8926191363315947, 1.944160615371517, 1.945706951882681, 1.9318079342793741, 1.9264863170220403, 1.883433058343271, 1.9125339341596475], "(3, 2, 3, 2)": [1.8788277456629188, 1.9615774165327908, 1.9523509256012834, 1.9518114924566727, 1.9517157886906602, 1.9609714098530546, 1.953394881459137, 1.958873600754735, 1.953668382646758, 1.9539568290139653, 1.966986113399061], "(3, 1, 2, 2)": [1.0283449435189664, 0.97238591181441, 0.8558982225882568, 0.8156035728364155, 0.9951179630732936, 0.9044479701852489, 1.1836684246449773, 0.9380555451406504, 1.1069618256435316, 1.0814203271958158, 1.0395404647618005], "(3, 1, 3, 3)": [1.7206517174336418, 1.7101356065412676, 1.7159080941977807, 1.7285151534838339, 1.7441466913839025, 1.8301413366397665, 1.831840373503074, 1.8525194797963538, 1.8295682117519194, 1.8320980255886092, 1.8261273441663788], "(3, 1, 3, 2)": [1.185530985093372, 1.1222192813522343, 1.5184810334574697, 1.220166302555392, 1.5129186303209534, 1.3980211451777758, 1.3793526243792233, 1.71829969375325, 1.5071568695274244, 1.3339712205189038, 1.4747998478356925], "(2, 2, 2, 2)": [1.953664823149827, 1.9580675092464133, 1.9577884142234716, 1.9196726818491912, 1.9604649138896189, 1.9328451688356993, 1.9477152008579022, 1.9485777900644345, 1.940712722258335, 1.9195743622131107, 1.9730204225453438], "(2, 1, 2, 1)": [-0.5519733260432358, -0.08968683919604681, -0.34357380208134003, 0.1482125116879608, -0.06886408135388962, 0.0704419629140346, -0.31321817094978976, -0.08093557562869824, -0.31103697974053623, 0.5147256419621346, 0.29593168495764977], "(2, 2, 3, 3)": [1.9751439944158857, 1.968280548389767, 1.9726444149507214, 1.9680864012284827, 1.978198915098211, 1.9741672963164307, 1.9813615589091895, 1.9721273880098682, 1.9734498675691483, 1.9749435911351398, 1.973850793239131], "(3, 2, 2, 1)": [0.3513273262471458, 0.4912321278364103, 0.2231984623936723, 1.0462950363806398, 0.4683055024817619, 0.7819666482004355, 1.8621185920065186, 0.6002045895776499, 0.6855217195501275, 1.2240066896725714, 0.7865846785190042], "(3, 4, 2, 2)": [1.8477721481350091, 1.8840656141601142, 1.795585049769897, 1.793133148173572, 1.8237935645073544, 1.8209867669562465, 1.6071735379264933, 1.683250216649759, 1.6058181484737957, 1.6659474909672787, 1.6067729159764375], "(3, 4, 2, 3)": [1.6187892633008514, 1.8023820390115721, 1.5865428239486614, 1.496640530683771, 1.5422467186110103, 0.9103056730923285, 1.5057951605119149, 1.291869556690258, 1.1453285134681261, 1.0029595303086791, 1.1010989574694916], "(2, 2, 2, 3)": [1.9777949494274973, 1.9721921577787704, 1.9730093444238723, 1.9742409662266676, 1.976245334966944, 1.973883147858818, 1.9881434555724513, 1.9745707598746052, 1.9706489394313602, 1.9775667059423776, 1.9765611793477103], "(2, 2, 3, 2)": [1.8475844724336163, 1.9073546827230192, 1.8916485415855677, 1.9388018710772292, 1.917865558252345, 1.9064733146308555, 1.9307849027777477, 1.9408378676368279, 1.9807786197022876, 1.9474726847657557, 1.9206055587464779], "(3, 1, 2, 3)": [0.0906169092993036, 0.7288380674965274, 0.5419769956282938, 0.11016358733960036, 0.38927471117280565, 0.2933264550918512, 0.4377145330748332, 0.34087434852256593, 1.6298698812231711, 0.564077015848218, 0.17349748211673766], "(2, 1, 3, 2)": [1.221407147363363, 1.1615886741571848, 1.239308906394957, 1.508078613354237, 1.4333746042318745, 1.4820746891018206, 1.3261464825941516, 1.5309120217863994, 1.7997274415547275, 1.5523160834292917, 1.5391935178744658], "(3, 3, 3, 4)": [1.0649496654769088, 1.4051234252171905, 1.2829847779919243, 1.854821944753776, 1.3159215971859153, 1.1008793509183858, 1.078878267821835, 1.0209678681543046, 0.917370687512934, 1.1222595848593049, 0.8646583271818897], "(3, 4, 3, 2)": [0.8986230443397343, 1.8256655861100426, 1.0770715945835414, 0.9563850797563084, 1.3995115542910967, 0.6636489038305058, 0.9266718747823255, 0.7205744709976897, 0.9081291036894492, 0.4848794589162376, 0.4644649430541476],