{"q_values": {"(2, 3, 2, 2)": [1.7894086587862652, 1.928930196511962, 1.9253673108501808, 1.9147164607066247, 1.912049148600934, 1.928292548553103, 1.8806206942194887, 1.873588719437115, 1.9018589003146544, 1.870634742782822, 1.829256470026643], "(2, 3, 3, 3)": [1.8053650074969063, 1.7805861333856836, 1.739141518633781, 1.8057635501466633, 1.8316817403147978, 1.7805603597323416, 1.8054376847241533, 1.835044694538399, 1.7344682375105696, 1.8413881399182204, 1.7679546458609903], "(2, 3, 2, 3)": [1.5307534850713806, 1.3755434124604249, 1.754550654295448, 1.4389356384123344, 1.2300513523181524, 1.200378424615501, 0.9660606588770317, 1.0579014137861393, 1.470861317475279, 1.860825916805496, 1.475268423583272], "(2, 4, 3, 3)": [0.7247524744659157, 0.5535005364192257, 1.3603871238773926, 0.595760174505392, 0.9766561818806351, 0.9112685879142811, 0.9536997806615197, 0.57685919940353, 0.7395571075465489, 0.609460413100382, 0.38396452074768694], "(2, 4, 2, 3)": [0.988439967268827, 1.2960242372063722, 1.612355635483615, 1.0877064144148796, 0.9109520818917349, 1.0073246232972863, 0.7248431087161137, 0.812046420362829, 0.6142287494113045, 0.8038916096668838, 0.47728114924214016], "(2, 4, 2, 2)": [1.5794377914862396, 1.5415607621075087, 1.509746398053011, 1.441402548884804, 1.570800325014186, 1.6671122620561682, 1.4949543083747887, 1.298317617491443, 1.4011044675379287, 1.2366639783124769, 1.2890296661868696], "(3, 2, 2, 3)": [0.5802505685041415, 0.9112508513188639, 0.737928026223177, 1.6208944965176266, 0.6151562155944124, 0.6332186165271557, 0.5566026684281289, 0.631904861073879, 1.0715947710458325, 1.1340139224731185, 0.7806459992692524], "(2, 1, 3, 3)": [1.4476606189122847, 1.4856425605610215, 1.4596763674947313, 1.5843568030995452, 1.543305585470797, 1.668828091551686, 1.61707638094958, 1.6242695167427745, 1.7808966644268285, 1.6703572809610934, 1.6593975398767122], "(2, 1, 2, 2)": [0.9160328111137604, 0.7089984762100946, 0.8997075589223402, 0.8933949794135927, 1.0755068112310058, 0.8072672452014114, 1.1282307473517708, 0.5330727989694901, 1.1525575391370981, 1.2190846836835605, 1.1336251688899388], "(3, 3, 2, 3)": [0.9815921173770867, 0.9164495790010294, 0.8756141582020498, 0.9890966533995537, 1.0341268443044505, 0.8633348600548041, 1.3534213249649412, 1.4221579443259436, 1.6883930184909415, 0.7403572445752273, 0.9654153290021388], "(3, 3, 3, 3)": [1.8304455312218502, 1.8571912485494535, 1.809119860276389, 1.8054557621146388, 1.7230261025649687, 1.8053968054625515, 1.7855562554112832, 1.7247021939289793, 1.81449888629609, 1.8045888337570137, 1.7537851542274625], "(3, 4, 3, 3)": [0.39359785435977857, 0.9227325607101791, 0.6890754343263061, 1.1001399612596632, 0.371523033027798, 0.7471721361343813, 0.6982461778204659, 0.6767950427656201, 0.628491125402407, 0.6707121183267057, 0.7635580067631539], "(2, 4, 3, 2)": [0.6817353933382607, 0.28105786455064913, 0.19280751325626716, 0.2371599615748596, 0.0, 0.09038218259811402, 0.24238117985056232, 0.31074723971073503, 0.13528836296091612, 0.11304626952920488, 0.0], "(3, 2, 3, 3)": [1.8656400520721357, 1.9050801781719378, 1.8991918583960707, 1.9192876326755666, 1.9365233696678446, 1.9283254720487477, 1.9304545879856194, 1.9333578868256522, 1.9229600389176158, 1.9220483411534355, 1.9075720634528877], "(3, 3, 3, 2)": [1.589560584156676, 1.2567138500618538, 1.2631811216444015, 1.6817527713512548, 1.30554278065808, 1.4473560691107787, 1.5332435724655809, 1.8270372612854255, 1.4297068956882488, 1.2160850295619428, 1.5191467027943508], "(3, 3, 2, 2)": [1.8988428128790322, 1.9189598794529328, 1.9385107763042704, 1.9171196721825514, 1.9253471477272615, 1.930008135486463, 1.8411038541619715, 1.9244422460891681, 1.8576065048397612, 1.86672575909539, 1.8544922365982976], "(3, 2, 2, 2)": [1.8388468956467423, 1.7245828583308411, 1.7681071483846331, 1.8435650297578665, 1.7540732655591662, 1.8365905812176722, 1.786865612645114, 1.8546957296022268, 1.8868380081033036, 1.7643936791717607, 1.8629629821816254], "(3, 2, 3, 2)": [1.6650673106338871, 1.6523469310864565, 1.7642711421214268, 1.6948451357330623, 1.687296468308452, 1.534420078037303, 1.6778865449409597, 1.5440315846364294, 1.7325226553195612, 1.9233523297775765, 1.660437405641355], "(3, 1, 2, 2)": [1.2241626312797722, 0.7461347818109003, 0.6909928005852957, 0.7722474430684975, 1.1471532134580373, 0.9542210233681677, 0.5108444518700801, 0.9636732955057421, 1.1055218071013626, 1.2317390843731162, 1.445062619756645], "(3, 1, 3, 3)": [1.4729259824555214, 1.4878616344235582, 1.6252240881344122, 1.5316611018818058, 1.68589547930142, 1.6823667235153419, 1.711143640811233, 1.7376181505406632, 1.7483974884601237, 1.7015959812605375, 1.7250732097625858], "(3, 1, 3, 2)": [1.0185802246005635, 0.45543418856257273, 0.9868484464183883, 0.9483185727940453, 0.5824018738174622, 0.9084645403149849, 1.064570471914847, 1.0639923859441054, 1.1204060285459998, 0.981052938352946, 1.4997059601926301], "(2, 2, 2, 2)": [1.7668974197734755, 1.82645043920296, 1.8337029378550844, 1.8415012727322189, 1.8176467373185248, 1.8374191738746224, 1.7968151885039325, 1.8182302546205102, 1.8555438015446937, 1.7966919883884371, 1.7604728548033555], "(2, 1, 2, 1)": [-0.4732149704792884, -0.19744257126344125, -0.20315462766141024, -0.10452647303910555, 0.06524509186450118, 0.06479394345234182, -0.33696736853204745, -0.2227574348449707, -0.20258657264500474, 0.006537775653542188, 0.16144476685462247], "(2, 2, 3, 3)": [1.8652688249565577, 1.834225924572859, 1.8381162917960856, 1.8809545468164823, 1.89964823549386, 1.9335573214510777, 1.9290515336385132, 1.945232921648449, 1.9245302450742765, 1.9236644916441397, 1.928180918741838], "(3, 2, 2, 1)": [0.0, 0.18971376361500386, 0.0, 0.1966204562488138, 0.0, 0.3139786506934691, 0.4584329887913884, 0.1882027182175915, 0.1892952966723189, 0.2784577099374284, 0.29025470249449703], "(3, 4, 2, 2)": [1.6016254166513244, 1.565596992193146, 1.5385662937591198, 1.5918430496043858, 1.5859989787915347, 1.6195788089436602, 1.5693571199691825, 1.2783119360971615, 1.4089860934124008, 1.2914028871447283, 1.3039937479886181], "(3, 4, 2, 3)": [1.5367984696265364, 1.0537967756228297, 1.0487818657375494, 0.9847083610092211, 0.8928576956155199, 0.688054313825197, 0.648847749039748, 0.6824128379772978, 0.5158551494178454, 0.7950650971134872, 0.4769403420688606], "(2, 2, 2, 3)": [1.2364117860811528, 1.0611545988647042, 1.3703169732808764, 1.3320903084670612, 1.7109218800724173, 1.0479653498162753, 1.3100929155055665, 0.9531868158534758, 0.8945162045104542, 0.8829633461485712, 0.8509695899782623], "(2, 2, 3, 2)": [1.2210112038540946, 1.7904691685289773, 1.4173816027483328, 1.2067722476758724, 1.3640312088638444, 1.1253667972020762, 1.4155655302679986, 1.0994261917173045, 1.6031755376692558, 1.5143525990392614, 1.5661786209097244], "(3, 1, 2, 3)": [-0.2181438446044922, 0.3573378560120686, 0.14424244158516017, 0.11016358733960036, 0.11447969793822382, 0.15250238035018604, 0.11987281909247188, 0.0, 0.667645549225665, 0.26072924768915084, 0.17349748211673766], "(2, 1, 3, 2)": [0.8548099249591156, 0.8518348847910096, 0.6564845756481903, 0.8537418476838821, 1.0901758480531565, 1.0317964622724165, 0.9988299637809404, 1.129741898116212, 1.1225794870886863, 1.6288587564352197, 1.0557907137113152], "(3, 3, 3, 4)": [0.49055159716318697, 0.4332754693976334, 0.5013817866108533, 1.2022210638014181, 0.41006171560534654, 0.5996485391679582, 0.4946303832391161, 0.38806013425918096, 0.20572943767720814, 0.45981051681387347, 0.3739273589796297], "(3, 4, 3, 2)": [0.324280260424189, 1.1902355877630604, 0.5592939107927679, 0.6520605272232132, 0.510982758964206, 0.23453113445759055, 0.2874250792465989, 0.13846271284234773, 0.3609475330124705, 0.2037848923717786, 0.23049909334617502], "(2, 3, 3, 2)": [0.8741774745665245, 0.8670016315429865, 0.7565209568563316, 1.6498039258178965, 0.7453285263432637, 0.4227078611330198, 0.6821654474071978, 0.7865168965603309, 0.4818135538129833, 0.9580266697959554, 1.0367457452544575],