{"q_values": {"(2, 3, 2, 2)": [1.6772609028838428, 1.6133894857067888, 1.491024641118533, 1.6217626931708156, 1.416405711660723, 1.5972340687340125, 1.467759056997208, 1.588152179337105, 1.587794644649622, 1.5855705883848665, 1.5319660840835045], "(2, 3, 3, 3)": [1.6329907474240093, 1.392358355581831, 1.4747030945665145, 1.4631595700533073, 1.4230040313644752, 1.6174256443517823, 1.5237111245285884, 1.5411442925320686, 1.407445382029775, 1.5151896053390284, 1.398486658643015], "(2, 3, 2, 3)": [0.7476532209422727, 0.11802688921397553, 0.8708775034424987, 0.19872152562361958, 0.3491070034879788, 0.1396523074802512, 0.09682010412216187, 0.28554903399524545, 0.3445048482498768, 0.9851977951970934, 0.9543628049755962], "(2, 4, 3, 3)": [0.3928051209468855, 0.23076764145666046, 0.6663224659008714, 0.07060912308012406, 0.405456438678163, 0.1256749965981142, 0.25082020354147305, 0.4679265085517044, 0.5947788476041413, 0.3261626825911513, -0.14460242355130287], "(2, 4, 2, 3)": [0.0888522744178772, 0.33569156374808756, 0.3859400367694492, 0.1709673297405243, 0.08596807718276978, 0.09639400273561478, 0.08635069727897644, 0.17122216991816033, 0.1712089551319619, 0.1710266279956223, 0.07945533974021673], "(2, 4, 2, 2)": [0.47756187919566045, 0.44707726513978696, 0.2393601142275548, 0.2801052641231361, 0.2028186645152709, 0.5694611989668114, 0.34692237469035303, 0.19563474055667998, 0.31502530520491956, 0.24254255025005345, 0.4001295862878812], "(3, 2, 2, 3)": [0.30611097686910943, 0.2731258107437877, 0.0, 0.6304676487342162, 0.15565881458990471, 0.0, 0.1698283620533586, 0.15002457122161786, 0.16662810887437185, 0.45099299967158346, 0.1905423531927094], "(2, 1, 3, 3)": [0.7991304126805386, 0.6975561014397457, 0.7648433626150741, 0.6718785270595402, 0.6458873450311329, 0.9107681086078865, 0.9184871220348084, 0.8253338486267582, 1.1954448678686806, 0.8201860473113252, 0.40594902926611387], "(2, 1, 2, 2)": [0.15407485889290565, 0.23683948614708256, 0.4363822989979449, 0.29250510825463744, 0.7841502301423587, 0.6120387869072378, 0.41589145681571593, 0.9280365181912911, 0.6630169669431646, 0.6336449698650427, 0.7554930407212822], "(3, 3, 2, 3)": [0.3895937469556777, 0.24063347650490852, 0.493224753567575, 0.5150193567065836, 0.23278427158284057, 0.3759408157608751, 1.0933645712201108, 0.5885712317441144, 0.6792347427765948, 0.28209852900792753, 0.0], "(3, 3, 3, 3)": [1.5553830367090626, 1.631475835486445, 1.4322504084519565, 1.5891202886561466, 1.606937188609631, 1.709879130716974, 1.6040188673031988, 1.5944417510972781, 1.6609706994063087, 1.639037423185346, 1.409329453890269], "(3, 4, 3, 3)": [0.7197239759608146, 0.6134059580819106, 0.47252667137604387, 0.23801130196661668, -0.10302689354598862, 0.7681764119647764, 0.21667222619473958, 0.196140189863975, 0.5236195005822716, 0.6235588916681585, 0.582414383809102], "(2, 4, 3, 2)": [0.0, 0.0, 0.19280751325626716, 0.0, 0.0, 0.0, 0.0, 0.1007704859389927, 0.0, 0.11304626952920488, 0.0], "(3, 2, 3, 3)": [1.562224756200579, 1.5405464846759136, 1.4013344516937984, 1.6148497197165195, 1.5542164802199894, 1.636457405991363, 1.580532592628966, 1.65296031248692, 1.6949160924321494, 1.6838056053719537, 1.5609644682052322], "(3, 3, 3, 2)": [0.1762848328970652, 0.1550743799731541, 0.2734231239407015, 0.12478616459980914, 0.1458425562040404, 0.11154661940944069, 0.18109343849425993, 0.5177480924411826, 0.17274710942927435, 0.3683144500565042, 0.17559259543538155], "(3, 3, 2, 2)": [1.3678850180311155, 1.4960548475582829, 1.4814198844483877, 1.5927619457311675, 1.5567418335004097, 1.54578250732282, 1.2931793174669153, 1.4912195898869685, 1.4829209958694605, 1.1520351299358715, 1.522054842530235], "(3, 2, 2, 2)": [1.4817319055505747, 1.3662711719314915, 1.4487810755746768, 1.4460028920925232, 1.5372877134626304, 1.3405850417532976, 1.5141699120428542, 1.3554725867166355, 1.4372060975721734, 1.604607375385035, 1.3804419232448935], "(3, 2, 3, 2)": [0.5726813599480989, 0.6757856365095938, 0.534574507622281, 0.515924173340009, 0.5482111150452962, 0.5591737288113806, 0.6974332680731662, 0.9635700967895703, 0.7459527218899158, 1.1419968435623598, 0.6592545191074881], "(3, 1, 2, 2)": [0.495761072897098, 0.34611780109843415, 0.23359432773185773, 0.662309632626427, 0.5458911599712408, 0.3710608979873919, 0.19588877958048642, 0.424341978912236, 0.6837923307567836, 0.6167131070646441, 0.7530948984379001], "(3, 1, 3, 3)": [0.6503784040995497, 1.0128163338001417, 0.6934670186468467, 0.7134007493096377, 0.7878101712416704, 0.7902268992239415, 0.8720003926016973, 0.7995368698831624, 0.9118932047954038, 0.852069975554649, 1.0218715876560212], "(3, 1, 3, 2)": [0.35849017253180293, 0.4342719185123225, -0.023389131105600286, 0.35911964973127214, 0.08559436681121588, 0.33191881092757214, 0.0970797828050452, 0.469407695514356, 0.3402041617040741, 0.33142119016240157, 0.486999587021942], "(2, 2, 2, 2)": [1.6556673091709286, 1.6148320933826643, 1.5993960910243328, 1.6251728676404142, 1.6578309586079774, 1.711565373746422, 1.6425596711773216, 1.57840972775714, 1.6657227912900958, 1.6852257894224383, 1.653283557495775], "(2, 1, 2, 1)": [-0.21615041911602023, -0.19744257126344125, 0.0, -0.10452647303910555, 0.0, 0.08356128931045533, -0.159553271926553, -0.2227574348449707, 0.0, 0.0, 0.0], "(2, 2, 3, 3)": [1.6248361817675918, 1.5274031248716233, 1.5391741267385166, 1.6196227425792666, 1.532916834332242, 1.6632910245426369, 1.6798759102343184, 1.4825364806873815, 1.6616631905753165, 1.7398546606200813, 1.6423835923865673], "(3, 2, 2, 1)": [0.0, 0.0, 0.0, 0.0, 0.0, 0.0, 0.0, 0.0, 0.0, 0.09813767094910146, 0.0], "(3, 4, 2, 2)": [0.5684824319097169, 0.6274471385401219, 0.7330834796422478, 0.6239904889882038, 0.5653265913681222, 0.8566395810471719, 0.8347061177779972, 0.4936498915285803, 0.4429750757647174, 0.7788581586679686, 0.8784279985076242], "(3, 4, 2, 3)": [0.3729463855275277, 0.39128166172305334, 0.22409196719314003, 0.11575901663352359, 0.0, 0.09172630548477173, 0.383129624821627, 0.4026105992603443, 0.28513030897267744, 0.16926654371017713, 0.08505172407215263], "(2, 2, 2, 3)": [0.565565971818736, 0.17608023258462258, 0.262401902210574, 0.2572370363007369, 0.5608227627994099, 0.10454668699109182, 0.17153229782637838, 0.46706546940299853, 0.0, 0.0, 0.45634312209390937], "(2, 2, 3, 2)": [0.7696671260507498, 1.1845758687040147, 0.6542475664188971, 0.6279314994622863, 0.8571606630613321, 0.3895565563585888, 0.6930034337543864, 0.41306591437462503, 1.0904417316869728, 0.6562943892823414, 0.9446619597587627], "(3, 1, 2, 3)": [-0.2181438446044922, 0.08910718560218811, 0.0, 0.11016358733960036, 0.11447969793822382, 0.0, 0.11987281909247188, 0.0, 0.0, 0.12394057551807336, 0.0], "(2, 1, 3, 2)": [0.23140687526450265, 0.7516270156524354, 0.2571368784696064, 0.5453395477573288, 0.46594341434415304, 0.49495803499008484, 0.18814049382841858, 0.5521856825641055, 0.4218918816564112, 0.2119652642758567, 0.40523668394927426], "(3, 3, 3, 4)": [0.08124903884887696, 0.28099201794829287, 0.0, 0.12669864065286332, 0.25465090416853287, 0.0, 0.0, 0.1867685079574585, 0.10595006759150294, 0.1661139954019637, 0.09996749043464662], "(3, 4, 3, 2)": [0.0, 0.3820272707229698, 0.0, 0.0, 0.23486537439272237, 0.0, 0.0, 0.0, 0.1290743684037309, 0.10518011856517569, 0.0], "(2, 3, 3, 2)": [0.17074415517874827, 0.16205181184508222, 0.3347208603527031, 0.6164133196201735, 0.2237631247177196, 0.21398533887570614, 0.32399618018619075, 0.3964171503367479, 0.16915346135486084, 0.32058494037019547, 0.45653311792065954], "(2, 1, 2, 3)": [0.08531009032329706, 0.10150221348561482, 0.3021268086225598, 0.0, 0.12637935143840667, 0.16570199131965638, 0.08926671743392944, 0.0, 0.0, 0.0, 0.21861088636952036], "(3, 1, 2, 1)": [0.0, 0.0, -0.13159583389821436, 0.0, -0.17410361418311113, -0.21762680068612097, 0.08358548879623413, 0.0, 0.0, 0.0, 0.0], "(3, 4, 3, 4)": [-0.15159786255923702, 0.0, 0.0, 0.0, -0.3477177588211833, 0.0, -0.1790273815961312, -0.11591425895690921, 0.0, 0.0, -0.22229154109954835],