{"q_values": {"(2, 3, 2, 2)": [1.9690749478545702, 1.9794876760770004, 1.989142168761217, 1.9688770702949665, 1.9825196621806973, 1.977785403310412, 1.9801447026522756, 1.9782582688020494, 1.977060487354927, 1.9510982885409258, 1.9743556147720933], "(2, 3, 3, 3)": [1.9672844819722488, 1.9813514763850981, 1.9598266239157927, 1.9400153264003948, 1.9229565157974287, 1.9124610704098877, 1.9541145065797936, 1.9544660349128917, 1.9545314740576774, 1.936690063480321, 1.9353069668310512], "(2, 3, 2, 3)": [1.9819943094186339, 1.9675066305648683, 1.9696017873660991, 1.9704364303756208, 1.9688951069094993, 1.9564745752812815, 1.974079381300973, 1.947238501200483, 1.9572381356094706, 1.9684518086843081, 1.9530004439996385], "(2, 4, 3, 3)": [1.1380409026183644, 1.497223996202592, 1.2607450378154161, 1.2180885145397438, 0.9979557315925357, 0.9336714880027914, 0.977370200033556, 0.8873787570594089, 0.9702234276505939, 1.1344658739491964, 1.0491976469966728], "(2, 4, 2, 3)": [1.6376588412000392, 1.642487426707844, 1.7422891263087912, 1.6563930208131814, 1.4306669017565747, 1.413619513126601, 0.9788170291610514, 1.2546153545466918, 1.4476127821279356, 1.1323624358188318, 0.9607952697062638], "(2, 4, 2, 2)": [1.8193273024811982, 1.840621093137925, 1.8224459997348712, 1.817274754801065, 1.8263140700237634, 1.7981765268568572, 1.7700349990807496, 1.818185404402389, 1.701769147440771, 1.710836807925848, 1.7401216148192873], "(3, 2, 2, 3)": [1.7088208954857977, 1.8622538361552488, 1.7801905812035788, 1.9834623942766043, 1.8753067809115012, 1.7246590690873782, 1.8387348834293522, 1.8997217885616875, 1.7734657308445754, 1.8880017797390651, 1.9143391573150246], "(2, 1, 3, 3)": [1.5395305313511387, 1.5544249223436917, 1.797536743151568, 1.777637124220047, 1.7992768571277757, 1.8146459366148988, 1.824553206124048, 1.8132622041702056, 1.823704607249385, 1.8558263628752754, 1.8118595445845926], "(2, 1, 2, 2)": [0.5072991717369226, 0.897463028987784, 1.0955762868219012, 0.8266586089303454, 0.5972598291899007, 1.0377979780369426, 1.0035853681325466, 1.1204224639910794, 0.871258178564218, 1.0787280629602258, 1.6964860957260528], "(3, 3, 2, 3)": [1.985449757228368, 1.9671200087306457, 1.9610262050083995, 1.965833764028583, 1.9618217882627598, 1.9605394369945572, 1.9500072863496483, 1.9483583329053438, 1.9594868041240623, 1.9482217146293328, 1.905344405758674], "(3, 3, 3, 3)": [1.9520242591119845, 1.9471208616723048, 1.9878514763033617, 1.9658126042657253, 1.9261629588271283, 1.9516136682095737, 1.948066035402715, 1.9657888930051448, 1.9614553533342023, 1.9512964624130567, 1.883660826380462], "(3, 4, 3, 3)": [0.9003594822750297, 1.672118154142054, 1.1460160592025046, 1.0602427844539737, 0.9124018892755403, 1.0483369742754645, 1.1250667680617927, 0.7629817402917799, 0.4929320911869105, 0.9912532331339081, 0.791747273872351], "(2, 4, 3, 2)": [1.7606255026649165, 0.7871567571926461, 0.7416391990851747, 0.2371599615748596, 0.620000297729693, 0.523048690368149, 0.7063014067354546, 0.6370769679539247, 0.40553570872665146, 0.36381495810257486, 0.602462221577627], "(3, 2, 3, 3)": [1.9703125851428716, 1.9721633110749182, 1.9663821329641644, 1.9750632796950494, 1.9758386943206474, 1.9608106437816726, 1.9439928442091012, 1.975607617706131, 1.9761031727738378, 1.9666638619665835, 1.9730362780919346], "(3, 3, 3, 2)": [1.9828771010375446, 1.9829698270772558, 1.978672771948877, 1.9815000810812928, 1.9920867941592724, 1.9823882024262418, 1.981294251496987, 1.9824139993139607, 1.9773906667021146, 1.9770156354396244, 1.978649687064531], "(3, 3, 2, 2)": [1.9569105362024706, 1.9744350677026923, 1.9740662958330042, 1.9762044038921538, 1.9770895976493745, 1.9739925731675712, 1.9754967825816532, 1.990481405560102, 1.9744748545502564, 1.9771220714009117, 1.978181357435338], "(3, 2, 2, 2)": [1.947791248437842, 1.932961809956134, 1.9259902952612833, 1.937047770454393, 1.9244842245302634, 1.9510682272711746, 1.9464899101434696, 1.9529868065749196, 1.951728646235363, 1.939274857857914, 1.9490580933793193], "(3, 2, 3, 2)": [1.933665722179097, 1.9728117366181754, 1.9538107021903888, 1.9594905531973958, 1.9560442483946368, 1.963646064525872, 1.9684042694832782, 1.9635665438506562, 1.9612933947817222, 1.9811079766227238, 1.9732403268233736], "(3, 1, 2, 2)": [0.8944085739630226, 0.9717652593887128, 0.9567801552573385, 1.0971873018619975, 0.96374863243713, 0.4312484553413257, 1.0895449766134884, 1.1678468710811414, 1.0222395080067213, 0.9566693382165332, 1.484108924788112], "(3, 1, 3, 3)": [1.6583397328006313, 1.7679939258420942, 1.7292044405887321, 1.7342476519018515, 1.6935023835695713, 1.8142326039869348, 1.8377730012673843, 1.837058256933333, 1.8344186651652146, 1.8749096453064686, 1.825122631770002], "(3, 1, 3, 2)": [1.1096174014621374, 1.475644059310148, 0.5628999619974437, 1.4460872093171926, 1.4762847487220219, 1.488667418598169, 1.4203036010672527, 1.451769718907129, 1.4220097137736043, 1.3251473812179126, 1.6181667742173953], "(2, 2, 2, 2)": [1.9667808423737554, 1.9765793640543887, 1.9051512204069865, 1.975334354777447, 1.9690506027475336, 1.9765313338996273, 1.9764374621675354, 1.9598772348838622, 1.9711648439933167, 1.9765430741737082, 1.9687213114009732], "(2, 1, 2, 1)": [-0.5519733260432358, -0.08968683919604681, -0.43133139123726294, 0.24696665728325656, 0.03039758516943339, 0.0704419629140346, -0.31321817094978976, -0.049245852316655986, -0.31103697974053623, 0.3587322837862204, 0.697357591596278], "(2, 2, 3, 3)": [1.9770528100957678, 1.978384092400602, 1.9758731156688998, 1.972721717164243, 1.9783944158545321, 1.978104349831634, 1.9792371284379473, 1.97602486645146, 1.9729204204281037, 1.9450325828691972, 1.9797243037542733], "(3, 2, 2, 1)": [0.3513273262471458, 0.6661097395541331, 0.2231984623936723, 1.0575723403652255, 0.6572602042356779, 0.8114180872129302, 1.8454193217429522, 1.0059705784323842, 0.8951916455144633, 1.2699261231665675, 0.7865846785190042], "(3, 4, 2, 2)": [1.8828557729435538, 1.8371734713601435, 1.8477271276937808, 1.8390271686001154, 1.8405821351068032, 1.823895151877836, 1.7679864106521783, 1.7625962343337502, 1.73312800250521, 1.6336570408326057, 1.649317399671274], "(3, 4, 2, 3)": [1.6710273415266523, 1.7704925747420046, 1.633288796772455, 1.5304347417229183, 1.575626058219661, 0.9941313001209664, 1.5584066482299361, 1.4201981546451194, 1.3080174003026217, 1.1340645428238423, 1.1345825503101268], "(2, 2, 2, 3)": [1.979581530545428, 1.98403734253202, 1.9841403101066373, 1.9826508778892205, 1.9815993089176358, 1.9819835572038627, 1.9822752304203368, 1.9840793949093538, 1.98561693571629, 1.9797006713224794, 1.982663101991449], "(2, 2, 3, 2)": [1.9314737332698755, 1.9159914264161078, 1.928749835664493, 1.9556906668427636, 1.9497649387915346, 1.9406868476061223, 1.9443654092438316, 1.951993731536692, 1.9780536249932958, 1.9589845742321876, 1.9476043486143289], "(3, 1, 2, 3)": [0.23834527172136355, 0.7288380674965274, 0.6455139608048163, 0.11016358733960036, 0.38927471117280565, 0.2933264550918512, 0.4377145330748332, 0.34087434852256593, 1.718740903312187, 0.564077015848218, 0.17349748211673766], "(2, 1, 3, 2)": [1.3689293954399653, 1.1842389602021077, 1.3004411495804917, 1.4786004049014196, 1.478110950011356, 1.5051829794885907, 1.3678351339080213, 1.5627818516099472, 1.800409462923094, 1.6160787877010039, 1.56554265698708], "(3, 3, 3, 4)": [1.0649496654769088, 1.4774858708248053, 1.3723195323572845, 1.9106637723220794, 1.3512473659636317, 1.2515424129330648, 1.2559562650090876, 1.1615049849425205, 1.0454274112071371, 1.3264634558144122, 0.9846871332058166], "(3, 4, 3, 2)": [1.0797544093214628, 1.8375177999959644, 1.0770715945835414, 0.9563850797563084, 1.4356383853288694, 0.6636489038305058, 1.073088834412522, 0.7205744709976897, 0.9081291036894492, 0.679524180622511, 0.4644649430541476],