{"q_values": {"(2, 3, 2, 2)": [1.9082275472550678, 1.9578416682111037, 1.9624180842069154, 1.9541094530940526, 1.9690110785567654, 1.9635041818744883, 1.960371310677583, 1.962782020034459, 1.966299245299754, 1.9454535780326905, 1.9436153469938922], "(2, 3, 3, 3)": [1.9245980325235488, 1.889434359593483, 1.9154801188282145, 1.8603898742595575, 1.8680984074112592, 1.9072663924815243, 1.8636397514650547, 1.831170137518893, 1.9153610879543819, 1.8862442576830614, 1.8925221378628152], "(2, 3, 2, 3)": [1.9674421327863845, 1.9500265788077513, 1.9294481060321398, 1.9469393735287874, 1.9425606758626837, 1.9432239366071418, 1.9381011874504719, 1.8776818157968842, 1.9381882527448033, 1.931878950316831, 1.9218149942059697], "(2, 4, 3, 3)": [0.7449985997974351, 0.8123430389427798, 0.6988382884139801, 0.7099184640336236, 0.8375982905322739, 0.6215106787015162, 0.84156344825695, 0.5210015518624699, 0.9433825181586142, 0.7104661188476622, 0.6446988408884168], "(2, 4, 2, 3)": [1.507185423401735, 1.7592118621951554, 1.4843253549554407, 1.2193567859777643, 1.4636597064883945, 1.4700739038435158, 1.0806097819155274, 1.0222337662460597, 1.2086341824185445, 0.7493383550663426, 1.2524922050540281], "(2, 4, 2, 2)": [1.8082533506759069, 1.8033453920119118, 1.8246447042356095, 1.8219886964296863, 1.7806215744141232, 1.7915940538075101, 1.7818131309910625, 1.7668793366464244, 1.5975285337017575, 1.652662440166784, 1.6063136838764498], "(3, 2, 2, 3)": [1.215985575730089, 1.4987575588984088, 1.225933061947497, 1.9347724792608163, 1.3736333877928208, 1.2487970379368942, 1.2877099044076952, 1.5860609539364003, 1.4418468100549815, 1.7038784296265093, 1.3319587353172586], "(2, 1, 3, 3)": [1.6121742109139265, 1.6055511227645844, 1.7103772640359156, 1.7537390298434226, 1.7257298955927276, 1.7861133210356823, 1.807340540234485, 1.8333701914580594, 1.8144774543436502, 1.8107757397114563, 1.8148612210779664], "(2, 1, 2, 2)": [1.0054812804981186, 0.9995085620823986, 0.9541923830671482, 0.9233415423724655, 0.39420249157546794, 1.0312630534730278, 0.9482373869604641, 1.0596732824411716, 1.0843800438309037, 1.1069507655891164, 1.395533246727597], "(3, 3, 2, 3)": [1.821659050621928, 1.827613764097624, 1.8053107485179785, 1.8124386091796143, 1.8206421463797418, 1.7081555608537309, 1.7258888092565783, 1.8715168085946141, 1.850530749478075, 1.6105970198172812, 1.750066498987005], "(3, 3, 3, 3)": [1.9113630597468882, 1.9472708979636384, 1.9306358351599917, 1.908810729323556, 1.9284910864426157, 1.9141715922388955, 1.9462124468028557, 1.910486151773566, 1.9326987245746439, 1.8961486199682402, 1.8800896267517913], "(3, 4, 3, 3)": [1.0199148929957806, 1.0904915514461515, 1.2294781212840538, 1.083412923648376, 1.1826459591436236, 1.2065017728442997, 0.9430332251321017, 1.0818031943859234, 0.8864386255391851, 0.9616541185755295, 1.0117547983912678], "(2, 4, 3, 2)": [1.5011625939009028, 0.5524744655252929, 0.49391673824548155, 0.2371599615748596, 0.34516215474778933, 0.4405818165027251, 0.4431541128452327, 0.5217744376545546, 0.13528836296091612, 0.24570918449888995, 0.23340567279868274], "(3, 2, 3, 3)": [1.954431184812957, 1.9614217561651806, 1.9640668741419618, 1.9603983324559682, 1.9654000596535168, 1.956844198224247, 1.9604496317238802, 1.9616724886658272, 1.9563229795685648, 1.8589768281978176, 1.9452188540284465], "(3, 3, 3, 2)": [1.9729577521905783, 1.968069946704021, 1.9700758257991438, 1.9678727847194941, 1.963272612065243, 1.9707456173987536, 1.9572550349087963, 1.9654414279554808, 1.9573372396643594, 1.9602429912133938, 1.9195657231467], "(3, 3, 2, 2)": [1.9236232577716719, 1.8802209233026077, 1.9561321208133013, 1.9598249033576747, 1.9597685990775064, 1.9515888534279264, 1.9608031004070297, 1.9621379010754931, 1.9507070358292857, 1.9333809769676826, 1.952513933718792], "(3, 2, 2, 2)": [1.9231986352320094, 1.9127415518951234, 1.943305135204886, 1.898152651368604, 1.9252880001863308, 1.9280878010829214, 1.9458346426501456, 1.9553119096421328, 1.9547586991911763, 1.9196750677109435, 1.9546859797559772], "(3, 2, 3, 2)": [1.908746950919748, 1.91557969085624, 1.9350993569056019, 1.9517942165206423, 1.955091095306415, 1.9582632858241984, 1.9573146783688886, 1.938138030967652, 1.9543888023369498, 1.9574942493987133, 1.933952171458091], "(3, 1, 2, 2)": [0.9400821320340622, 1.1009229059005725, 0.9744460675338814, 0.9346708321459102, 1.1824143922570547, 1.1375969086941167, 1.1917215640018088, 0.7300819787644319, 1.4332356093307153, 1.0510593591484882, 1.139263903972286], "(3, 1, 3, 3)": [1.6413415383942445, 1.6381408498099386, 1.6235718828723265, 1.7022880028126703, 1.8075278758201276, 1.7997856376975987, 1.811590595100703, 1.797234756842786, 1.8242442168116408, 1.8067032433488581, 1.8096629088991159], "(3, 1, 3, 2)": [0.7286366353453366, 1.1135598566648304, 1.365440491261674, 1.1096130055977775, 1.3647474277503833, 1.4784699656284457, 1.3094258167944497, 1.5421911832780237, 1.664465839473978, 1.437078848970325, 1.5710949369464742], "(2, 2, 2, 2)": [1.9173656496521243, 1.9064388604978633, 1.9121322498197872, 1.8914875049092477, 1.8864705379832272, 1.8885897083137428, 1.903024455805481, 1.901208093975229, 1.890214455881288, 1.8927988576262065, 1.906904994062574], "(2, 1, 2, 1)": [-0.5519733260432358, -0.19744257126344125, -0.34357380208134003, 0.1482125116879608, 0.06524509186450118, 0.06479394345234182, -0.0807845250702251, -0.2227574348449707, -0.31103697974053623, 0.3796988184693877, 0.29593168495764977], "(2, 2, 3, 3)": [1.958761680658741, 1.9443891613046993, 1.955939222209631, 1.958510335783732, 1.9466710579309072, 1.968740283585244, 1.9556741248460765, 1.962693111763457, 1.9616095433982017, 1.9597400280351738, 1.89930272957848], "(3, 2, 2, 1)": [0.0, 0.31511637542835613, 0.12173477791094395, 0.5879278946164779, 0.20088696586543947, 0.7819666482004355, 1.6676107576916286, 0.6002045895776499, 0.6050790686303436, 0.9536895481725125, 0.6605784669803024], "(3, 4, 2, 2)": [1.8260082684580874, 1.83759694948877, 1.8236739220844944, 1.7899294618857553, 1.8053539366548115, 1.8463152941970493, 1.7523761222761425, 1.6416343390625545, 1.6920518712606583, 1.6309996086205858, 1.5797783569168409], "(3, 4, 2, 3)": [1.543450601729647, 1.778012050473266, 1.5325482967381738, 1.4257415181043072, 1.4438109010695686, 0.7225951488420295, 1.3803487435276922, 1.234443891707353, 1.0948487427776392, 1.0029595303086791, 0.9357541037592563], "(2, 2, 2, 3)": [1.9187386180681587, 1.9277387944414073, 1.946713383316765, 1.9232766458225454, 1.944905951952394, 1.9407094826277802, 1.9593960578161416, 1.9497299969376891, 1.950096237691779, 1.9685935262478267, 1.9495868837606785], "(2, 2, 3, 2)": [1.6772542106518733, 1.8576031321791402, 1.7309867966853378, 1.8310663615513763, 1.8069357406033881, 1.7575793902325272, 1.8581955495735099, 1.7718912821758035, 1.9575074503054777, 1.8830257172499623, 1.7895477070478676], "(3, 1, 2, 3)": [0.0906169092993036, 0.6456174761588022, 0.4159418213356717, 0.11016358733960036, 0.38927471117280565, 0.2933264550918512, 0.28442462702265814, 0.0, 1.4540495175435062, 0.564077015848218, 0.17349748211673766], "(2, 1, 3, 2)": [1.0038079710914811, 0.9168410446830789, 1.1907730947743356, 1.4169355705279634, 1.4039590224509948, 1.4397080052204987, 1.5649648066920283, 1.7390358257760645, 1.5321687732321587, 1.5051944596365292, 1.4347852587097294], "(3, 3, 3, 4)": [0.8460241355013233, 1.2150175986942704, 1.1258121972626798, 1.7248256051213755, 1.0559238272908953, 0.909297108539445, 0.7560267395357342, 0.7967253753695666, 0.5032141212456828, 0.835577845656063, 0.7048024628198682], "(3, 4, 3, 2)": [0.8104912055176567, 1.7657723089168682, 0.8992688174021808, 0.9563850797563084, 1.2386145377741908, 0.5422107602764719, 0.6610751734026385, 0.5339875776218141, 0.8004105764488654, 0.4848794589162376, 0.37601366744917497],