{"q_values": {"(2, 3, 2, 2)": [1.9691421139353724, 1.92585990265224, 1.9378324835415301, 1.9718843423108836, 1.970023363411905, 1.9705576037555128, 1.9666540889418362, 1.9558386693052452, 1.9735632749165284, 1.9707695516144403, 1.958467441256376], "(2, 3, 3, 3)": [1.9413663834530568, 1.9449425471661925, 1.9128017642428132, 1.963855269013016, 1.9199092293335749, 1.900584304077015, 1.9145257386514936, 1.9029089341331948, 1.8456257983363489, 1.9152105218039732, 1.9444535188018752], "(2, 3, 2, 3)": [1.9743182334157294, 1.9837303653846723, 1.9715883314916889, 1.9752740858541435, 1.9692001885643708, 1.9749570576690745, 1.9634183120275857, 1.9288778745805026, 1.9567935563334002, 1.9579232939265168, 1.9687499512642301], "(2, 4, 3, 3)": [1.0645855623323732, 1.5448116886255547, 1.1779395855569774, 1.2441434093056203, 1.1474415042089132, 0.6246524796343178, 1.036817403394808, 1.0361088826383895, 1.1397564021948627, 1.0349278140910418, 0.8878232853565207], "(2, 4, 2, 3)": [1.5974575411580427, 1.5720899969500386, 1.7544126022682245, 1.627445500355511, 1.4056593419649421, 1.369973215603102, 0.8872404585770565, 1.2004914784529925, 1.429838939958424, 1.0816746683090417, 0.9919645125028316], "(2, 4, 2, 2)": [1.8367279587316518, 1.8486700910817526, 1.8212259635298338, 1.8306619458007656, 1.836706377042472, 1.797124543898023, 1.6993311753995153, 1.7724046759607464, 1.7482960008153108, 1.707163596524921, 1.6959317920767694], "(3, 2, 2, 3)": [1.6773198921238552, 1.8360215013639278, 1.7595578368210647, 1.9736176000641112, 1.7564506612886204, 1.6629629939721473, 1.7840070328098498, 1.86660569597997, 1.7495914062516185, 1.8880017797390651, 1.8902059914973957], "(2, 1, 3, 3)": [1.4520855286415792, 1.5589443582925273, 1.779357283474007, 1.7904280470368887, 1.8257812024230569, 1.8311999338286475, 1.826923701765875, 1.8307474442726248, 1.8133244430413342, 1.8462999002654659, 1.8313856613797492], "(2, 1, 2, 2)": [0.4970170770496072, 1.0565104684660263, 1.043251537842958, 0.934122277986614, 0.9277831584056278, 0.9362820568626653, 1.5872199746636875, 1.1563367260594264, 0.7182631169923415, 0.6687261812375209, 1.064800677763873], "(3, 3, 2, 3)": [1.9634414604880592, 1.959161416637111, 1.9834324974913384, 1.9596846034762263, 1.9479026735410014, 1.9483973767894174, 1.9453533830116845, 1.9393092027801682, 1.9510445657477082, 1.9248033405311349, 1.9145953114477845], "(3, 3, 3, 3)": [1.9750997519214424, 1.9780973022328356, 1.9610968870502847, 1.976745658512883, 1.9696409192186237, 1.9740922474139673, 1.9693828477175153, 1.9554806494477963, 1.9647979113436056, 1.9661150382042556, 1.9674477368379806], "(3, 4, 3, 3)": [0.812357890246409, 1.2273406249854657, 1.4299600651070739, 1.229125531911045, 0.6025048651726002, 1.166301548284121, 0.9794592940805915, 0.49413446529140637, 0.24194912943070268, 1.1643856120346567, 0.9657918828778077], "(2, 4, 3, 2)": [1.7607627858154322, 0.7871567571926461, 0.7416391990851747, 0.2371599615748596, 0.620000297729693, 0.523048690368149, 0.7063014067354546, 0.6370769679539247, 0.40553570872665146, 0.36381495810257486, 0.602462221577627], "(3, 2, 3, 3)": [1.9729161182325734, 1.9754529822465976, 1.9726018009917912, 1.9711933407147275, 1.9751771839616996, 1.9737090904998293, 1.9726992520686166, 1.9708239620790013, 1.9757907726231274, 1.9781927695609616, 1.9432623794787216], "(3, 3, 3, 2)": [1.9808793672876426, 1.9885259291120485, 1.9775064478513498, 1.9758688568966059, 1.9807797358309993, 1.9740437823478272, 1.9699734626287546, 1.9775793934117274, 1.98155665823479, 1.9777383243553754, 1.9789410065693318], "(3, 3, 2, 2)": [1.9323630017138367, 1.9856925385967958, 1.985047499906661, 1.9781573790293223, 1.978359894982752, 1.9846849839078216, 1.9809140075353175, 1.9847666130302248, 1.9841901961563209, 1.9849160187373078, 1.983146217194275], "(3, 2, 2, 2)": [1.9404723214033073, 1.9592313745681786, 1.8925174866019923, 1.9396480172946435, 1.9359207546180217, 1.9180697787167196, 1.8460440377296912, 1.9619868630608395, 1.9648636018696979, 1.964945641730808, 1.9454539751129403], "(3, 2, 3, 2)": [1.949953784388196, 1.9562371821006181, 1.936574400854192, 1.9353977322025777, 1.9619053713454293, 1.9674491856028693, 1.9673700815763375, 1.9662147643306973, 1.9672998391602008, 1.9646351784913363, 1.968193622171825], "(3, 1, 2, 2)": [1.0432418215126857, 1.033296942773548, 0.8990300511642844, 1.0971873018619975, 1.0835556170623062, 0.5219579943586404, 1.0895449766134884, 0.9661697863776781, 1.2188105860406218, 1.2367783164974255, 1.232094747531776], "(3, 1, 3, 3)": [1.678106343093322, 1.7297627665942228, 1.7634515889567102, 1.7237566900255203, 1.7283870819802938, 1.8174939900255929, 1.8184996767879136, 1.8235772853295777, 1.8240789229486682, 1.8376861368497177, 1.8310223874845557], "(3, 1, 3, 2)": [1.3684500097518681, 1.4631498922885462, 0.4295506257806292, 1.4036455001118744, 1.4664455269770595, 1.4336562076508734, 1.4203036010672527, 1.3183641458748878, 1.6785946955743676, 1.2677587501712617, 1.4958322978578438], "(2, 2, 2, 2)": [1.9326837159887456, 1.9274389524639186, 1.9555768958017612, 1.959757664180678, 1.919609506227618, 1.954990214692036, 1.895300906346086, 1.9403881117203765, 1.9589200699992668, 1.9557784878136515, 1.9588938136812], "(2, 1, 2, 1)": [-0.5519733260432358, -0.08968683919604681, -0.43133139123726294, 0.24696665728325656, -0.06886408135388962, 0.0704419629140346, -0.31321817094978976, 0.09132821921131751, -0.31103697974053623, 0.3587322837862204, 0.697357591596278], "(2, 2, 3, 3)": [1.971246050368247, 1.9716198712515212, 1.971577009589001, 1.9712778840670844, 1.961752802211124, 1.9674758415443871, 1.972759406731144, 1.9630337988694468, 1.968399830921183, 1.9693565819047674, 1.9719194194900296], "(3, 2, 2, 1)": [0.3513273262471458, 0.6661097395541331, 0.2231984623936723, 1.0462950363806398, 0.5170283011025295, 0.8114180872129302, 1.8170984532871186, 1.0059705784323842, 0.8136775020552036, 1.2699261231665675, 0.7865846785190042], "(3, 4, 2, 2)": [1.8787590932209508, 1.8177971600815046, 1.8335859195124302, 1.8272170858945724, 1.813252360484795, 1.827654676720067, 1.7511582591463113, 1.7062807701074776, 1.773951097344204, 1.6238964532550126, 1.6893570666268347], "(3, 4, 2, 3)": [1.6710273415266523, 1.7794238964329625, 1.6113052269477925, 1.5304347417229183, 1.575626058219661, 0.9941313001209664, 1.5242594245559087, 1.3353484882561486, 1.2886634364941119, 1.0756768586265004, 1.1345825503101268], "(2, 2, 2, 3)": [1.975376427353773, 1.9745813736014621, 1.9792445174070992, 1.9846217698909454, 1.9860843953165925, 1.9842064192508335, 1.9850935090390922, 1.9849899016002401, 1.979967240284072, 1.981273166569717, 1.9809070487562648], "(2, 2, 3, 2)": [1.892678204674337, 1.9366458094554133, 1.9245005767587706, 1.9555090384883715, 1.9528190019373886, 1.9210226010299027, 1.9413965488906655, 1.9531403444917672, 1.9563085944982146, 1.965356111865184, 1.939162389219858], "(3, 1, 2, 3)": [0.23834527172136355, 0.7288380674965274, 0.6455139608048163, 0.11016358733960036, 0.38927471117280565, 0.2933264550918512, 0.4377145330748332, 0.34087434852256593, 1.700785835572128, 0.564077015848218, 0.17349748211673766], "(2, 1, 3, 2)": [1.3689293954399653, 1.1842389602021077, 1.2944273580321255, 1.4786004049014196, 1.478110950011356, 1.5051829794885907, 1.3678351339080213, 1.5627818516099472, 1.7935774787164744, 1.5569045778046915, 1.56554265698708], "(3, 3, 3, 4)": [1.0649496654769088, 1.4774858708248053, 1.3063284119904135, 1.8322583832110388, 1.3512473659636317, 1.2515424129330648, 1.1452486014723118, 1.1254952945662207, 1.0066024697630873, 1.3126990211277556, 0.9918063326544092], "(3, 4, 3, 2)": [0.9952029725053828, 1.8298446479126884, 1.0770715945835414, 0.9563850797563084, 1.4356383853288694, 0.6636489038305058, 1.0382619500457493, 0.7205744709976897, 0.9081291036894492, 0.5825379609831027, 0.4644649430541476],